Species	Group	TaxID	TaxName	superkingdom	kingdom	phylum	class	order	family	genus
ASG001	Asgard									
ASG003	Asgard									
ASG004	Asgard									
ASG005	Asgard									
ASG006	Asgard									
ASG007	Asgard									
ASG008	Asgard									
ASG009	Asgard									
ASG010	Asgard									
ASG011	Asgard									
ASG012	Asgard									
ASG013	Asgard									
ASG014	Asgard									
ASG030	Asgard									
ASG031	Asgard									
ASG032	Asgard									
ASG033	Asgard									
ASG034	Asgard									
ASG035	Asgard									
ASG036	Asgard									
ASG037	Asgard									
ASG042	Asgard									
ASG043	Asgard									
ASG044	Asgard									
ASG045	Asgard									
ASG046	Asgard									
ASG047	Asgard									
ASG048	Asgard									
ASG049	Asgard									
ASG050	Asgard									
ASG051	Asgard									
ASG052	Asgard									
ASG053	Asgard									
ASG054	Asgard									
ASG055	Asgard									
ASG056	Asgard									
ASG057	Asgard									
ASG058	Asgard									
ASG059	Asgard									
ASG060	Asgard									
ASG061	Asgard									
ASG062	Asgard									
ASG063	Asgard									
ASG064	Asgard									
ASG065	Asgard									
ASG066	Asgard									
ASG067	Asgard									
ASG068	Asgard									
ASG069	Asgard									
ASG070	Asgard									
ASG071	Asgard									
ASG072	Asgard									
ASG073	Asgard									
ASG074	Asgard									
ASG075	Asgard									
ASG076	Asgard									
ASG077	Asgard									
ASG078	Asgard									
ASG079	Asgard									
ASG080	Asgard									
ASG081	Asgard									
ASG082	Asgard									
ASG083	Asgard									
ASG084	Asgard									
ASG085	Asgard									
ASG086	Asgard									
ASG087	Asgard									
ASG088	Asgard									
ASG089	Asgard									
ASG090	Asgard									
ASG091	Asgard									
ASG092	Asgard									
ASG093	Asgard									
ASG094	Asgard									
ASG095	Asgard									
ASG096	Asgard									
ASG097	Asgard									
ASG098	Asgard									
ASG099	Asgard									
ASG100	Asgard									
ASG101	Asgard									
ASG102	Asgard									
ASG103	Asgard									
ASG104	Asgard									
ASG105	Asgard									
ASG106	Asgard									
ASG107	Asgard									
ASG108	Asgard									
ASG109	Asgard									
ASG110	Asgard									
ASG111	Asgard									
ASG112	Asgard									
ASG113	Asgard									
ASG114	Asgard									
ASG115	Asgard									
ASG116	Asgard									
ASG117	Asgard									
ASG118	Asgard									
ASG119	Asgard									
ASG120	Asgard									
ASG121	Asgard									
ASG122	Asgard									
ASG123	Asgard									
ASG124	Asgard									
ASG125	Asgard									
ASG126	Asgard									
ASG127	Asgard									
ASG128	Asgard									
ASG129	Asgard									
ASG130	Asgard									
ASG131	Asgard									
ASG132	Asgard									
ASG133	Asgard									
ASG134	Asgard									
ASG135	Asgard									
ASG136	Asgard									
ASG137	Asgard									
ASG138	Asgard									
ASG139	Asgard									
ASG140	Asgard									
ASG141	Asgard									
ASG142	Asgard									
ASG143	Asgard									
ASG144	Asgard									
ASG145	Asgard									
ASG146	Asgard									
ASG147	Asgard									
ASG148	Asgard									
ASG149	Asgard									
ASG150	Asgard									
ASG151	Asgard									
ASG152	Asgard									
ASG153	Asgard									
ASG154	Asgard									
ASG155	Asgard									
ASG156	Asgard									
ASG157	Asgard									
ASG158	Asgard									
ASG159	Asgard									
ASG160	Asgard									
ASG161	Asgard									
ASG162	Asgard									
ASG163	Asgard									
ASG164	Asgard									
ASG165	Asgard									
ASG166	Asgard									
ASG167	Asgard									
ASG168	Asgard									
ASG169	Asgard									
ASG170	Asgard									
ASG171	Asgard									
ASG172	Asgard									
ASG173	Asgard									
ASG174	Asgard									
ASG175	Asgard									
ASG176	Asgard									
ASG177	Asgard									
ASG178	Asgard									
ASG179	Asgard									
ASG180	Asgard									
ASG181	Asgard									
ASG182	Asgard									
ASG183	Asgard									
ASG184	Asgard									
ASG185	Asgard									
ASG186	Asgard									
ASG187	Asgard									
ASG188	Asgard									
ASG189	Asgard									
ASG190	Asgard									
ASG191	Asgard									
ASG192	Asgard									
ASG193	Asgard									
ASG194	Asgard									
ASG195	Asgard									
ASG196	Asgard									
ASG197	Asgard									
ASG198	Asgard									
ASG199	Asgard									
ASG200	Asgard									
ASG201	Asgard									
ASG202	Asgard									
ASG203	Asgard									
ASG204	Asgard									
ASG205	Asgard									
ASG206	Asgard									
ASG207	Asgard									
ASG208	Asgard									
ASG209	Asgard									
ASG210	Asgard									
ASG232	Asgard									
ASG233	Asgard									
ASG235	Asgard									
ASG237	Asgard									
ASG242	Asgard									
ASG243	Asgard									
ASG244	Asgard									
ASG245	Asgard									
ASG246	Asgard									
ASG247	Asgard									
ASG249	Asgard									
ASG250	Asgard									
ASG251	Asgard									
ASG252	Asgard									
ASG253	Asgard									
ASG254	Asgard									
ASG255	Asgard									
ASG256	Asgard									
ASG257	Asgard									
ASG258	Asgard									
ASG259	Asgard									
ASG260	Asgard									
ASG261	Asgard									
ASG262	Asgard									
ASG263	Asgard									
ASG264	Asgard									
ASG265	Asgard									
ASG266	Asgard									
ASG267	Asgard									
ASG268	Asgard									
ASG269	Asgard									
ASG270	Asgard									
ASG271	Asgard									
ASG272	Asgard									
ASG273	Asgard									
ASG274	Asgard									
ASG275	Asgard									
ASG276	Asgard									
ASG277	Asgard									
ASG278	Asgard									
ASG279	Asgard									
ASG280	Asgard									
ASG281	Asgard									
ASG282	Asgard									
ASG283	Asgard									
ASG284	Asgard									
ASG285	Asgard									
ASG286	Asgard									
ASG287	Asgard									
ASG288	Asgard									
ASG289	Asgard									
ASG290	Asgard									
ASG291	Asgard									
ASG292	Asgard									
ASG293	Asgard									
ASG294	Asgard									
ASG295	Asgard									
ASG296	Asgard									
ASG297	Asgard									
ASG298	Asgard									
ASG299	Asgard									
ASG300	Asgard									
ASG301	Asgard									
ASG302	Asgard									
ASG303	Asgard									
ASG304	Asgard									
ASG305	Asgard									
ASG306	Asgard									
ASG307	Asgard									
ASG308	Asgard									
ASG309	Asgard									
ASG310	Asgard									
ASG311	Asgard									
ASG312	Asgard									
ASG313	Asgard									
ASG314	Asgard									
ASG315	Asgard									
ASG316	Asgard									
ASG317	Asgard									
ASG318	Asgard									
ASG319	Asgard									
ASG320	Asgard									
ASG321	Asgard									
ASG322	Asgard									
ASG323	Asgard									
ASG324	Asgard									
ASG325	Asgard									
ASG326	Asgard									
ASG327	Asgard									
ASG328	Asgard									
ASG329	Asgard									
ASG330	Asgard									
ASG331	Asgard									
ASG332	Asgard									
ASG333	Asgard									
ASG334	Asgard									
ASG335	Asgard									
ASG336	Asgard									
ASG338	Asgard									
ASG339	Asgard									
ASG340	Asgard									
ASG341	Asgard									
ASG342	Asgard									
ASG347	Asgard									
ASG349	Asgard									
ASG354	Asgard									
ASG361	Asgard									
ASG364	Asgard									
ASG366	Asgard									
ASG387	Asgard									
ASG391	Asgard									
ASG392	Asgard									
ASG393	Asgard									
ASG394	Asgard									
ASG395	Asgard									
ASG396	Asgard									
ASG397	Asgard									
ASG398	Asgard									
ASG399	Asgard									
ASG400	Asgard									
ASG401	Asgard									
ASG402	Asgard									
ASG403	Asgard									
ASG404	Asgard									
ASG405	Asgard									
ASG406	Asgard									
ASG407	Asgard									
ASG408	Asgard									
ASG409	Asgard									
ASG410	Asgard									
ASG411	Asgard									
ASG412	Asgard									
ASG417	Asgard									
ASG418	Asgard									
ASG419	Asgard									
ASG420	Asgard									
ASG421	Asgard									
ASG422	Asgard									
ASG423	Asgard									
ASG424	Asgard									
ASG425	Asgard									
ASG426	Asgard									
ASG427	Asgard									
ASG428	Asgard									
ASG429	Asgard									
ASG430	Asgard									
ASG431	Asgard									
ASG432	Asgard									
ASG433	Asgard									
ASG434	Asgard									
ASG435	Asgard									
ASG436	Asgard									
ASG437	Asgard									
ASG438	Asgard									
ASG439	Asgard									
ASG440	Asgard									
ASG441	Asgard									
ASG442	Asgard									
ASG443	Asgard									
ASG444	Asgard									
ASG445	Asgard									
ASG446	Asgard									
ASG447	Asgard									
ASG448	Asgard									
ASG449	Asgard									
ASG450	Asgard									
ASG451	Asgard									
ASG452	Asgard									
ASG453	Asgard									
ASG454	Asgard									
ASG455	Asgard									
ASG456	Asgard									
ASG457	Asgard									
ASG458	Asgard									
ASG467	Asgard									
ASG468	Asgard									
ASG469	Asgard									
ASG470	Asgard									
ASG472	Asgard									
ASG473	Asgard									
ASG474	Asgard									
ASG475	Asgard									
ASG476	Asgard									
ASG477	Asgard									
ASG478	Asgard									
ASG479	Asgard									
ASG480	Asgard									
ASG481	Asgard									
ASG482	Asgard									
ASG483	Asgard									
ASG484	Asgard									
ASG485	Asgard									
ASG486	Asgard									
ASG487	Asgard									
ASG488	Asgard									
ASG489	Asgard									
ASG490	Asgard									
ASG491	Asgard									
ASG492	Asgard									
ASG493	Asgard									
ASG494	Asgard									
ASG495	Asgard									
ASG496	Asgard									
ASG497	Asgard									
ASG498	Asgard									
ASG499	Asgard									
ASG500	Asgard									
ASG501	Asgard									
ASG502	Asgard									
ASG503	Asgard									
ASG504	Asgard									
ASG505	Asgard									
ASG506	Asgard									
ASG507	Asgard									
ASG508	Asgard									
ASG509	Asgard									
ASG510	Asgard									
ASG511	Asgard									
ASG512	Asgard									
ASG513	Asgard									
ASG514	Asgard									
ASG515	Asgard									
ASG516	Asgard									
ASG517	Asgard									
ASG518	Asgard									
ASG519	Asgard									
ASG520	Asgard									
ASG521	Asgard									
ASG523	Asgard									
ASG524	Asgard									
ASG525	Asgard									
ASG526	Asgard									
ASG528	Asgard									
ASG529	Asgard									
Aaosphaeria_arxii_CBS_175.79	Fungi	1450172	Aaosphaeria arxii CBS 175.79	Eukaryota	Fungi	Ascomycota	Dothideomycetes	Pleosporales		Aaosphaeria
Abarenicola_pacifica	Metazoa	273052	Abarenicola pacifica	Eukaryota	Metazoa	Annelida	Polychaeta		Arenicolidae	Abarenicola
Abeliophyllum_distichum	angiosperms	126358	Abeliophyllum distichum	Eukaryota	Viridiplantae	Streptophyta	Magnoliopsida	Lamiales	Oleaceae	Abeliophyllum
Abeoforma_whisleri	Protists	749232	Abeoforma whisleri	Eukaryota			Ichthyosporea	Ichthyophonida		Abeoforma
Abortiporus_biennis	Fungi	137743	Abortiporus biennis	Eukaryota	Fungi	Basidiomycota	Agaricomycetes	Polyporales	Podoscyphaceae	Abortiporus
Abrus_precatorius	angiosperms	3816	Abrus precatorius	Eukaryota	Viridiplantae	Streptophyta	Magnoliopsida	Fabales	Fabaceae	Abrus
Absidia_cylindrospora	Fungi	213030	Absidia cylindrospora	Eukaryota	Fungi	Mucoromycota	Mucoromycetes	Mucorales	Cunninghamellaceae	Absidia
Absidia_glauca	Fungi	4829	Absidia glauca	Eukaryota	Fungi	Mucoromycota	Mucoromycetes	Mucorales	Cunninghamellaceae	Absidia
Absidia_repens	Fungi	90262	Absidia repens	Eukaryota	Fungi	Mucoromycota	Mucoromycetes	Mucorales	Cunninghamellaceae	Absidia
Acacia_confusa	angiosperms	3809	Acacia confusa	Eukaryota	Viridiplantae	Streptophyta	Magnoliopsida	Fabales	Fabaceae	Acacia
Acacia_crassicarpa	angiosperms	499986	Acacia crassicarpa	Eukaryota	Viridiplantae	Streptophyta	Magnoliopsida	Fabales	Fabaceae	Acacia
Acacia_pycnantha	angiosperms	880440	Acacia pycnantha	Eukaryota	Viridiplantae	Streptophyta	Magnoliopsida	Fabales	Fabaceae	Acacia
Acanthochitona_crinita	Metazoa	126420	Acanthochitona crinita	Eukaryota	Metazoa	Mollusca	Polyplacophora	Chitonida	Acanthochitonidae	Acanthochitona
Acanthoeca_spectabilis	Protists	81533	Acanthoeca spectabilis	Eukaryota			Choanoflagellata	Acanthoecida	Acanthoecidae	Acanthoeca
Acanthoecidae_sp_10tr	Protists									
Acanthopleura_gemmata	Metazoa	167016	Acanthopleura gemmata	Eukaryota	Metazoa	Mollusca	Polyplacophora	Chitonida	Chitonidae	Acanthopleura
Acanthopleura_granulata	Metazoa	61363	Acanthopleura granulata	Eukaryota	Metazoa	Mollusca	Polyplacophora	Chitonida	Chitonidae	Acanthopleura
Acaromyces_ingoldii	Fungi	215250	Acaromyces ingoldii	Eukaryota	Fungi	Basidiomycota	Exobasidiomycetes	Exobasidiales	Cryptobasidiaceae	Acaromyces
Acaulospora_colombiana	Fungi	27376	Acaulospora colombiana	Eukaryota	Fungi	Glomeromycota	Glomeromycetes	Diversisporales	Acaulosporaceae	Acaulospora
Acaulospora_morrowiae	Fungi	94023	Acaulospora morrowiae	Eukaryota	Fungi	Glomeromycota	Glomeromycetes	Diversisporales	Acaulosporaceae	Acaulospora
Acephala_macrosclerotiorum	Fungi	886606	Acephala macrosclerotiorum	Eukaryota	Fungi	Ascomycota	Leotiomycetes	Helotiales	Mollisiaceae	Acephala
Acer_negundo	angiosperms	4023	Acer negundo	Eukaryota	Viridiplantae	Streptophyta	Magnoliopsida	Sapindales	Sapindaceae	Acer
Acer_pseudosieboldianum	angiosperms	47968	Acer pseudosieboldianum	Eukaryota	Viridiplantae	Streptophyta	Magnoliopsida	Sapindales	Sapindaceae	Acer
Acer_saccharum	angiosperms	4024	Acer saccharum	Eukaryota	Viridiplantae	Streptophyta	Magnoliopsida	Sapindales	Sapindaceae	Acer
Acer_truncatum	angiosperms	47965	Acer truncatum	Eukaryota	Viridiplantae	Streptophyta	Magnoliopsida	Sapindales	Sapindaceae	Acer
Acer_yangbiense	angiosperms	1000413	Acer yangbiense	Eukaryota	Viridiplantae	Streptophyta	Magnoliopsida	Sapindales	Sapindaceae	Acer
Acerentomon_sp._AD-2013	Metazoa	1323558	Acerentomon sp. AD-2013	Eukaryota	Metazoa	Arthropoda	Protura	Acerentomata	Acerentomidae	Acerentomon
Acetes_chinensis	Metazoa	439396	Acetes chinensis	Eukaryota	Metazoa	Arthropoda	Malacostraca	Decapoda	Sergestidae	Acetes
Achaetomium_macrosporum	Fungi	79813	Achaetomium macrosporum	Eukaryota	Fungi	Ascomycota	Sordariomycetes	Sordariales	Chaetomiaceae	Achaetomium
Achatina/Lissachatina_immaculata	Metazoa	2605667	Achatina immaculata	Eukaryota	Metazoa	Mollusca	Gastropoda	Stylommatophora	Achatinidae	Achatina
Achlya_hypogyna	Protists	1202772	Achlya hypogyna	Eukaryota		Oomycota	Saprolegniomycetes	Saprolegniales	Achlyaceae	Achlya
Acipenser_ruthenus	Metazoa	7906	Acipenser ruthenus	Eukaryota	Metazoa	Chordata	Actinopteri	Acipenseriformes	Acipenseridae	Acipenser
Acopauropus_ornatus	Metazoa	1820145	Acopauropus ornatus	Eukaryota	Metazoa	Arthropoda	Pauropoda	Tetramerocerata	Eurypauropodidae	Acopauropus
Acorus_calamus	angiosperms	4465	Acorus calamus	Eukaryota	Viridiplantae	Streptophyta	Magnoliopsida	Acorales	Acoraceae	Acorus
Acorus_gramineus	angiosperms	55184	Acorus gramineus	Eukaryota	Viridiplantae	Streptophyta	Magnoliopsida	Acorales	Acoraceae	Acorus
Acrobeloides_nanus	Metazoa	290746	Acrobeloides nanus	Eukaryota	Metazoa	Nematoda	Chromadorea	Rhabditida	Cephalobidae	Acrobeloides
Acrodontium_crateriforme	Fungi	150365	Acrodontium crateriforme	Eukaryota	Fungi	Ascomycota	Dothideomycetes	Mycosphaerellales	Teratosphaeriaceae	Acrodontium
Acropsopilio_neozelandiae	Metazoa	1954383	Acropsopilio neozelandiae	Eukaryota	Metazoa	Arthropoda	Arachnida	Opiliones	Caddidae	Acropsopilio
Actinia_tenebrosa	Metazoa	6105	Actinia tenebrosa	Eukaryota	Metazoa	Cnidaria	Anthozoa	Actiniaria	Actiniidae	Actinia
Actinidia_arguta	angiosperms	64478	Actinidia arguta	Eukaryota	Viridiplantae	Streptophyta	Magnoliopsida	Ericales	Actinidiaceae	Actinidia
Actinidia_chinensis	angiosperms	3625	Actinidia chinensis	Eukaryota	Viridiplantae	Streptophyta	Magnoliopsida	Ericales	Actinidiaceae	Actinidia
Actinidia_cylindrica	angiosperms	165704	Actinidia cylindrica	Eukaryota	Viridiplantae	Streptophyta	Magnoliopsida	Ericales	Actinidiaceae	Actinidia
Actinidia_deliciosa	angiosperms	3627	Actinidia deliciosa	Eukaryota	Viridiplantae	Streptophyta	Magnoliopsida	Ericales	Actinidiaceae	Actinidia
Actinidia_eriantha	angiosperms	165200	Actinidia eriantha	Eukaryota	Viridiplantae	Streptophyta	Magnoliopsida	Ericales	Actinidiaceae	Actinidia
Actinidia_hemsleyana	angiosperms	165707	Actinidia hemsleyana	Eukaryota	Viridiplantae	Streptophyta	Magnoliopsida	Ericales	Actinidiaceae	Actinidia
Actinidia_latifolia	angiosperms	165711	Actinidia latifolia	Eukaryota	Viridiplantae	Streptophyta	Magnoliopsida	Ericales	Actinidiaceae	Actinidia
Actinidia_macrosperma	angiosperms	165712	Actinidia macrosperma	Eukaryota	Viridiplantae	Streptophyta	Magnoliopsida	Ericales	Actinidiaceae	Actinidia
Actinidia_polygama	angiosperms	64480	Actinidia polygama	Eukaryota	Viridiplantae	Streptophyta	Magnoliopsida	Ericales	Actinidiaceae	Actinidia
Actinidia_rufa	angiosperms	165716	Actinidia rufa	Eukaryota	Viridiplantae	Streptophyta	Magnoliopsida	Ericales	Actinidiaceae	Actinidia
Actinidia_zhejiangensis	angiosperms	165720	Actinidia zhejiangensis	Eukaryota	Viridiplantae	Streptophyta	Magnoliopsida	Ericales	Actinidiaceae	Actinidia
Actinomortierella_ambigua	Fungi	1343610	Actinomortierella ambigua	Eukaryota	Fungi	Mortierellomycota	Mortierellomycetes	Mortierellales	Mortierellaceae	Actinomortierella
Actinomortierella_wolfii	Fungi	90253	Actinomortierella wolfii	Eukaryota	Fungi	Mortierellomycota	Mortierellomycetes	Mortierellales	Mortierellaceae	Actinomortierella
Acyrthosiphon_pisum	Metazoa	7029	Acyrthosiphon pisum	Eukaryota	Metazoa	Arthropoda	Insecta	Hemiptera	Aphididae	Acyrthosiphon
Adiantum_capillusveneris	pteridophyte	13818	Adiantum capillus-veneris	Eukaryota	Viridiplantae	Streptophyta	Polypodiopsida	Polypodiales	Pteridaceae	Adiantum
Adineta_vaga	Metazoa	104782	Adineta vaga	Eukaryota	Metazoa	Rotifera	Eurotatoria	Adinetida	Adinetidae	Adineta
Aedes_aegypti	Metazoa	7159	Aedes aegypti	Eukaryota	Metazoa	Arthropoda	Insecta	Diptera	Culicidae	Aedes
Aegilops_comosa	angiosperms	4485	Aegilops comosa	Eukaryota	Viridiplantae	Streptophyta	Magnoliopsida	Poales	Poaceae	Aegilops
Aegilops_geniculata	angiosperms	130459	Aegilops geniculata	Eukaryota	Viridiplantae	Streptophyta	Magnoliopsida	Poales	Poaceae	Aegilops
Aegilops_speltoides	angiosperms	4573	Aegilops speltoides	Eukaryota	Viridiplantae	Streptophyta	Magnoliopsida	Poales	Poaceae	Aegilops
Aegilops_tauschii	angiosperms	200361	Aegilops tauschii subsp. strangulata	Eukaryota	Viridiplantae	Streptophyta	Magnoliopsida	Poales	Poaceae	Aegilops
Aegista_chejuensis	Metazoa	1399158	Aegista chejuensis	Eukaryota	Metazoa	Mollusca	Gastropoda	Stylommatophora	Camaenidae	Aegista
Aeolosoma_sp.	Metazoa	55817	Aeolosoma sp.	Eukaryota	Metazoa	Annelida	Clitellata	Crassiclitellata	Aeolosomatidae	Aeolosoma
Agaricus_bisporus_var._bisporus_H97	Fungi	936046	Agaricus bisporus var. bisporus H97	Eukaryota	Fungi	Basidiomycota	Agaricomycetes	Agaricales	Agaricaceae	Agaricus
Agarophyton_chilense	Rhodophyta	2510777	Agarophyton chilense	Eukaryota		Rhodophyta	Florideophyceae	Gracilariales	Gracilariaceae	Agarophyton
Agathotanais_misakiensis	Metazoa	2823062	Agathotanais misakiensis	Eukaryota	Metazoa	Arthropoda	Malacostraca	Tanaidacea	Agathotanaidae	Agathotanais
Ageratina_adenophora	angiosperms	176616	Ageratina adenophora	Eukaryota	Viridiplantae	Streptophyta	Magnoliopsida	Asterales	Asteraceae	Ageratina
Agrocybe_chaxingu	Fungi	84603	Agrocybe chaxingu	Eukaryota	Fungi	Basidiomycota	Agaricomycetes	Agaricales	Agrocybaceae	Agrocybe
Agrocybe_pediades	Fungi	84607	Agrocybe pediades	Eukaryota	Fungi	Basidiomycota	Agaricomycetes	Agaricales	Agrocybaceae	Agrocybe
Agyrium_rufum	Fungi	443868	Agyrium rufum	Eukaryota	Fungi	Ascomycota	Lecanoromycetes	Pertusariales	Pertusariaceae	Agyrium
Ajuga_decumbens	angiosperms	167911	Ajuga decumbens	Eukaryota	Viridiplantae	Streptophyta	Magnoliopsida	Lamiales	Lamiaceae	Ajuga
Akanthomyces_lecanii_RCEF_1005	Fungi	1081108	Akanthomyces lecanii RCEF 1005	Eukaryota	Fungi	Ascomycota	Sordariomycetes	Hypocreales	Cordycipitaceae	Akanthomyces
Akanthomyces_muscarius	Fungi	2231603	Akanthomyces muscarius	Eukaryota	Fungi	Ascomycota	Sordariomycetes	Hypocreales	Cordycipitaceae	Akanthomyces
Akebia_trifoliata	angiosperms	155132	Akebia trifoliata	Eukaryota	Viridiplantae	Streptophyta	Magnoliopsida	Ranunculales	Lardizabalaceae	Akebia
Albizia_julibrissin	angiosperms	3813	Albizia julibrissin	Eukaryota	Viridiplantae	Streptophyta	Magnoliopsida	Fabales	Fabaceae	Albizia
Alcyonidium_sp._KMK-2022	Metazoa	2969545	Alcyonidium sp. KMK-2022	Eukaryota	Metazoa	Bryozoa	Gymnolaemata	Ctenostomatida	Alcyonidiidae	Alcyonidium
Alderia_modesta	Metazoa	369574	Alderia modesta	Eukaryota	Metazoa	Mollusca	Gastropoda		Limapontiidae	Alderia
Alectoria_fallacina	Fungi	1903189	Alectoria fallacina	Eukaryota	Fungi	Ascomycota	Lecanoromycetes	Lecanorales	Parmeliaceae	Alectoria
Alexandromenia_crassa	Metazoa	1638916	Alexandromenia crassa	Eukaryota	Metazoa	Mollusca	Solenogastres	Cavibelonia	Amphimeniidae	Alexandromenia
Alinda_biplicata	Metazoa	1290020	Alinda biplicata	Eukaryota	Metazoa	Mollusca	Gastropoda	Stylommatophora	Clausiliidae	Alinda
Alipes_grandidieri	Metazoa	1257097	Alipes grandidieri	Eukaryota	Metazoa	Arthropoda	Chilopoda	Scolopendromorpha	Scolopendridae	Alipes
Alitta_virens	Metazoa	880429	Alitta virens	Eukaryota	Metazoa	Annelida	Polychaeta	Phyllodocida	Nereididae	Alitta
Alligator_sinensis	Metazoa	38654	Alligator sinensis	Eukaryota	Metazoa	Chordata		Crocodylia	Alligatoridae	Alligator
Allium_cepa	angiosperms	4679	Allium cepa	Eukaryota	Viridiplantae	Streptophyta	Magnoliopsida	Asparagales	Amaryllidaceae	Allium
Allium_fistulosum	angiosperms	35875	Allium fistulosum	Eukaryota	Viridiplantae	Streptophyta	Magnoliopsida	Asparagales	Amaryllidaceae	Allium
Allodorylaimus	Metazoa	288449	Allodorylaimus	Eukaryota	Metazoa	Nematoda	Enoplea	Dorylaimida	Qudsianematidae	
Allomyces_arbusculus	Fungi	64504	Allomyces arbusculus	Eukaryota	Fungi	Blastocladiomycota	Blastocladiomycetes	Blastocladiales	Blastocladiaceae	Allomyces
Allomyces_javanicus	Fungi	64505	Allomyces javanicus	Eukaryota	Fungi	Blastocladiomycota	Blastocladiomycetes	Blastocladiales	Blastocladiaceae	Allomyces
Allomyces_macrogynus_ATCC_38327	Fungi	578462	Allomyces macrogynus ATCC 38327	Eukaryota	Fungi	Blastocladiomycota	Blastocladiomycetes	Blastocladiales	Blastocladiaceae	Allomyces
Alnus_glutinosa	angiosperms	3517	Alnus glutinosa	Eukaryota	Viridiplantae	Streptophyta	Magnoliopsida	Fagales	Betulaceae	Alnus
Alopecurus_aequalis	angiosperms	114194	Alopecurus aequalis	Eukaryota	Viridiplantae	Streptophyta	Magnoliopsida	Poales	Poaceae	Alopecurus
Alsophila_spinulosa	pteridophyte	204586	Alsophila spinulosa	Eukaryota	Viridiplantae	Streptophyta	Polypodiopsida	Cyatheales	Cyatheaceae	Alsophila
Alternaria_alternata	Fungi	5599	Alternaria alternata	Eukaryota	Fungi	Ascomycota	Dothideomycetes	Pleosporales	Pleosporaceae	Alternaria
Alternaria_arborescens	Fungi	156630	Alternaria arborescens	Eukaryota	Fungi	Ascomycota	Dothideomycetes	Pleosporales	Pleosporaceae	Alternaria
Alternaria_arbusti	Fungi	232088	Alternaria arbusti	Eukaryota	Fungi	Ascomycota	Dothideomycetes	Pleosporales	Pleosporaceae	Alternaria
Alternaria_atra	Fungi	119953	Alternaria atra	Eukaryota	Fungi	Ascomycota	Dothideomycetes	Pleosporales	Pleosporaceae	Alternaria
Alternaria_burnsii	Fungi	1187904	Alternaria burnsii	Eukaryota	Fungi	Ascomycota	Dothideomycetes	Pleosporales	Pleosporaceae	Alternaria
Alternaria_conjuncta	Fungi	181017	Alternaria conjuncta	Eukaryota	Fungi	Ascomycota	Dothideomycetes	Pleosporales	Pleosporaceae	Alternaria
Alternaria_dauci	Fungi	48095	Alternaria dauci	Eukaryota	Fungi	Ascomycota	Dothideomycetes	Pleosporales	Pleosporaceae	Alternaria
Alternaria_ethzedia	Fungi	181014	Alternaria ethzedia	Eukaryota	Fungi	Ascomycota	Dothideomycetes	Pleosporales	Pleosporaceae	Alternaria
Alternaria_gaisen	Fungi	167740	Alternaria gaisen	Eukaryota	Fungi	Ascomycota	Dothideomycetes	Pleosporales	Pleosporaceae	Alternaria
Alternaria_hordeiaustralica	Fungi	1187925	Alternaria hordeiaustralica	Eukaryota	Fungi	Ascomycota	Dothideomycetes	Pleosporales	Pleosporaceae	Alternaria
Alternaria_incomplexa	Fungi	1187928	Alternaria incomplexa	Eukaryota	Fungi	Ascomycota	Dothideomycetes	Pleosporales	Pleosporaceae	Alternaria
Alternaria_infectoria	Fungi	45303	Alternaria infectoria	Eukaryota	Fungi	Ascomycota	Dothideomycetes	Pleosporales	Pleosporaceae	Alternaria
Alternaria_metachromatica	Fungi	283354	Alternaria metachromatica	Eukaryota	Fungi	Ascomycota	Dothideomycetes	Pleosporales	Pleosporaceae	Alternaria
Alternaria_novae-zelandiae	Fungi	430562	Alternaria novae-zelandiae	Eukaryota	Fungi	Ascomycota	Dothideomycetes	Pleosporales	Pleosporaceae	Alternaria
Alternaria_novaezelandiae	Fungi	430562	Alternaria novae-zelandiae	Eukaryota	Fungi	Ascomycota	Dothideomycetes	Pleosporales	Pleosporaceae	Alternaria
Alternaria_panax	Fungi	48097	Alternaria panax	Eukaryota	Fungi	Ascomycota	Dothideomycetes	Pleosporales	Pleosporaceae	Alternaria
Alternaria_postmessia	Fungi	1187938	Alternaria postmessia	Eukaryota	Fungi	Ascomycota	Dothideomycetes	Pleosporales	Pleosporaceae	Alternaria
Alternaria_rosae	Fungi	1187941	Alternaria rosae	Eukaryota	Fungi	Ascomycota	Dothideomycetes	Pleosporales	Pleosporaceae	Alternaria
Alternaria_triticimaculans	Fungi	297637	Alternaria triticimaculans	Eukaryota	Fungi	Ascomycota	Dothideomycetes	Pleosporales	Pleosporaceae	Alternaria
Alternaria_ventricosa	Fungi	1187951	Alternaria ventricosa	Eukaryota	Fungi	Ascomycota	Dothideomycetes	Pleosporales	Pleosporaceae	Alternaria
Alternaria_viburni	Fungi	566460	Alternaria viburni	Eukaryota	Fungi	Ascomycota	Dothideomycetes	Pleosporales	Pleosporaceae	Alternaria
Alvinella_pompejana	Metazoa	6376	Alvinella pompejana	Eukaryota	Metazoa	Annelida	Polychaeta	Terebellida	Alvinellidae	Alvinella
Alyxoria_varia	Fungi	91480	Alyxoria varia	Eukaryota	Fungi	Ascomycota	Arthoniomycetes	Arthoniales	Lecanographaceae	Alyxoria
Amanita_brunnescens_Koide_BX004	Fungi	1457509	Amanita brunnescens Koide BX004	Eukaryota	Fungi	Basidiomycota	Agaricomycetes	Agaricales	Amanitaceae	Amanita
Amanita_inopinata_Kibby_2008	Fungi	1457513	Amanita inopinata Kibby_2008	Eukaryota	Fungi	Basidiomycota	Agaricomycetes	Agaricales	Amanitaceae	Amanita
Amanita_muscaria	Fungi	41956	Amanita muscaria	Eukaryota	Fungi	Basidiomycota	Agaricomycetes	Agaricales	Amanitaceae	Amanita
Amanita_phalloides	Fungi	67723	Amanita phalloides	Eukaryota	Fungi	Basidiomycota	Agaricomycetes	Agaricales	Amanitaceae	Amanita
Amanita_polypyramis_BW_CC	Fungi	1457511	Amanita polypyramis BW_CC	Eukaryota	Fungi	Basidiomycota	Agaricomycetes	Agaricales	Amanitaceae	Amanita
Amanita_thiersii_Skay4041	Fungi	703135	Amanita thiersii Skay4041	Eukaryota	Fungi	Basidiomycota	Agaricomycetes	Agaricales	Amanitaceae	Amanita
Amaranthus_hypochondriacus	angiosperms	28502	Amaranthus hypochondriacus	Eukaryota	Viridiplantae	Streptophyta	Magnoliopsida	Caryophyllales	Amaranthaceae	Amaranthus
Amaranthus_tricolor	angiosperms	29722	Amaranthus tricolor	Eukaryota	Viridiplantae	Streptophyta	Magnoliopsida	Caryophyllales	Amaranthaceae	Amaranthus
Ambigolimax_valentianus	Metazoa	1338344	Ambigolimax valentianus	Eukaryota	Metazoa	Mollusca	Gastropoda	Stylommatophora	Limacidae	Ambigolimax
Ambispora_gerdemannii	Fungi	144530	Ambispora gerdemannii	Eukaryota	Fungi	Glomeromycota	Glomeromycetes	Archaeosporales	Ambisporaceae	Ambispora
Ambispora_leptoticha	Fungi	144679	Ambispora leptoticha	Eukaryota	Fungi	Glomeromycota	Glomeromycetes	Archaeosporales	Ambisporaceae	Ambispora
Amblyomma_americanum	Metazoa	6943	Amblyomma americanum	Eukaryota	Metazoa	Arthropoda	Arachnida	Ixodida	Ixodidae	Amblyomma
Amblyopyrum_muticum	angiosperms	3118280	Amblyopyrum muticum var. muticum	Eukaryota	Viridiplantae	Streptophyta	Magnoliopsida	Poales	Poaceae	Amblyopyrum
Amblyraja_radiata	Metazoa	386614	Amblyraja radiata	Eukaryota	Metazoa	Chordata	Chondrichthyes	Rajiformes	Rajidae	Amblyraja
Amborella_trichopoda	angiosperms	13333	Amborella trichopoda	Eukaryota	Viridiplantae	Streptophyta	Magnoliopsida	Amborellales	Amborellaceae	Amborella
Ambrosia_artemisiifolia	angiosperms	4212	Ambrosia artemisiifolia	Eukaryota	Viridiplantae	Streptophyta	Magnoliopsida	Asterales	Asteraceae	Ambrosia
Ameiurus_melas	Metazoa	219545	Ameiurus melas	Eukaryota	Metazoa	Chordata	Actinopteri	Siluriformes	Ictaluridae	Ameiurus
Amia_calva	Metazoa	7924	Amia calva	Eukaryota	Metazoa	Chordata	Actinopteri	Amiiformes	Amiidae	Amia
Amniculicola_lignicola_CBS_123094	Fungi	1392246	Amniculicola lignicola CBS 123094	Eukaryota	Fungi	Ascomycota	Dothideomycetes	Pleosporales	Amniculicolaceae	Amniculicola
Amoebidium_parasiticum	Protists	4881	Amoebidium parasiticum	Eukaryota			Ichthyosporea	Ichthyophonida	Amoebidiaceae	Amoebidium
Amorphochlora_amoebiformis	Protists	1561963	Amorphochlora amoebiformis	Eukaryota		Cercozoa	Chlorarachniophyceae			Amorphochlora
Amorphotheca_resinae_ATCC_22711	Fungi	857342	Amorphotheca resinae ATCC 22711	Eukaryota	Fungi	Ascomycota	Leotiomycetes	Helotiales	Amorphothecaceae	Amorphotheca
Ampelocalamus_luodianensis	angiosperms	387595	Ampelocalamus luodianensis	Eukaryota	Viridiplantae	Streptophyta	Magnoliopsida	Poales	Poaceae	Ampelocalamus
Amphibalanus_amphitrite	Metazoa	1232801	Amphibalanus amphitrite	Eukaryota	Metazoa	Arthropoda	Thecostraca	Balanomorpha	Balanidae	Amphibalanus
Amphichorda_felina	Fungi	37994	Amphichorda felina	Eukaryota	Fungi	Ascomycota	Sordariomycetes	Hypocreales	Bionectriaceae	Amphichorda
Amphidinium_carterae	Protists	2961	Amphidinium carterae	Eukaryota			Dinophyceae	Amphidiniales	Amphidiniaceae	Amphidinium
Amphiduros_fuscescens	Metazoa	1209993	Amphiduros pacificus	Eukaryota	Metazoa	Annelida	Polychaeta	Phyllodocida	Hesionidae	Amphiduros
Amphimedon_queenslandica	Metazoa	400682	Amphimedon queenslandica	Eukaryota	Metazoa	Porifera	Demospongiae	Haplosclerida	Niphatidae	Amphimedon
Amphimeniidae_sp.	Metazoa	2137300	Amphimeniidae sp. KK-2018	Eukaryota	Metazoa	Mollusca	Solenogastres	Cavibelonia	Amphimeniidae	
Amphiporus_lactifloreus	Metazoa	187594	Amphiporus lactifloreus	Eukaryota	Metazoa	Nemertea	Enopla	Monostilifera	Amphiporidae	Amphiporus
Amphizoa_insolens	Metazoa	107775	Amphizoa insolens	Eukaryota	Metazoa	Arthropoda	Insecta	Coleoptera	Amphizoidae	Amphizoa
Amylocarpus_encephaloides	Fungi	45428	Amylocarpus encephaloides	Eukaryota	Fungi	Ascomycota	Leotiomycetes	Helotiales		Amylocarpus
Amylocystis_lapponica	Fungi	202700	Amylocystis lapponica	Eukaryota	Fungi	Basidiomycota	Agaricomycetes	Polyporales	Postiaceae	Amylocystis
Amylostereum_chailletii	Fungi	55340	Amylostereum chailletii	Eukaryota	Fungi	Basidiomycota	Agaricomycetes	Russulales	Stereaceae	Amylostereum
Anabas_testudineus	Metazoa	64144	Anabas testudineus	Eukaryota	Metazoa	Chordata	Actinopteri	Anabantiformes	Anabantidae	Anabas
Anaeromyces_robustus	Fungi	1754192	Anaeromyces robustus	Eukaryota	Fungi	Neocallimastigomycota	Neocallimastigomycetes	Neocallimastigales	Neocallimastigaceae	Anaeromyces
Anamobaea_orstedii	Metazoa	2733422	Anamobaea orstedii	Eukaryota	Metazoa	Annelida	Polychaeta	Sabellida	Sabellidae	Anamobaea
Ananas_comosus	angiosperms	4615	Ananas comosus	Eukaryota	Viridiplantae	Streptophyta	Magnoliopsida	Poales	Bromeliaceae	Ananas
Anaplectus_granulosus	Metazoa	2072756	Anaplectus granulosus	Eukaryota	Metazoa	Nematoda	Chromadorea	Plectida	Plectidae	Anaplectus
Anaulaciulus_tonginus	Metazoa	2850401	Anaulaciulus tonginus	Eukaryota	Metazoa	Arthropoda	Diplopoda	Julida	Julidae	Anaulaciulus
Anchistropus_emarginatus	Metazoa	423250	Anchistropus emarginatus	Eukaryota	Metazoa	Arthropoda	Branchiopoda	Diplostraca	Chydoridae	Anchistropus
Ancistrocladus_abbreviatus	angiosperms	122295	Ancistrocladus abbreviatus	Eukaryota	Viridiplantae	Streptophyta	Magnoliopsida	Caryophyllales	Ancistrocladaceae	Ancistrocladus
Andrographis_paniculata	angiosperms	175694	Andrographis paniculata	Eukaryota	Viridiplantae	Streptophyta	Magnoliopsida	Lamiales	Acanthaceae	Andrographis
Androsace_septentrionalis	angiosperms	184985	Androsace septentrionalis	Eukaryota	Viridiplantae	Streptophyta	Magnoliopsida	Ericales	Primulaceae	Androsace
Androsace_vitaliana	angiosperms	175111	Androsace vitaliana	Eukaryota	Viridiplantae	Streptophyta	Magnoliopsida	Ericales	Primulaceae	Androsace
Androsace_wulfeniana	angiosperms	229462	Androsace wulfeniana	Eukaryota	Viridiplantae	Streptophyta	Magnoliopsida	Ericales	Primulaceae	Androsace
Anentome_helena	Metazoa	1912881	Anentome helena	Eukaryota	Metazoa	Mollusca	Gastropoda	Neogastropoda	Nassariidae	Anentome
Angophora_floribunda	angiosperms	34308	Angophora floribunda	Eukaryota	Viridiplantae	Streptophyta	Magnoliopsida	Myrtales	Myrtaceae	Angophora
Anguilla_anguilla	Metazoa	7936	Anguilla anguilla	Eukaryota	Metazoa	Chordata	Actinopteri	Anguilliformes	Anguillidae	Anguilla
Anisodus_acutangulus	angiosperms	402998	Anisodus acutangulus	Eukaryota	Viridiplantae	Streptophyta	Magnoliopsida	Solanales	Solanaceae	Anisodus
Anisodus_tanguticus	angiosperms	243964	Anisodus tanguticus	Eukaryota	Viridiplantae	Streptophyta	Magnoliopsida	Solanales	Solanaceae	Anisodus
Anncaliia_algerae_PRA339	Fungi	1288291	Anncaliia algerae PRA339	Eukaryota	Fungi	Microsporidia			Tubulinosematidae	Anncaliia
Anneissia_japonica	Metazoa	1529436	Anneissia japonica	Eukaryota	Metazoa	Echinodermata	Crinoidea	Comatulida	Comatulidae	Anneissia
Annulohypoxylon_bovei_var._microspora	Fungi	326617	Annulohypoxylon bovei var. microspora	Eukaryota	Fungi	Ascomycota	Sordariomycetes	Xylariales	Hypoxylaceae	Annulohypoxylon
Annulohypoxylon_maeteangense	Fungi	1927788	Annulohypoxylon maeteangense	Eukaryota	Fungi	Ascomycota	Sordariomycetes	Xylariales	Hypoxylaceae	Annulohypoxylon
Annulohypoxylon_moriforme	Fungi	326622	Annulohypoxylon moriforme	Eukaryota	Fungi	Ascomycota	Sordariomycetes	Xylariales	Hypoxylaceae	Annulohypoxylon
Annulohypoxylon_nitens	Fungi	326626	Annulohypoxylon nitens	Eukaryota	Fungi	Ascomycota	Sordariomycetes	Xylariales	Hypoxylaceae	Annulohypoxylon
Annulohypoxylon_truncatum	Fungi	327061	Annulohypoxylon truncatum	Eukaryota	Fungi	Ascomycota	Sordariomycetes	Xylariales	Hypoxylaceae	Annulohypoxylon
Anopheles_gambiae	Metazoa	7165	Anopheles gambiae	Eukaryota	Metazoa	Arthropoda	Insecta	Diptera	Culicidae	Anopheles
Anopheles_merus	Metazoa	30066	Anopheles merus	Eukaryota	Metazoa	Arthropoda	Insecta	Diptera	Culicidae	Anopheles
Anoplodactylus_insignis	Metazoa	1842456	Anoplodactylus insignis	Eukaryota	Metazoa	Arthropoda	Pycnogonida	Pantopoda	Phoxichilidiidae	Anoplodactylus
Anopsobius_giribeti	Metazoa	269517	Anopsobius giribeti	Eukaryota	Metazoa	Arthropoda	Chilopoda	Lithobiomorpha	Henicopidae	Anopsobius
Antalis_entalis	Metazoa	211836	Antalis entalis	Eukaryota	Metazoa	Mollusca	Scaphopoda	Dentaliida	Dentaliidae	Antalis
Anthoceros_agrestis	bryophytes	41834	Anthoceros agrestis	Eukaryota	Viridiplantae	Streptophyta	Anthocerotopsida	Anthocerotales	Anthocerotaceae	Anthoceros
Anthoceros_fusiformis	bryophytes	400545	Anthoceros fusiformis	Eukaryota	Viridiplantae	Streptophyta	Anthocerotopsida	Anthocerotales	Anthocerotaceae	Anthoceros
Anthoceros_punctatus	bryophytes	3234	Anthoceros punctatus	Eukaryota	Viridiplantae	Streptophyta	Anthocerotopsida	Anthocerotales	Anthocerotaceae	Anthoceros
Anthostomella_pinea	Fungi	933095	Anthostomella pinea	Eukaryota	Fungi	Ascomycota	Sordariomycetes	Xylariales	Xylariaceae	Anthostomella
Antiaris_toxicaria	angiosperms	241857	Antiaris toxicaria	Eukaryota	Viridiplantae	Streptophyta	Magnoliopsida	Rosales	Moraceae	Antiaris
Antirrhinum_hispanicum	angiosperms	49039	Antirrhinum hispanicum	Eukaryota	Viridiplantae	Streptophyta	Magnoliopsida	Lamiales	Plantaginaceae	Antirrhinum
Antirrhinum_majus	angiosperms	4151	Antirrhinum majus	Eukaryota	Viridiplantae	Streptophyta	Magnoliopsida	Lamiales	Plantaginaceae	Antirrhinum
Antrodiella_citrinella	Fungi	2447956	Antrodiella citrinella	Eukaryota	Fungi	Basidiomycota	Agaricomycetes	Polyporales	Steccherinaceae	Antrodiella
Antygomonas_paulae	Metazoa	1564067	Antygomonas paulae	Eukaryota	Metazoa	Kinorhyncha	Cyclorhagida		Antygomonidae	Antygomonas
Anurida_maritima	Metazoa	64695	Anurida maritima	Eukaryota	Metazoa	Arthropoda	Collembola	Poduromorpha	Neanuridae	Anurida
Aoraki_denticulata	Metazoa	526530	Aoraki denticulata	Eukaryota	Metazoa	Arthropoda	Arachnida	Opiliones	Pettalidae	Aoraki
Apachyus_charteceus	Metazoa	1323532	Apachyus charteceus	Eukaryota	Metazoa	Arthropoda	Insecta	Dermaptera	Apachyidae	Apachyus
Apatococcus_fuscideae	chlorophyta	2026836	Apatococcus fuscideae	Eukaryota	Viridiplantae	Chlorophyta	Trebouxiophyceae	Chlorellales	Chlorellaceae	Apatococcus
Apatococcus_lobatus	chlorophyta	904363	Apatococcus lobatus	Eukaryota	Viridiplantae	Chlorophyta	Trebouxiophyceae	Chlorellales	Chlorellaceae	Apatococcus
Aphanocladium_album	Fungi	12942	Aphanocladium album	Eukaryota	Fungi	Ascomycota	Sordariomycetes	Hypocreales		Aphanocladium
Aphanoconia_osumiense	Metazoa	2950572	Aphanoconia osumiense	Eukaryota	Metazoa	Mollusca	Gastropoda	Cycloneritida	Helicinidae	Aphanoconia
Aphanomyces_astaci	Protists	112090	Aphanomyces astaci	Eukaryota		Oomycota	Saprolegniomycetes	Saprolegniales	Verrucalvaceae	Aphanomyces
Aphanomyces_cochlioides	Protists	112091	Aphanomyces cochlioides	Eukaryota		Oomycota	Saprolegniomycetes	Saprolegniales	Verrucalvaceae	Aphanomyces
Aphanomyces_euteiches	Protists	100861	Aphanomyces euteiches	Eukaryota		Oomycota	Saprolegniomycetes	Saprolegniales	Verrucalvaceae	Aphanomyces
Aphanomyces_invadans	Protists	157072	Aphanomyces invadans	Eukaryota		Oomycota	Saprolegniomycetes	Saprolegniales	Verrucalvaceae	Aphanomyces
Aphanomyces_stellatus	Protists	120398	Aphanomyces stellatus	Eukaryota		Oomycota	Saprolegniomycetes	Saprolegniales	Verrucalvaceae	Aphanomyces
Aphelenchus_avenae	Metazoa	70226	Aphelenchus avenae	Eukaryota	Metazoa	Nematoda	Chromadorea	Rhabditida	Aphelenchidae	Aphelenchus
Apios_americana	angiosperms	185702	Apios americana	Eukaryota	Viridiplantae	Streptophyta	Magnoliopsida	Fabales	Fabaceae	Apios
Apios_priceana	angiosperms	254393	Apios priceana	Eukaryota	Viridiplantae	Streptophyta	Magnoliopsida	Fabales	Fabaceae	Apios
Apiosordaria_backusii	Fungi	314023	Apiosordaria backusii	Eukaryota	Fungi	Ascomycota	Sordariomycetes	Sordariales	Lasiosphaeriaceae	Apiosordaria
Apiospora_arundinis	Fungi	335852	Apiospora arundinis	Eukaryota	Fungi	Ascomycota	Sordariomycetes	Amphisphaeriales	Apiosporaceae	Apiospora
Apiospora_aurea	Fungi	335848	Apiospora aurea	Eukaryota	Fungi	Ascomycota	Sordariomycetes	Amphisphaeriales	Apiosporaceae	Apiospora
Apiospora_hydei	Fungi	1337664	Apiospora hydei	Eukaryota	Fungi	Ascomycota	Sordariomycetes	Amphisphaeriales	Apiosporaceae	Apiospora
Apiospora_kogelbergensis	Fungi	1337665	Apiospora kogelbergensis	Eukaryota	Fungi	Ascomycota	Sordariomycetes	Amphisphaeriales	Apiosporaceae	Apiospora
Apiospora_marii	Fungi	335849	Apiospora marii	Eukaryota	Fungi	Ascomycota	Sordariomycetes	Amphisphaeriales	Apiosporaceae	Apiospora
Apiospora_phragmitis	Fungi	2905665	Apiospora phragmitis	Eukaryota	Fungi	Ascomycota	Sordariomycetes	Amphisphaeriales	Apiosporaceae	Apiospora
Apiospora_rasikravindrae	Fungi	990691	Apiospora rasikravindrae	Eukaryota	Fungi	Ascomycota	Sordariomycetes	Amphisphaeriales	Apiosporaceae	Apiospora
Apiospora_saccharicola	Fungi	335842	Apiospora saccharicola	Eukaryota	Fungi	Ascomycota	Sordariomycetes	Amphisphaeriales	Apiosporaceae	Apiospora
Apiotrichum_porosum	Fungi	105984	Apiotrichum porosum	Eukaryota	Fungi	Basidiomycota	Tremellomycetes	Trichosporonales	Trichosporonaceae	Apiotrichum
Apis_mellifera	Metazoa	7460	Apis mellifera	Eukaryota	Metazoa	Arthropoda	Insecta	Hymenoptera	Apidae	Apis
Apium_graveolens	angiosperms	4045	Apium graveolens	Eukaryota	Viridiplantae	Streptophyta	Magnoliopsida	Apiales	Apiaceae	Apium
Aplosporella_prunicola_CBS_121167	Fungi	1176127	Aplosporella prunicola CBS 121167	Eukaryota	Fungi	Ascomycota	Dothideomycetes	Botryosphaeriales	Aplosporellaceae	Aplosporella
Aplysiopsis_enteromorphae	Metazoa	649608	Aplysiopsis	Eukaryota	Metazoa	Mollusca	Gastropoda		Limapontiidae	
Apocyclops_royi	Metazoa	298420	Apocyclops royi	Eukaryota	Metazoa	Arthropoda	Copepoda	Cyclopoida	Cyclopidae	Apocyclops
Apocynum_pictum	angiosperms	377126	Apocynum pictum	Eukaryota	Viridiplantae	Streptophyta	Magnoliopsida	Gentianales	Apocynaceae	Apocynum
Apodomenia_enigmatica	Metazoa	2138613	Apodomenia enigmatica	Eukaryota	Metazoa	Mollusca	Solenogastres		Apodomeniidae	Apodomenia
Apodospora_peruviana	Fungi	516989	Apodospora peruviana	Eukaryota	Fungi	Ascomycota	Sordariomycetes	Sordariales	Lasiosphaeriaceae	Apodospora
Apolpium_sp._MCZ_144360	Metazoa	2590504	Apolpium sp. MCZ 144360	Eukaryota	Metazoa	Arthropoda	Arachnida	Pseudoscorpiones	Olpiidae	Apolpium
Apophysomyces_ossiformis	Fungi	679940	Apophysomyces ossiformis	Eukaryota	Fungi	Mucoromycota	Mucoromycetes	Mucorales	Mucoraceae	Apophysomyces
Apostasia_shenzhenica	angiosperms	1088818	Apostasia shenzhenica	Eukaryota	Viridiplantae	Streptophyta	Magnoliopsida	Asparagales	Orchidaceae	Apostasia
Aposthonia_japonica	Metazoa	911381	Aposthonia japonica	Eukaryota	Metazoa	Arthropoda	Insecta	Embioptera	Oligotomidae	Aposthonia
Aquilegia_coerulea	angiosperms	218851	Aquilegia coerulea	Eukaryota	Viridiplantae	Streptophyta	Magnoliopsida	Ranunculales	Ranunculaceae	Aquilegia
Arabidopsis_arenicola	angiosperms	347883	Arabidopsis arenicola	Eukaryota	Viridiplantae	Streptophyta	Magnoliopsida	Brassicales	Brassicaceae	Arabidopsis
Arabidopsis_arenosa	angiosperms	38785	Arabidopsis arenosa	Eukaryota	Viridiplantae	Streptophyta	Magnoliopsida	Brassicales	Brassicaceae	Arabidopsis
Arabidopsis_halleri	angiosperms	81970	Arabidopsis halleri	Eukaryota	Viridiplantae	Streptophyta	Magnoliopsida	Brassicales	Brassicaceae	Arabidopsis
Arabidopsis_lyrata	angiosperms	81972	Arabidopsis lyrata subsp. lyrata	Eukaryota	Viridiplantae	Streptophyta	Magnoliopsida	Brassicales	Brassicaceae	Arabidopsis
Arabidopsis_suecica	angiosperms	45249	Arabidopsis suecica	Eukaryota	Viridiplantae	Streptophyta	Magnoliopsida	Brassicales	Brassicaceae	Arabidopsis
Arabidopsis_thaliana	angiosperms	3702	Arabidopsis thaliana	Eukaryota	Viridiplantae	Streptophyta	Magnoliopsida	Brassicales	Brassicaceae	Arabidopsis
Arabidopsis_thaliana_x_Arabidopsis_arenosa	angiosperms	1240361	Arabidopsis thaliana x Arabidopsis arenosa	Eukaryota	Viridiplantae	Streptophyta	Magnoliopsida	Brassicales	Brassicaceae	Arabidopsis
Arabis_caerulea	angiosperms	586519	Arabis caerulea	Eukaryota	Viridiplantae	Streptophyta	Magnoliopsida	Brassicales	Brassicaceae	Arabis
Arabis_ciliata	angiosperms	571353	Arabis ciliata	Eukaryota	Viridiplantae	Streptophyta	Magnoliopsida	Brassicales	Brassicaceae	Arabis
Arachis_duranensis	angiosperms	130453	Arachis duranensis	Eukaryota	Viridiplantae	Streptophyta	Magnoliopsida	Fabales	Fabaceae	Arachis
Arachis_hypogaea	angiosperms	3818	Arachis hypogaea	Eukaryota	Viridiplantae	Streptophyta	Magnoliopsida	Fabales	Fabaceae	Arachis
Arachis_ipaensis	angiosperms	130454	Arachis ipaensis	Eukaryota	Viridiplantae	Streptophyta	Magnoliopsida	Fabales	Fabaceae	Arachis
Arachis_stenosperma	angiosperms	217475	Arachis stenosperma	Eukaryota	Viridiplantae	Streptophyta	Magnoliopsida	Fabales	Fabaceae	Arachis
Arapaima_gigas	Metazoa	113544	Arapaima gigas	Eukaryota	Metazoa	Chordata	Actinopteri	Osteoglossiformes	Osteoglossidae	Arapaima
Architeuthis_dux	Metazoa	256136	Architeuthis dux	Eukaryota	Metazoa	Mollusca	Cephalopoda	Oegopsida	Architeuthidae	Architeuthis
Archoleptoneta_schusteri	Metazoa	1002511	Archoleptoneta schusteri	Eukaryota	Metazoa	Arthropoda	Arachnida	Araneae	Leptonetidae	Archoleptoneta
Arctium_lappa	angiosperms	4217	Arctium lappa	Eukaryota	Viridiplantae	Streptophyta	Magnoliopsida	Asterales	Asteraceae	Arctium
Arenicola_marina	Metazoa	6344	Arenicola marina	Eukaryota	Metazoa	Annelida	Polychaeta		Arenicolidae	Arenicola
Aretaon_asperrimus	Metazoa	173775	Aretaon asperrimus	Eukaryota	Metazoa	Arthropoda	Insecta	Phasmatodea	Heteropterygidae	Aretaon
Argentina_anserina	angiosperms	57926	Argentina anserina	Eukaryota	Viridiplantae	Streptophyta	Magnoliopsida	Rosales	Rosaceae	Argentina
Argiope_bruennichi	Metazoa	94029	Argiope bruennichi	Eukaryota	Metazoa	Arthropoda	Arachnida	Araneae	Araneidae	Argiope
Argopecten_purpuratus	Metazoa	228297	Argopecten purpuratus	Eukaryota	Metazoa	Mollusca	Bivalvia	Pectinida	Pectinidae	Argopecten
Argulus_siamensis	Metazoa	1167309	Argulus siamensis	Eukaryota	Metazoa	Arthropoda	Ichthyostraca	Arguloida	Argulidae	Argulus
Argyroneta_aquatica	Metazoa	375087	Argyroneta aquatica	Eukaryota	Metazoa	Arthropoda	Arachnida	Araneae	Dictynidae	Argyroneta
Arion_vulgaris	Metazoa	1028688	Arion vulgaris	Eukaryota	Metazoa	Mollusca	Gastropoda	Stylommatophora	Arionidae	Arion
Aristida_adscensionis	angiosperms	121766	Aristida adscensionis	Eukaryota	Viridiplantae	Streptophyta	Magnoliopsida	Poales	Poaceae	Aristida
Aristolochia_californica	angiosperms	171875	Aristolochia californica	Eukaryota	Viridiplantae	Streptophyta	Magnoliopsida	Piperales	Aristolochiaceae	Aristolochia
Aristolochia_fimbriata	angiosperms	158543	Aristolochia fimbriata	Eukaryota	Viridiplantae	Streptophyta	Magnoliopsida	Piperales	Aristolochiaceae	Aristolochia
Armadillidium_nasatum	Metazoa	96803	Armadillidium nasatum	Eukaryota	Metazoa	Arthropoda	Malacostraca	Isopoda	Armadillidiidae	Armadillidium
Armadillidium_vulgare	Metazoa	13347	Armadillidium vulgare	Eukaryota	Metazoa	Arthropoda	Malacostraca	Isopoda	Armadillidiidae	Armadillidium
Armillaria_borealis	Fungi	47425	Armillaria borealis	Eukaryota	Fungi	Basidiomycota	Agaricomycetes	Agaricales	Physalacriaceae	Armillaria
Armillaria_fumosa	Fungi	153910	Armillaria fumosa	Eukaryota	Fungi	Basidiomycota	Agaricomycetes	Agaricales	Physalacriaceae	Armillaria
Armillaria_luteobubalina	Fungi	153913	Armillaria luteobubalina	Eukaryota	Fungi	Basidiomycota	Agaricomycetes	Agaricales	Physalacriaceae	Armillaria
Armillaria_mellea	Fungi	47429	Armillaria mellea	Eukaryota	Fungi	Basidiomycota	Agaricomycetes	Agaricales	Physalacriaceae	Armillaria
Armillaria_nabsnona	Fungi	64368	Armillaria nabsnona	Eukaryota	Fungi	Basidiomycota	Agaricomycetes	Agaricales	Physalacriaceae	Armillaria
Armillaria_novae-zelandiae	Fungi	153914	Armillaria novae-zelandiae	Eukaryota	Fungi	Basidiomycota	Agaricomycetes	Agaricales	Physalacriaceae	Armillaria
Armillaria_novaezelandiae	Fungi	153914	Armillaria novae-zelandiae	Eukaryota	Fungi	Basidiomycota	Agaricomycetes	Agaricales	Physalacriaceae	Armillaria
Artemia_salina	Metazoa	85549	Artemia salina	Eukaryota	Metazoa	Arthropoda	Branchiopoda	Anostraca	Artemiidae	Artemia
Arthrobotrys_conoides	Fungi	74498	Arthrobotrys conoides	Eukaryota	Fungi	Ascomycota	Orbiliomycetes	Orbiliales	Orbiliaceae	Arthrobotrys
Arthrobotrys_entomopaga	Fungi	321852	Arthrobotrys entomopaga	Eukaryota	Fungi	Ascomycota	Orbiliomycetes	Orbiliales	Orbiliaceae	Arthrobotrys
Arthrobotrys_flagrans	Fungi	97331	Arthrobotrys flagrans	Eukaryota	Fungi	Ascomycota	Orbiliomycetes	Orbiliales	Orbiliaceae	Arthrobotrys
Arthrobotrys_megalospora	Fungi	2528406	Arthrobotrys megalospora	Eukaryota	Fungi	Ascomycota	Orbiliomycetes	Orbiliales	Orbiliaceae	Arthrobotrys
Arthrobotrys_musiformis	Fungi	47236	Arthrobotrys musiformis	Eukaryota	Fungi	Ascomycota	Orbiliomycetes	Orbiliales	Orbiliaceae	Arthrobotrys
Arthroderma_uncinatum	Fungi	74035	Arthroderma uncinatum	Eukaryota	Fungi	Ascomycota	Eurotiomycetes	Onygenales	Arthrodermataceae	Arthroderma
Arthromyces_matolae	Fungi	530044	Arthromyces matolae	Eukaryota	Fungi	Basidiomycota	Agaricomycetes	Agaricales	Lyophyllaceae	Arthromyces
Artomyces_pyxidatus	Fungi	48021	Artomyces pyxidatus	Eukaryota	Fungi	Basidiomycota	Agaricomycetes	Russulales	Auriscalpiaceae	Artomyces
Arxiozyma_heterogenica	Fungi	278026	Arxiozyma heterogenica	Eukaryota	Fungi	Ascomycota	Saccharomycetes	Saccharomycetales	Saccharomycetaceae	Arxiozyma
Ascaphus_truei	Metazoa	8439	Ascaphus truei	Eukaryota	Metazoa	Chordata	Amphibia	Anura	Ascaphidae	Ascaphus
Asclepias_curassavica	angiosperms	52823	Asclepias curassavica	Eukaryota	Viridiplantae	Streptophyta	Magnoliopsida	Gentianales	Apocynaceae	Asclepias
Asclepias_syriaca	angiosperms	48545	Asclepias syriaca	Eukaryota	Viridiplantae	Streptophyta	Magnoliopsida	Gentianales	Apocynaceae	Asclepias
Ascobolus_immersus_RN42	Fungi	1160509	Ascobolus immersus RN42	Eukaryota	Fungi	Ascomycota	Pezizomycetes	Pezizales	Ascobolaceae	Ascobolus
Ascochyta_clinopodiicola	Fungi	2249482	Ascochyta clinopodiicola	Eukaryota	Fungi	Ascomycota	Dothideomycetes	Pleosporales	Didymellaceae	Ascochyta
Ascochyta_lentis	Fungi	205686	Ascochyta lentis	Eukaryota	Fungi	Ascomycota	Dothideomycetes	Pleosporales	Didymellaceae	Ascochyta
Ascochyta_rabiei	Fungi	5454	Ascochyta rabiei	Eukaryota	Fungi	Ascomycota	Dothideomycetes	Pleosporales	Didymellaceae	Ascochyta
Ascodesmis_nigricans	Fungi	341454	Ascodesmis nigricans	Eukaryota	Fungi	Ascomycota	Pezizomycetes	Pezizales	Ascodesmidaceae	Ascodesmis
Ascoidea_rubescens_DSM_1968	Fungi	1344418	Ascoidea rubescens DSM 1968	Eukaryota	Fungi	Ascomycota	Saccharomycetes	Ascoideales	Ascoideaceae	Ascoidea
Ascophyllum_nodosum	Protists	52969	Ascophyllum nodosum	Eukaryota			Phaeophyceae	Fucales	Fucaceae	Ascophyllum
Ascosphaera_acerosa	Fungi	51565	Ascosphaera acerosa	Eukaryota	Fungi	Ascomycota	Eurotiomycetes	Onygenales	Ascosphaeraceae	Ascosphaera
Ascosphaera_aggregata	Fungi	51564	Ascosphaera aggregata	Eukaryota	Fungi	Ascomycota	Eurotiomycetes	Onygenales	Ascosphaeraceae	Ascosphaera
Ascosphaera_apis_ARSEF_7405	Fungi	392613	Ascosphaera apis ARSEF 7405	Eukaryota	Fungi	Ascomycota	Eurotiomycetes	Onygenales	Ascosphaeraceae	Ascosphaera
Ascosphaera_atra	Fungi	51567	Ascosphaera atra	Eukaryota	Fungi	Ascomycota	Eurotiomycetes	Onygenales	Ascosphaeraceae	Ascosphaera
Ascosphaera_pollenicola	Fungi	51576	Ascosphaera pollenicola	Eukaryota	Fungi	Ascomycota	Eurotiomycetes	Onygenales	Ascosphaeraceae	Ascosphaera
Asellus_aquaticus	Metazoa	92525	Asellus aquaticus	Eukaryota	Metazoa	Arthropoda	Malacostraca	Isopoda	Asellidae	Asellus
Asimina_triloba	angiosperms	12953	Asimina triloba	Eukaryota	Viridiplantae	Streptophyta	Magnoliopsida	Magnoliales	Annonaceae	Asimina
Asparagus_officinalis	angiosperms	4686	Asparagus officinalis	Eukaryota	Viridiplantae	Streptophyta	Magnoliopsida	Asparagales	Asparagaceae	Asparagus
Asparagus_setaceus	angiosperms	272863	Asparagus setaceus	Eukaryota	Viridiplantae	Streptophyta	Magnoliopsida	Asparagales	Asparagaceae	Asparagus
Aspergillus_aculeatinus_CBS_121060	Fungi	1448322	Aspergillus aculeatinus CBS 121060	Eukaryota	Fungi	Ascomycota	Eurotiomycetes	Eurotiales	Aspergillaceae	Aspergillus
Aspergillus_aculeatus_ATCC_16872	Fungi	690307	Aspergillus aculeatus ATCC 16872	Eukaryota	Fungi	Ascomycota	Eurotiomycetes	Eurotiales	Aspergillaceae	Aspergillus
Aspergillus_affinis	Fungi	1070780	Aspergillus affinis	Eukaryota	Fungi	Ascomycota	Eurotiomycetes	Eurotiales	Aspergillaceae	Aspergillus
Aspergillus_alliaceus	Fungi	209559	Aspergillus alliaceus	Eukaryota	Fungi	Ascomycota	Eurotiomycetes	Eurotiales	Aspergillaceae	Aspergillus
Aspergillus_ambiguus	Fungi	176160	Aspergillus ambiguus	Eukaryota	Fungi	Ascomycota	Eurotiomycetes	Eurotiales	Aspergillaceae	Aspergillus
Aspergillus_arachidicola	Fungi	656916	Aspergillus arachidicola	Eukaryota	Fungi	Ascomycota	Eurotiomycetes	Eurotiales	Aspergillaceae	Aspergillus
Aspergillus_aurantiobrunneus	Fungi	41725	Aspergillus aurantiobrunneus	Eukaryota	Fungi	Ascomycota	Eurotiomycetes	Eurotiales	Aspergillaceae	Aspergillus
Aspergillus_avenaceus	Fungi	36643	Aspergillus avenaceus	Eukaryota	Fungi	Ascomycota	Eurotiomycetes	Eurotiales	Aspergillaceae	Aspergillus
Aspergillus_awamori	Fungi	105351	Aspergillus awamori	Eukaryota	Fungi	Ascomycota	Eurotiomycetes	Eurotiales	Aspergillaceae	Aspergillus
Aspergillus_bertholletiae	Fungi	1226010	Aspergillus bertholletiae	Eukaryota	Fungi	Ascomycota	Eurotiomycetes	Eurotiales	Aspergillaceae	Aspergillus
Aspergillus_bombycis	Fungi	109264	Aspergillus bombycis	Eukaryota	Fungi	Ascomycota	Eurotiomycetes	Eurotiales	Aspergillaceae	Aspergillus
Aspergillus_brasiliensis_CBS_101740	Fungi	767769	Aspergillus brasiliensis CBS 101740	Eukaryota	Fungi	Ascomycota	Eurotiomycetes	Eurotiales	Aspergillaceae	Aspergillus
Aspergillus_brunneoviolaceus_CBS_621.78	Fungi	1450534	Aspergillus brunneoviolaceus CBS 621.78	Eukaryota	Fungi	Ascomycota	Eurotiomycetes	Eurotiales	Aspergillaceae	Aspergillus
Aspergillus_caelatus	Fungi	61420	Aspergillus caelatus	Eukaryota	Fungi	Ascomycota	Eurotiomycetes	Eurotiales	Aspergillaceae	Aspergillus
Aspergillus_calidoustus	Fungi	454130	Aspergillus calidoustus	Eukaryota	Fungi	Ascomycota	Eurotiomycetes	Eurotiales	Aspergillaceae	Aspergillus
Aspergillus_californicus	Fungi	1810905	Aspergillus californicus	Eukaryota	Fungi	Ascomycota	Eurotiomycetes	Eurotiales	Aspergillaceae	Aspergillus
Aspergillus_campestris_IBT_28561	Fungi	1392248	Aspergillus campestris IBT 28561	Eukaryota	Fungi	Ascomycota	Eurotiomycetes	Eurotiales	Aspergillaceae	Aspergillus
Aspergillus_candidus	Fungi	41067	Aspergillus candidus	Eukaryota	Fungi	Ascomycota	Eurotiomycetes	Eurotiales	Aspergillaceae	Aspergillus
Aspergillus_carbonarius_ITEM_5010	Fungi	602072	Aspergillus carbonarius ITEM 5010	Eukaryota	Fungi	Ascomycota	Eurotiomycetes	Eurotiales	Aspergillaceae	Aspergillus
Aspergillus_cavernicola	Fungi	176166	Aspergillus cavernicola	Eukaryota	Fungi	Ascomycota	Eurotiomycetes	Eurotiales	Aspergillaceae	Aspergillus
Aspergillus_chevalieri	Fungi	182096	Aspergillus chevalieri	Eukaryota	Fungi	Ascomycota	Eurotiomycetes	Eurotiales	Aspergillaceae	Aspergillus
Aspergillus_clavatus_NRRL_1	Fungi	344612	Aspergillus clavatus NRRL 1	Eukaryota	Fungi	Ascomycota	Eurotiomycetes	Eurotiales	Aspergillaceae	Aspergillus
Aspergillus_coremiiformis	Fungi	138285	Aspergillus coremiiformis	Eukaryota	Fungi	Ascomycota	Eurotiomycetes	Eurotiales	Aspergillaceae	Aspergillus
Aspergillus_costaricaensis_CBS_115574	Fungi	1448317	Aspergillus costaricaensis CBS 115574	Eukaryota	Fungi	Ascomycota	Eurotiomycetes	Eurotiales	Aspergillaceae	Aspergillus
Aspergillus_crustosus	Fungi	41757	Aspergillus crustosus	Eukaryota	Fungi	Ascomycota	Eurotiomycetes	Eurotiales	Aspergillaceae	Aspergillus
Aspergillus_desertorum	Fungi	1810909	Aspergillus desertorum	Eukaryota	Fungi	Ascomycota	Eurotiomycetes	Eurotiales	Aspergillaceae	Aspergillus
Aspergillus_destruens	Fungi	1915368	Aspergillus destruens	Eukaryota	Fungi	Ascomycota	Eurotiomycetes	Eurotiales	Aspergillaceae	Aspergillus
Aspergillus_egyptiacus	Fungi	41743	Aspergillus egyptiacus	Eukaryota	Fungi	Ascomycota	Eurotiomycetes	Eurotiales	Aspergillaceae	Aspergillus
Aspergillus_ellipticus_CBS_707.79	Fungi	1448320	Aspergillus ellipticus CBS 707.79	Eukaryota	Fungi	Ascomycota	Eurotiomycetes	Eurotiales	Aspergillaceae	Aspergillus
Aspergillus_eucalypticola_CBS_122712	Fungi	1448314	Aspergillus eucalypticola CBS 122712	Eukaryota	Fungi	Ascomycota	Eurotiomycetes	Eurotiales	Aspergillaceae	Aspergillus
Aspergillus_falconensis	Fungi	1810910	Aspergillus falconensis	Eukaryota	Fungi	Ascomycota	Eurotiomycetes	Eurotiales	Aspergillaceae	Aspergillus
Aspergillus_fijiensis_CBS_313.89	Fungi	1448319	Aspergillus fijiensis CBS 313.89	Eukaryota	Fungi	Ascomycota	Eurotiomycetes	Eurotiales	Aspergillaceae	Aspergillus
Aspergillus_filifer	Fungi	447248	Aspergillus filifer	Eukaryota	Fungi	Ascomycota	Eurotiomycetes	Eurotiales	Aspergillaceae	Aspergillus
Aspergillus_fischeri_NRRL_181	Fungi	331117	Aspergillus fischeri NRRL 181	Eukaryota	Fungi	Ascomycota	Eurotiomycetes	Eurotiales	Aspergillaceae	Aspergillus
Aspergillus_flavus	Fungi	5059	Aspergillus flavus	Eukaryota	Fungi	Ascomycota	Eurotiomycetes	Eurotiales	Aspergillaceae	Aspergillus
Aspergillus_floccosus	Fungi	658358	Aspergillus floccosus	Eukaryota	Fungi	Ascomycota	Eurotiomycetes	Eurotiales	Aspergillaceae	Aspergillus
Aspergillus_foveolatus	Fungi	210207	Aspergillus foveolatus	Eukaryota	Fungi	Ascomycota	Eurotiomycetes	Eurotiales	Aspergillaceae	Aspergillus
Aspergillus_fruticulosus	Fungi	1250369	Aspergillus fruticulosus	Eukaryota	Fungi	Ascomycota	Eurotiomycetes	Eurotiales	Aspergillaceae	Aspergillus
Aspergillus_fumigatiaffinis	Fungi	340414	Aspergillus fumigatiaffinis	Eukaryota	Fungi	Ascomycota	Eurotiomycetes	Eurotiales	Aspergillaceae	Aspergillus
Aspergillus_fumigatus_Af293	Fungi	330879	Aspergillus fumigatus Af293	Eukaryota	Fungi	Ascomycota	Eurotiomycetes	Eurotiales	Aspergillaceae	Aspergillus
Aspergillus_germanicus	Fungi	1506149	Aspergillus germanicus	Eukaryota	Fungi	Ascomycota	Eurotiomycetes	Eurotiales	Aspergillaceae	Aspergillus
Aspergillus_glaucus_CBS_516.65	Fungi	1160497	Aspergillus glaucus CBS 516.65	Eukaryota	Fungi	Ascomycota	Eurotiomycetes	Eurotiales	Aspergillaceae	Aspergillus
Aspergillus_granulosus	Fungi	176169	Aspergillus granulosus	Eukaryota	Fungi	Ascomycota	Eurotiomycetes	Eurotiales	Aspergillaceae	Aspergillus
Aspergillus_hancockii	Fungi	1873369	Aspergillus hancockii	Eukaryota	Fungi	Ascomycota	Eurotiomycetes	Eurotiales	Aspergillaceae	Aspergillus
Aspergillus_heteromorphus_CBS_117.55	Fungi	1448321	Aspergillus heteromorphus CBS 117.55	Eukaryota	Fungi	Ascomycota	Eurotiomycetes	Eurotiales	Aspergillaceae	Aspergillus
Aspergillus_heterothallicus	Fungi	41742	Aspergillus heterothallicus	Eukaryota	Fungi	Ascomycota	Eurotiomycetes	Eurotiales	Aspergillaceae	Aspergillus
Aspergillus_hiratsukae	Fungi	1194566	Aspergillus hiratsukae	Eukaryota	Fungi	Ascomycota	Eurotiomycetes	Eurotiales	Aspergillaceae	Aspergillus
Aspergillus_homomorphus_CBS_101889	Fungi	1450537	Aspergillus homomorphus CBS 101889	Eukaryota	Fungi	Ascomycota	Eurotiomycetes	Eurotiales	Aspergillaceae	Aspergillus
Aspergillus_ibericus_CBS_121593	Fungi	1448316	Aspergillus ibericus CBS 121593	Eukaryota	Fungi	Ascomycota	Eurotiomycetes	Eurotiales	Aspergillaceae	Aspergillus
Aspergillus_indologenus_CBS_114.80	Fungi	1450541	Aspergillus indologenus CBS 114.80	Eukaryota	Fungi	Ascomycota	Eurotiomycetes	Eurotiales	Aspergillaceae	Aspergillus
Aspergillus_insuetus	Fungi	469274	Aspergillus insuetus	Eukaryota	Fungi	Ascomycota	Eurotiomycetes	Eurotiales	Aspergillaceae	Aspergillus
Aspergillus_japonicus_CBS_114.51	Fungi	1448312	Aspergillus japonicus CBS 114.51	Eukaryota	Fungi	Ascomycota	Eurotiomycetes	Eurotiales	Aspergillaceae	Aspergillus
Aspergillus_karnatakaensis	Fungi	1810916	Aspergillus karnatakaensis	Eukaryota	Fungi	Ascomycota	Eurotiomycetes	Eurotiales	Aspergillaceae	Aspergillus
Aspergillus_keveii	Fungi	714993	Aspergillus keveii	Eukaryota	Fungi	Ascomycota	Eurotiomycetes	Eurotiales	Aspergillaceae	Aspergillus
Aspergillus_lentulus	Fungi	293939	Aspergillus lentulus	Eukaryota	Fungi	Ascomycota	Eurotiomycetes	Eurotiales	Aspergillaceae	Aspergillus
Aspergillus_leporis	Fungi	41062	Aspergillus leporis	Eukaryota	Fungi	Ascomycota	Eurotiomycetes	Eurotiales	Aspergillaceae	Aspergillus
Aspergillus_luchuensis	Fungi	1069201	Aspergillus luchuensis	Eukaryota	Fungi	Ascomycota	Eurotiomycetes	Eurotiales	Aspergillaceae	Aspergillus
Aspergillus_lucknowensis	Fungi	176173	Aspergillus lucknowensis	Eukaryota	Fungi	Ascomycota	Eurotiomycetes	Eurotiales	Aspergillaceae	Aspergillus
Aspergillus_magnivesiculatus	Fungi	1915373	Aspergillus magnivesiculatus	Eukaryota	Fungi	Ascomycota	Eurotiomycetes	Eurotiales	Aspergillaceae	Aspergillus
Aspergillus_melleus	Fungi	138277	Aspergillus melleus	Eukaryota	Fungi	Ascomycota	Eurotiomycetes	Eurotiales	Aspergillaceae	Aspergillus
Aspergillus_multicolor	Fungi	41759	Aspergillus multicolor	Eukaryota	Fungi	Ascomycota	Eurotiomycetes	Eurotiales	Aspergillaceae	Aspergillus
Aspergillus_mulundensis	Fungi	1810919	Aspergillus mulundensis	Eukaryota	Fungi	Ascomycota	Eurotiomycetes	Eurotiales	Aspergillaceae	Aspergillus
Aspergillus_nanangensis	Fungi	2582783	Aspergillus nanangensis	Eukaryota	Fungi	Ascomycota	Eurotiomycetes	Eurotiales	Aspergillaceae	Aspergillus
Aspergillus_navahoensis	Fungi	91484	Aspergillus navahoensis	Eukaryota	Fungi	Ascomycota	Eurotiomycetes	Eurotiales	Aspergillaceae	Aspergillus
Aspergillus_neoniger_CBS_115656	Fungi	1448310	Aspergillus neoniger CBS 115656	Eukaryota	Fungi	Ascomycota	Eurotiomycetes	Eurotiales	Aspergillaceae	Aspergillus
Aspergillus_nidulans_FGSC_A4	Fungi	227321	Aspergillus nidulans FGSC A4	Eukaryota	Fungi	Ascomycota	Eurotiomycetes	Eurotiales	Aspergillaceae	Aspergillus
Aspergillus_niger	Fungi	5061	Aspergillus niger	Eukaryota	Fungi	Ascomycota	Eurotiomycetes	Eurotiales	Aspergillaceae	Aspergillus
Aspergillus_nomiae_NRRL_13137	Fungi	1509407	Aspergillus nomiae NRRL 13137	Eukaryota	Fungi	Ascomycota	Eurotiomycetes	Eurotiales	Aspergillaceae	Aspergillus
Aspergillus_novofumigatus_IBT_16806	Fungi	1392255	Aspergillus novofumigatus IBT 16806	Eukaryota	Fungi	Ascomycota	Eurotiomycetes	Eurotiales	Aspergillaceae	Aspergillus
Aspergillus_novoparasiticus	Fungi	986946	Aspergillus novoparasiticus	Eukaryota	Fungi	Ascomycota	Eurotiomycetes	Eurotiales	Aspergillaceae	Aspergillus
Aspergillus_ochraceoroseus_IBT_24754	Fungi	1392256	Aspergillus ochraceoroseus IBT 24754	Eukaryota	Fungi	Ascomycota	Eurotiomycetes	Eurotiales	Aspergillaceae	Aspergillus
Aspergillus_oleicola	Fungi	1250372	Aspergillus oleicola	Eukaryota	Fungi	Ascomycota	Eurotiomycetes	Eurotiales	Aspergillaceae	Aspergillus
Aspergillus_oryzae_RIB40	Fungi	510516	Aspergillus oryzae RIB40	Eukaryota	Fungi	Ascomycota	Eurotiomycetes	Eurotiales	Aspergillaceae	Aspergillus
Aspergillus_phoenicis_ATCC_13157	Fungi	1353007	Aspergillus phoenicis ATCC 13157	Eukaryota	Fungi	Ascomycota	Eurotiomycetes	Eurotiales	Aspergillaceae	Aspergillus
Aspergillus_piperis_CBS_112811	Fungi	1448313	Aspergillus piperis CBS 112811	Eukaryota	Fungi	Ascomycota	Eurotiomycetes	Eurotiales	Aspergillaceae	Aspergillus
Aspergillus_proliferans	Fungi	41414	Aspergillus proliferans	Eukaryota	Fungi	Ascomycota	Eurotiomycetes	Eurotiales	Aspergillaceae	Aspergillus
Aspergillus_pseudocaelatus	Fungi	1825620	Aspergillus pseudocaelatus	Eukaryota	Fungi	Ascomycota	Eurotiomycetes	Eurotiales	Aspergillaceae	Aspergillus
Aspergillus_pseudodeflectus	Fungi	176178	Aspergillus pseudodeflectus	Eukaryota	Fungi	Ascomycota	Eurotiomycetes	Eurotiales	Aspergillaceae	Aspergillus
Aspergillus_pseudonomiae	Fungi	1506151	Aspergillus pseudonomiae	Eukaryota	Fungi	Ascomycota	Eurotiomycetes	Eurotiales	Aspergillaceae	Aspergillus
Aspergillus_pseudotamarii	Fungi	132259	Aspergillus pseudotamarii	Eukaryota	Fungi	Ascomycota	Eurotiomycetes	Eurotiales	Aspergillaceae	Aspergillus
Aspergillus_pseudoustus	Fungi	1810923	Aspergillus pseudoustus	Eukaryota	Fungi	Ascomycota	Eurotiomycetes	Eurotiales	Aspergillaceae	Aspergillus
Aspergillus_pseudoviridinutans	Fungi	1517512	Aspergillus pseudoviridinutans	Eukaryota	Fungi	Ascomycota	Eurotiomycetes	Eurotiales	Aspergillaceae	Aspergillus
Aspergillus_puulaauensis	Fungi	1220207	Aspergillus puulaauensis	Eukaryota	Fungi	Ascomycota	Eurotiomycetes	Eurotiales	Aspergillaceae	Aspergillus
Aspergillus_rambellii	Fungi	308745	Aspergillus rambellii	Eukaryota	Fungi	Ascomycota	Eurotiomycetes	Eurotiales	Aspergillaceae	Aspergillus
Aspergillus_recurvatus	Fungi	41761	Aspergillus recurvatus	Eukaryota	Fungi	Ascomycota	Eurotiomycetes	Eurotiales	Aspergillaceae	Aspergillus
Aspergillus_ruber_CBS_135680	Fungi	1388766	Aspergillus ruber CBS 135680	Eukaryota	Fungi	Ascomycota	Eurotiomycetes	Eurotiales	Aspergillaceae	Aspergillus
Aspergillus_saccharolyticus_JOP_1030-1	Fungi	1450539	Aspergillus saccharolyticus JOP 1030-1	Eukaryota	Fungi	Ascomycota	Eurotiomycetes	Eurotiales	Aspergillaceae	Aspergillus
Aspergillus_saccharolyticus_JOP_10301	Fungi	1450539	Aspergillus saccharolyticus JOP 1030-1	Eukaryota	Fungi	Ascomycota	Eurotiomycetes	Eurotiales	Aspergillaceae	Aspergillus
Aspergillus_sclerotialis	Fungi	2070753	Aspergillus sclerotialis	Eukaryota	Fungi	Ascomycota	Eurotiomycetes	Eurotiales	Aspergillaceae	Aspergillus
Aspergillus_sclerotiicarbonarius_CBS_121057	Fungi	1448318	Aspergillus sclerotiicarbonarius CBS 121057	Eukaryota	Fungi	Ascomycota	Eurotiomycetes	Eurotiales	Aspergillaceae	Aspergillus
Aspergillus_sclerotioniger_CBS_115572	Fungi	1450535	Aspergillus sclerotioniger CBS 115572	Eukaryota	Fungi	Ascomycota	Eurotiomycetes	Eurotiales	Aspergillaceae	Aspergillus
Aspergillus_sergii	Fungi	1034303	Aspergillus sergii	Eukaryota	Fungi	Ascomycota	Eurotiomycetes	Eurotiales	Aspergillaceae	Aspergillus
Aspergillus_similis	Fungi	1810925	Aspergillus similis	Eukaryota	Fungi	Ascomycota	Eurotiomycetes	Eurotiales	Aspergillaceae	Aspergillus
Aspergillus_spectabilis	Fungi	41731	Aspergillus spectabilis	Eukaryota	Fungi	Ascomycota	Eurotiomycetes	Eurotiales	Aspergillaceae	Aspergillus
Aspergillus_stella-maris	Fungi	1810926	Aspergillus stella-maris	Eukaryota	Fungi	Ascomycota	Eurotiomycetes	Eurotiales	Aspergillaceae	Aspergillus
Aspergillus_stellamaris	Fungi	1810926	Aspergillus stella-maris	Eukaryota	Fungi	Ascomycota	Eurotiomycetes	Eurotiales	Aspergillaceae	Aspergillus
Aspergillus_steynii_IBT_23096	Fungi	1392250	Aspergillus steynii IBT 23096	Eukaryota	Fungi	Ascomycota	Eurotiomycetes	Eurotiales	Aspergillaceae	Aspergillus
Aspergillus_sydowii_CBS_593.65	Fungi	1036612	Aspergillus sydowii CBS 593.65	Eukaryota	Fungi	Ascomycota	Eurotiomycetes	Eurotiales	Aspergillaceae	Aspergillus
Aspergillus_taichungensis	Fungi	482145	Aspergillus taichungensis	Eukaryota	Fungi	Ascomycota	Eurotiomycetes	Eurotiales	Aspergillaceae	Aspergillus
Aspergillus_tanneri	Fungi	1220188	Aspergillus tanneri	Eukaryota	Fungi	Ascomycota	Eurotiomycetes	Eurotiales	Aspergillaceae	Aspergillus
Aspergillus_terreus_NIH2624	Fungi	341663	Aspergillus terreus NIH2624	Eukaryota	Fungi	Ascomycota	Eurotiomycetes	Eurotiales	Aspergillaceae	Aspergillus
Aspergillus_terricola_var._indicus	Fungi	138288	Aspergillus terricola var. indicus	Eukaryota	Fungi	Ascomycota	Eurotiomycetes	Eurotiales	Aspergillaceae	Aspergillus
Aspergillus_tetrazonus	Fungi	1883080	Aspergillus tetrazonus	Eukaryota	Fungi	Ascomycota	Eurotiomycetes	Eurotiales	Aspergillaceae	Aspergillus
Aspergillus_thermomutatus	Fungi	41047	Aspergillus thermomutatus	Eukaryota	Fungi	Ascomycota	Eurotiomycetes	Eurotiales	Aspergillaceae	Aspergillus
Aspergillus_transmontanensis	Fungi	1034304	Aspergillus transmontanensis	Eukaryota	Fungi	Ascomycota	Eurotiomycetes	Eurotiales	Aspergillaceae	Aspergillus
Aspergillus_tubingensis	Fungi	5068	Aspergillus tubingensis	Eukaryota	Fungi	Ascomycota	Eurotiomycetes	Eurotiales	Aspergillaceae	Aspergillus
Aspergillus_turcosus	Fungi	1245748	Aspergillus turcosus	Eukaryota	Fungi	Ascomycota	Eurotiomycetes	Eurotiales	Aspergillaceae	Aspergillus
Aspergillus_udagawae	Fungi	91492	Aspergillus udagawae	Eukaryota	Fungi	Ascomycota	Eurotiomycetes	Eurotiales	Aspergillaceae	Aspergillus
Aspergillus_undulatus	Fungi	1810928	Aspergillus undulatus	Eukaryota	Fungi	Ascomycota	Eurotiomycetes	Eurotiales	Aspergillaceae	Aspergillus
Aspergillus_uvarum_CBS_121591	Fungi	1448315	Aspergillus uvarum CBS 121591	Eukaryota	Fungi	Ascomycota	Eurotiomycetes	Eurotiales	Aspergillaceae	Aspergillus
Aspergillus_vadensis_CBS_113365	Fungi	1448311	Aspergillus vadensis CBS 113365	Eukaryota	Fungi	Ascomycota	Eurotiomycetes	Eurotiales	Aspergillaceae	Aspergillus
Aspergillus_varians	Fungi	176181	Aspergillus varians	Eukaryota	Fungi	Ascomycota	Eurotiomycetes	Eurotiales	Aspergillaceae	Aspergillus
Aspergillus_venezuelensis	Fungi	1810929	Aspergillus venezuelensis	Eukaryota	Fungi	Ascomycota	Eurotiomycetes	Eurotiales	Aspergillaceae	Aspergillus
Aspergillus_versicolor_CBS_583.65	Fungi	1036611	Aspergillus versicolor CBS 583.65	Eukaryota	Fungi	Ascomycota	Eurotiomycetes	Eurotiales	Aspergillaceae	Aspergillus
Aspergillus_violaceofuscus_CBS_115571	Fungi	1450538	Aspergillus violaceofuscus CBS 115571	Eukaryota	Fungi	Ascomycota	Eurotiomycetes	Eurotiales	Aspergillaceae	Aspergillus
Aspergillus_viridinutans	Fungi	75553	Aspergillus viridinutans	Eukaryota	Fungi	Ascomycota	Eurotiomycetes	Eurotiales	Aspergillaceae	Aspergillus
Aspergillus_vitricola	Fungi	469283	Aspergillus vitricola	Eukaryota	Fungi	Ascomycota	Eurotiomycetes	Eurotiales	Aspergillaceae	Aspergillus
Aspergillus_welwitschiae	Fungi	1341132	Aspergillus welwitschiae	Eukaryota	Fungi	Ascomycota	Eurotiomycetes	Eurotiales	Aspergillaceae	Aspergillus
Aspergillus_wentii_DTO_134E9	Fungi	1073089	Aspergillus wentii DTO 134E9	Eukaryota	Fungi	Ascomycota	Eurotiomycetes	Eurotiales	Aspergillaceae	Aspergillus
Astacus_astacus	Metazoa	6715	Astacus astacus	Eukaryota	Metazoa	Arthropoda	Malacostraca	Decapoda	Astacidae	Astacus
Astathelohania_contejeani	Fungi	164912	Astathelohania contejeani	Eukaryota	Fungi	Microsporidia			Astathelohaniidae	Astathelohania
Asterias_rubens	Metazoa	7604	Asterias rubens	Eukaryota	Metazoa	Echinodermata	Asteroidea	Forcipulatida	Asteriidae	Asterias
Asterophora_parasitica	Fungi	117018	Asterophora parasitica	Eukaryota	Fungi	Basidiomycota	Agaricomycetes	Agaricales	Lyophyllaceae	Asterophora
Astraeus_odoratus	Fungi	265491	Astraeus odoratus	Eukaryota	Fungi	Basidiomycota	Agaricomycetes	Boletales	Astraeaceae	Astraeus
Astrephomene_gubernaculifera	chlorophyta	47775	Astrephomene gubernaculifera	Eukaryota	Viridiplantae	Chlorophyta	Chlorophyceae	Chlamydomonadales	Astrephomenaceae	Astrephomene
Astrocystis_sublimbata	Fungi	743114	Astrocystis sublimbata	Eukaryota	Fungi	Ascomycota	Sordariomycetes	Xylariales	Xylariaceae	Astrocystis
Astyanax_mexicanus	Metazoa	7994	Astyanax mexicanus	Eukaryota	Metazoa	Chordata	Actinopteri	Characiformes	Acestrorhamphidae	Astyanax
Atelura_formicaria	Metazoa	459531	Atelura formicaria	Eukaryota	Metazoa	Arthropoda	Insecta	Zygentoma	Nicoletiidae	Atelura
Athelia_psychrophila	Fungi	1759441	Athelia psychrophila	Eukaryota	Fungi	Basidiomycota	Agaricomycetes	Atheliales	Atheliaceae	Athelia
Atractiella_rhizophila	Fungi	1938712	Atractiella rhizophila	Eukaryota	Fungi	Basidiomycota	Atractiellomycetes	Atractiellales	Hoehnelomycetaceae	Atractiella
Atractosteus_spatula	Metazoa	7917	Atractosteus spatula	Eukaryota	Metazoa	Chordata	Actinopteri	Semionotiformes	Lepisosteidae	Atractosteus
Atropa_belladonna	angiosperms	33113	Atropa belladonna	Eukaryota	Viridiplantae	Streptophyta	Magnoliopsida	Solanales	Solanaceae	Atropa
Aulacomnium_turgidum	bryophytes	67248	Aulacomnium turgidum	Eukaryota	Viridiplantae	Streptophyta	Bryopsida	Aulacomniales	Aulacomniaceae	Aulacomnium
Aulodrilus_japonicus	Metazoa	2020002	Aulodrilus japonicus	Eukaryota	Metazoa	Annelida	Clitellata	Tubificida	Naididae	Aulodrilus
Aulographum_hederae_CBS_113979	Fungi	1176131	Aulographum hederae CBS 113979	Eukaryota	Fungi	Ascomycota	Dothideomycetes	Aulographales	Aulographaceae	Aulographum
Aureobasidium_aubasidani	Fungi	3424008	Aureobasidium aubasidani	Eukaryota	Fungi	Ascomycota	Dothideomycetes	Dothideales	Saccotheciaceae	Aureobasidium
Aureobasidium_melanogenum_CBS_110374	Fungi	1043003	Aureobasidium melanogenum CBS 110374	Eukaryota	Fungi	Ascomycota	Dothideomycetes	Dothideales	Saccotheciaceae	Aureobasidium
Aureobasidium_mustum	Fungi	2773714	Aureobasidium mustum	Eukaryota	Fungi	Ascomycota	Dothideomycetes	Dothideales	Saccotheciaceae	Aureobasidium
Aureobasidium_namibiae_CBS_147.97	Fungi	1043004	Aureobasidium namibiae CBS 147.97	Eukaryota	Fungi	Ascomycota	Dothideomycetes	Dothideales	Saccotheciaceae	Aureobasidium
Aureobasidium_pullulans_EXF-150	Fungi	1043002	Aureobasidium pullulans EXF-150	Eukaryota	Fungi	Ascomycota	Dothideomycetes	Dothideales	Saccotheciaceae	Aureobasidium
Aureobasidium_pullulans_EXF150	Fungi	1043002	Aureobasidium pullulans EXF-150	Eukaryota	Fungi	Ascomycota	Dothideomycetes	Dothideales	Saccotheciaceae	Aureobasidium
Aureobasidium_subglaciale_EXF-2481	Fungi	1043005	Aureobasidium subglaciale EXF-2481	Eukaryota	Fungi	Ascomycota	Dothideomycetes	Dothideales	Saccotheciaceae	Aureobasidium
Aureobasidium_subglaciale_EXF2481	Fungi	1043005	Aureobasidium subglaciale EXF-2481	Eukaryota	Fungi	Ascomycota	Dothideomycetes	Dothideales	Saccotheciaceae	Aureobasidium
Aureobasidium_uvarum	Fungi	2773716	Aureobasidium uvarum	Eukaryota	Fungi	Ascomycota	Dothideomycetes	Dothideales	Saccotheciaceae	Aureobasidium
Aureobasidium_vineae	Fungi	2773715	Aureobasidium vineae	Eukaryota	Fungi	Ascomycota	Dothideomycetes	Dothideales	Saccotheciaceae	Aureobasidium
Aureococcus_anophagefferens	Protists	44056	Aureococcus anophagefferens	Eukaryota			Pelagophyceae	Pelagomonadales	Pelagomonadaceae	Aureococcus
Australozyma_monospora	Fungi	3459182	Australozyma monospora	Eukaryota	Fungi	Ascomycota	Pichiomycetes	Serinales	Metschnikowiaceae	Australozyma
Australozyma_saopauloensis	Fungi	291208	Australozyma saopauloensis	Eukaryota	Fungi	Ascomycota	Pichiomycetes	Serinales	Metschnikowiaceae	Australozyma
Auxenochlorella_protothecoides	chlorophyta	3075	Auxenochlorella protothecoides	Eukaryota	Viridiplantae	Chlorophyta	Trebouxiophyceae	Chlorellales	Chlorellaceae	Auxenochlorella
Auxenochlorella_protothecoides_x_Auxenochlorella_symbiontica	chlorophyta	3385098	Auxenochlorella protothecoides x Auxenochlorella symbiontica	Eukaryota	Viridiplantae	Chlorophyta	Trebouxiophyceae	Chlorellales	Chlorellaceae	Auxenochlorella
Babesia_bigemina	Protists	5866	Babesia bigemina	Eukaryota		Apicomplexa	Aconoidasida	Piroplasmida	Babesiidae	Babesia
Babesia_bovis_T2Bo	Protists	484906	Babesia bovis T2Bo	Eukaryota		Apicomplexa	Aconoidasida	Piroplasmida	Babesiidae	Babesia
Babesia_caballi	Protists	5871	Babesia caballi	Eukaryota		Apicomplexa	Aconoidasida	Piroplasmida	Babesiidae	Babesia
Babesia_duncani	Protists	323732	Babesia duncani	Eukaryota		Apicomplexa	Aconoidasida	Piroplasmida	Babesiidae	Babesia
Babesia_microti_strain_RI	Protists	1133968	Babesia microti strain RI	Eukaryota		Apicomplexa	Aconoidasida	Piroplasmida	Babesiidae	Babesia
Babesia_ovata	Protists	189622	Babesia ovata	Eukaryota		Apicomplexa	Aconoidasida	Piroplasmida	Babesiidae	Babesia
Babjeviella_inositovora_NRRL_Y-12698	Fungi	984486	Babjeviella inositovora NRRL Y-12698	Eukaryota	Fungi	Ascomycota	Pichiomycetes	Serinales		Babjeviella
Babjeviella_inositovora_NRRL_Y12698	Fungi	984486	Babjeviella inositovora NRRL Y-12698	Eukaryota	Fungi	Ascomycota	Pichiomycetes	Serinales		Babjeviella
Bacidia_gigantensis	Fungi	2732470	Bacidia gigantensis	Eukaryota	Fungi	Ascomycota	Lecanoromycetes	Lecanorales	Ramalinaceae	Bacidia
Backusella_circina_FSU_941	Fungi	1314798	Backusella circina FSU 941	Eukaryota	Fungi	Mucoromycota	Mucoromycetes	Mucorales	Backusellaceae	Backusella
Baculentulus_morikawai	Metazoa	1314696	Baculentulus morikawai	Eukaryota	Metazoa	Arthropoda	Protura	Acerentomata	Acerentomidae	Baculentulus
Baetis_sp._AD-2013	Metazoa	1476881	Baetis sp. AD-2013	Eukaryota	Metazoa	Arthropoda	Insecta	Ephemeroptera	Baetidae	Baetis
Baffinella_frigidus	Protists	2571260	Baffinella frigidus	Eukaryota			Cryptophyceae	Cryptomonadales	Baffinellaceae	Baffinella
Bambusa_tulda	angiosperms	292582	Bambusa tulda	Eukaryota	Viridiplantae	Streptophyta	Magnoliopsida	Poales	Poaceae	Bambusa
Bangiopsis_sp_CCMP1999	Rhodophyta	2713495	Bangiopsis sp. CCMP1999	Eukaryota		Rhodophyta	Stylonematophyceae	Stylonematales	Stylonemataceae	Bangiopsis
Barentsia_gracilis	Metazoa	232741	Barentsia gracilis	Eukaryota	Metazoa	Entoprocta			Barentsiidae	Barentsia
Barroeca_monosierra	Protists	2830476	Barroeca monosierra	Eukaryota			Choanoflagellata	Craspedida	Salpingoecidae	Barroeca
Baseodiscus_unicolor	Metazoa	547255	Baseodiscus unicolor	Eukaryota	Metazoa	Nemertea	Pilidiophora	Heteronemertea	Baseodiscidae	Baseodiscus
Basidioascus_undulatus	Fungi	1230402	Basidioascus undulatus	Eukaryota	Fungi	Basidiomycota	Geminibasidiomycetes	Geminibasidiales	Geminibasidiaceae	Basidioascus
Basidiobolus_meristosporus_CBS_931.73	Fungi	1314790	Basidiobolus meristosporus CBS 931.73	Eukaryota	Fungi	Basidiobolomycota	Basidiobolomycetes	Basidiobolales	Basidiobolaceae	Basidiobolus
Basidiobolus_ranarum	Fungi	34480	Basidiobolus ranarum	Eukaryota	Fungi	Basidiobolomycota	Basidiobolomycetes	Basidiobolales	Basidiobolaceae	Basidiobolus
Bathelium_mastoideum	Fungi	2939407	Bathelium mastoideum	Eukaryota	Fungi	Ascomycota	Dothideomycetes	Trypetheliales	Trypetheliaceae	Bathelium
Bathycallisoma_schellenbergi	Metazoa	228744	Scopelocheirus schellenbergi	Eukaryota	Metazoa	Arthropoda	Malacostraca	Amphipoda	Lysianassidae	Scopelocheirus
Bathycoccus_prasinos	chlorophyta	41875	Bathycoccus prasinos	Eukaryota	Viridiplantae	Chlorophyta	Mamiellophyceae	Mamiellales	Bathycoccaceae	Bathycoccus
Bathydrilus_sp._DSW-2020	Metazoa	2705229	Bathydrilus sp. DSW-2020	Eukaryota	Metazoa	Annelida	Clitellata	Tubificida	Naididae	Bathydrilus
Bathymodiolus/Gigantidas_platifrons	Metazoa	2830794	Gigantidas platifrons	Eukaryota	Metazoa	Mollusca	Bivalvia	Mytilida	Modiolidae	Gigantidas
Bathynomus_jamesi	Metazoa	1955234	Bathynomus jamesi	Eukaryota	Metazoa	Arthropoda	Malacostraca	Isopoda	Cirolanidae	Bathynomus
Batillaria_attramentaria	Metazoa	370345	Batillaria attramentaria	Eukaryota	Metazoa	Mollusca	Gastropoda		Batillariidae	Batillaria
Batrachochytrium_dendrobatidis_JAM81	Fungi	684364	Batrachochytrium dendrobatidis JAM81	Eukaryota	Fungi	Chytridiomycota	Chytridiomycetes	Rhizophydiales		Batrachochytrium
Batrachochytrium_salamandrivorans	Fungi	1357716	Batrachochytrium salamandrivorans	Eukaryota	Fungi	Chytridiomycota	Chytridiomycetes	Rhizophydiales		Batrachochytrium
Batrachuperus_yenyuanensis	Metazoa	156990	Batrachuperus yenyuanensis	Eukaryota	Metazoa	Chordata	Amphibia	Caudata	Hynobiidae	Batrachuperus
Baudoinia_panamericana_UAMH_10762	Fungi	717646	Baudoinia panamericana UAMH 10762	Eukaryota	Fungi	Ascomycota	Dothideomycetes	Mycosphaerellales	Teratosphaeriaceae	Baudoinia
Bauhinia_variegata	angiosperms	167791	Bauhinia variegata	Eukaryota	Viridiplantae	Streptophyta	Magnoliopsida	Fabales	Fabaceae	Bauhinia
Bayerotrochus_midas	Metazoa	702825	Bayerotrochus midas	Eukaryota	Metazoa	Mollusca	Gastropoda	Pleurotomariida	Pleurotomariidae	Bayerotrochus
Beauveria_asiatica	Fungi	1069075	Beauveria asiatica	Eukaryota	Fungi	Ascomycota	Sordariomycetes	Hypocreales	Cordycipitaceae	Beauveria
Beauveria_bassiana_ARSEF_2860	Fungi	655819	Beauveria bassiana ARSEF 2860	Eukaryota	Fungi	Ascomycota	Sordariomycetes	Hypocreales	Cordycipitaceae	Beauveria
Beauveria_gryllotalpidicola	Fungi	2684613	Beauveria gryllotalpidicola	Eukaryota	Fungi	Ascomycota	Sordariomycetes	Hypocreales	Cordycipitaceae	Beauveria
Beauveria_mimosiformis	Fungi	2857482	Beauveria mimosiformis	Eukaryota	Fungi	Ascomycota	Sordariomycetes	Hypocreales	Cordycipitaceae	Beauveria
Beauveria_namnaoensis	Fungi	2857483	Beauveria namnaoensis	Eukaryota	Fungi	Ascomycota	Sordariomycetes	Hypocreales	Cordycipitaceae	Beauveria
Beauveria_neobassiana	Fungi	2857484	Beauveria neobassiana	Eukaryota	Fungi	Ascomycota	Sordariomycetes	Hypocreales	Cordycipitaceae	Beauveria
Beauveria_thailandica	Fungi	2857485	Beauveria thailandica	Eukaryota	Fungi	Ascomycota	Sordariomycetes	Hypocreales	Cordycipitaceae	Beauveria
Benincasa_hispida	angiosperms	102211	Benincasa hispida	Eukaryota	Viridiplantae	Streptophyta	Magnoliopsida	Cucurbitales	Cucurbitaceae	Benincasa
Benjaminiella_poitrasii	Fungi	64631	Benjaminiella poitrasii	Eukaryota	Fungi	Mucoromycota	Mucoromycetes	Mucorales	Mucoraceae	Benjaminiella
Berkeleyomyces_rouxiae	Fungi	2035830	Berkeleyomyces rouxiae	Eukaryota	Fungi	Ascomycota	Sordariomycetes	Microascales	Ceratocystidaceae	Berkeleyomyces
Bertholletia_excelsa	angiosperms	3645	Bertholletia excelsa	Eukaryota	Viridiplantae	Streptophyta	Magnoliopsida	Ericales	Lecythidaceae	Bertholletia
Besnoitia_besnoiti	Protists	94643	Besnoitia besnoiti	Eukaryota		Apicomplexa	Conoidasida	Eucoccidiorida	Sarcocystidae	Besnoitia
Beta_vulgaris	angiosperms	3555	Beta vulgaris subsp. vulgaris	Eukaryota	Viridiplantae	Streptophyta	Magnoliopsida	Caryophyllales	Amaranthaceae	Beta
Betta_splendens	Metazoa	158456	Betta splendens	Eukaryota	Metazoa	Chordata	Actinopteri	Anabantiformes	Osphronemidae	Betta
Biancaea_sappan	angiosperms	483143	Biancaea sappan	Eukaryota	Viridiplantae	Streptophyta	Magnoliopsida	Fabales	Fabaceae	Biancaea
Bicosta_minor	Protists	1864616	Bicosta minor	Eukaryota			Choanoflagellata	Craspedida	Salpingoecidae	Bicosta
Bidens_hawaiensis	angiosperms	980011	Bidens hawaiensis	Eukaryota	Viridiplantae	Streptophyta	Magnoliopsida	Asterales	Asteraceae	Bidens
Bienertia_sinuspersici	angiosperms	338654	Bienertia sinuspersici	Eukaryota	Viridiplantae	Streptophyta	Magnoliopsida	Caryophyllales	Amaranthaceae	Bienertia
Bifiguratus_adelaidae	Fungi	1938954	Bifiguratus adelaidae	Eukaryota	Fungi	Mucoromycota	Endogonomycetes	Endogonales		Bifiguratus
Bimuria_novae-zelandiae_CBS_107.79	Fungi	1447943	Bimuria novae-zelandiae CBS 107.79	Eukaryota	Fungi	Ascomycota	Dothideomycetes	Pleosporales	Didymosphaeriaceae	Bimuria
Bimuria_novaezelandiae_CBS_107.79	Fungi	1447943	Bimuria novae-zelandiae CBS 107.79	Eukaryota	Fungi	Ascomycota	Dothideomycetes	Pleosporales	Didymosphaeriaceae	Bimuria
Binucleata_daphniae	Fungi	478975	Binucleata daphniae	Eukaryota	Fungi	Microsporidia				Binucleata
Biomphalaria_glabrata	Metazoa	6526	Biomphalaria glabrata	Eukaryota	Metazoa	Mollusca	Gastropoda		Planorbidae	Biomphalaria
Bipalium_kewense	Metazoa	66750	Bipalium kewense	Eukaryota	Metazoa	Platyhelminthes		Tricladida	Geoplanidae	Bipalium
Bipolaris_maydis	Fungi	5016	Bipolaris maydis	Eukaryota	Fungi	Ascomycota	Dothideomycetes	Pleosporales	Pleosporaceae	Bipolaris
Bipolaris_oryzae_ATCC_44560	Fungi	930090	Bipolaris oryzae ATCC 44560	Eukaryota	Fungi	Ascomycota	Dothideomycetes	Pleosporales	Pleosporaceae	Bipolaris
Bipolaris_sorokiniana_ND90Pr	Fungi	665912	Bipolaris sorokiniana ND90Pr	Eukaryota	Fungi	Ascomycota	Dothideomycetes	Pleosporales	Pleosporaceae	Bipolaris
Bipolaris_victoriae_FI3	Fungi	930091	Bipolaris victoriae FI3	Eukaryota	Fungi	Ascomycota	Dothideomycetes	Pleosporales	Pleosporaceae	Bipolaris
Bipolaris_zeicola_26-R-13	Fungi	930089	Bipolaris zeicola 26-R-13	Eukaryota	Fungi	Ascomycota	Dothideomycetes	Pleosporales	Pleosporaceae	Bipolaris
Bipolaris_zeicola_26R13	Fungi	930089	Bipolaris zeicola 26-R-13	Eukaryota	Fungi	Ascomycota	Dothideomycetes	Pleosporales	Pleosporaceae	Bipolaris
Birgus_latro	Metazoa	177283	Birgus latro	Eukaryota	Metazoa	Arthropoda	Malacostraca	Decapoda	Coenobitidae	Birgus
Biscogniauxia_marginata	Fungi	110534	Biscogniauxia marginata	Eukaryota	Fungi	Ascomycota	Sordariomycetes	Xylariales	Xylariaceae	Biscogniauxia
Bithynia_siamensis_goniomphalos	Metazoa	479249	Bithynia goniomphalos	Eukaryota	Metazoa	Mollusca	Gastropoda	Littorinimorpha	Bithyniidae	Bithynia
Blaberus_atropos	Metazoa	36942	Blaberus atropos	Eukaryota	Metazoa	Arthropoda	Insecta	Blattodea	Blaberidae	Blaberus
Blakeslea_trispora	Fungi	4850	Blakeslea trispora	Eukaryota	Fungi	Mucoromycota	Mucoromycetes	Mucorales	Choanephoraceae	Blakeslea
Blastenia_crenularia	Fungi	1301208	Blastenia crenularia	Eukaryota	Fungi	Ascomycota	Lecanoromycetes	Teloschistales	Teloschistaceae	Blastenia
Blastocladiella_britannica	Fungi	64508	Blastocladiella britannica	Eukaryota	Fungi	Blastocladiomycota	Blastocladiomycetes	Blastocladiales	Blastocladiaceae	Blastocladiella
Blastocladiella_emersonii_ATCC_22665	Fungi	1313167	Blastocladiella emersonii ATCC 22665	Eukaryota	Fungi	Blastocladiomycota	Blastocladiomycetes	Blastocladiales	Blastocladiaceae	Blastocladiella
Blastocystis_hominis	Protists	12968	Blastocystis hominis	Eukaryota			Bigyra	Opalinata	Blastocystidae	Blastocystis
Blastomyces_dermatitidis_ER-3	Fungi	559297	Blastomyces dermatitidis ER-3	Eukaryota	Fungi	Ascomycota	Eurotiomycetes	Onygenales	Ajellomycetaceae	Blastomyces
Blastomyces_dermatitidis_ER3	Fungi	559297	Blastomyces dermatitidis ER-3	Eukaryota	Fungi	Ascomycota	Eurotiomycetes	Onygenales	Ajellomycetaceae	Blastomyces
Blastomyces_gilchristii_SLH14081	Fungi	559298	Blastomyces gilchristii SLH14081	Eukaryota	Fungi	Ascomycota	Eurotiomycetes	Onygenales	Ajellomycetaceae	Blastomyces
Blastomyces_parvus	Fungi	2060905	Blastomyces parvus	Eukaryota	Fungi	Ascomycota	Eurotiomycetes	Onygenales	Ajellomycetaceae	Blastomyces
Blastomyces_silverae	Fungi	2060906	Blastomyces silverae	Eukaryota	Fungi	Ascomycota	Eurotiomycetes	Onygenales	Ajellomycetaceae	Blastomyces
Blastosporella_zonata	Fungi	530045	Blastosporella zonata	Eukaryota	Fungi	Basidiomycota	Agaricomycetes	Agaricales	Lyophyllaceae	Blastosporella
Blattella_germanica	Metazoa	6973	Blattella germanica	Eukaryota	Metazoa	Arthropoda	Insecta	Blattodea	Blattellidae	Blattella
Blepharisma_stoltei	Protists	1481888	Blepharisma stoltei	Eukaryota		Ciliophora	Heterotrichea	Heterotrichida	Blepharismidae	Blepharisma
Blomia_tropicalis	Metazoa	40697	Blomia tropicalis	Eukaryota	Metazoa	Arthropoda	Arachnida	Sarcoptiformes	Echimyopodidae	Blomia
Blumeria_graminis_f._sp._triticale	Fungi	1689686	Blumeria graminis f. sp. triticale	Eukaryota	Fungi	Ascomycota	Leotiomycetes	Erysiphales	Erysiphaceae	Blumeria
Blyttiomyces_helicus	Fungi	388810	Blyttiomyces helicus	Eukaryota	Fungi	Chytridiomycota	Chytridiomycetes			Blyttiomyces
Boccardia_wellingtonensis	Metazoa	2584083	Boccardia wellingtonensis	Eukaryota	Metazoa	Annelida	Polychaeta	Spionida	Spionidae	Boccardia
Bochica_withi	Metazoa	2590525	Bochica sp. MCZ 144332	Eukaryota	Metazoa	Arthropoda	Arachnida	Pseudoscorpiones	Bochicidae	Bochica
Boeremia_exigua	Fungi	749465	Boeremia exigua	Eukaryota	Fungi	Ascomycota	Dothideomycetes	Pleosporales	Didymellaceae	Boeremia
Bogoriella_megaspora	Fungi	2939406	Bogoriella megaspora	Eukaryota	Fungi	Ascomycota	Dothideomycetes	Trypetheliales	Trypetheliaceae	Bogoriella
Boleophthalmus_pectinirostris	Metazoa	150288	Boleophthalmus pectinirostris	Eukaryota	Metazoa	Chordata	Actinopteri	Gobiiformes	Gobiidae	Boleophthalmus
Boletus_coccyginus	Fungi	1758874	Boletus coccyginus	Eukaryota	Fungi	Basidiomycota	Agaricomycetes	Boletales	Boletaceae	Boletus
Boletus_reticuloceps	Fungi	495285	Boletus reticuloceps	Eukaryota	Fungi	Basidiomycota	Agaricomycetes	Boletales	Boletaceae	Boletus
Bombardia_bombarda	Fungi	252184	Bombardia bombarda	Eukaryota	Fungi	Ascomycota	Sordariomycetes	Sordariales	Lasiosphaeriaceae	Bombardia
Bombina_bombina	Metazoa	8345	Bombina bombina	Eukaryota	Metazoa	Chordata	Amphibia	Anura	Bombinatoridae	Bombina
Bombyx_mori	Metazoa	7091	Bombyx mori	Eukaryota	Metazoa	Arthropoda	Insecta	Lepidoptera	Bombycidae	Bombyx
Bonamia_ostreae	Protists	126728	Bonamia ostreae	Eukaryota		Endomyxa	Ascetosporea	Haplosporida	Haplosporidiidae	Bonamia
Bondarzewia_mesenterica	Fungi	1095465	Bondarzewia mesenterica	Eukaryota	Fungi	Basidiomycota	Agaricomycetes	Russulales	Bondarzewiaceae	Bondarzewia
Bonia_amplexicaulis	angiosperms	338503	Bonia amplexicaulis	Eukaryota	Viridiplantae	Streptophyta	Magnoliopsida	Poales	Poaceae	Bonia
Boothiomyces_macroporosus	Fungi	261099	Boothiomyces macroporosus	Eukaryota	Fungi	Chytridiomycota	Chytridiomycetes	Rhizophydiales	Terramycetaceae	Boothiomyces
Borealophlyctis_nickersoniae	Fungi	2735257	Borealophlyctis nickersoniae	Eukaryota	Fungi	Chytridiomycota	Chytridiomycetes	Rhizophlyctidales	Borealophlyctidaceae	Borealophlyctis
Boreus_hyemalis	Metazoa	185833	Boreus hyemalis	Eukaryota	Metazoa	Arthropoda	Insecta	Mecoptera	Boreidae	Boreus
Bostrychus_sinensis	Metazoa	86224	Bostrychus sinensis	Eukaryota	Metazoa	Chordata	Actinopteri	Gobiiformes	Eleotridae	Bostrychus
Bothrioneurum_vejdovskyanum	Metazoa	188204	Bothrioneurum vejdovskyanum	Eukaryota	Metazoa	Annelida	Clitellata	Tubificida	Naididae	Bothrioneurum
Bothrioplana_semperi	Metazoa	79787	Bothrioplana semperi	Eukaryota	Metazoa	Platyhelminthes			Bothrioplanidae	Bothrioplana
Botryobasidium_botryosum_FD-172_SS1	Fungi	930990	Botryobasidium botryosum FD-172 SS1	Eukaryota	Fungi	Basidiomycota	Agaricomycetes	Cantharellales	Botryobasidiaceae	Botryobasidium
Botryobasidium_botryosum_FD172_SS1	Fungi	930990	Botryobasidium botryosum FD-172 SS1	Eukaryota	Fungi	Basidiomycota	Agaricomycetes	Cantharellales	Botryobasidiaceae	Botryobasidium
Botryosphaeria_dothidea	Fungi	55169	Botryosphaeria dothidea	Eukaryota	Fungi	Ascomycota	Dothideomycetes	Botryosphaeriales	Botryosphaeriaceae	Botryosphaeria
Botryotinia_calthae	Fungi	38488	Botryotinia calthae	Eukaryota	Fungi	Ascomycota	Leotiomycetes	Helotiales	Sclerotiniaceae	Botryotinia
Botryotinia_convoluta	Fungi	54673	Botryotinia convoluta	Eukaryota	Fungi	Ascomycota	Leotiomycetes	Helotiales	Sclerotiniaceae	Botryotinia
Botryotinia_globosa	Fungi	278942	Botryotinia globosa	Eukaryota	Fungi	Ascomycota	Leotiomycetes	Helotiales	Sclerotiniaceae	Botryotinia
Botryotinia_narcissicola	Fungi	278944	Botryotinia narcissicola	Eukaryota	Fungi	Ascomycota	Leotiomycetes	Helotiales	Sclerotiniaceae	Botryotinia
Botrytis_aclada	Fungi	139639	Botrytis aclada	Eukaryota	Fungi	Ascomycota	Leotiomycetes	Helotiales	Sclerotiniaceae	Botrytis
Botrytis_byssoidea	Fungi	139641	Botrytis byssoidea	Eukaryota	Fungi	Ascomycota	Leotiomycetes	Helotiales	Sclerotiniaceae	Botrytis
Botrytis_cinerea_B05.10	Fungi	332648	Botrytis cinerea B05.10	Eukaryota	Fungi	Ascomycota	Leotiomycetes	Helotiales	Sclerotiniaceae	Botrytis
Botrytis_deweyae	Fungi	2478750	Botrytis deweyae	Eukaryota	Fungi	Ascomycota	Leotiomycetes	Helotiales	Sclerotiniaceae	Botrytis
Botrytis_fragariae	Fungi	1964551	Botrytis fragariae	Eukaryota	Fungi	Ascomycota	Leotiomycetes	Helotiales	Sclerotiniaceae	Botrytis
Botrytis_galanthina	Fungi	278940	Botrytis galanthina	Eukaryota	Fungi	Ascomycota	Leotiomycetes	Helotiales	Sclerotiniaceae	Botrytis
Botrytis_hyacinthi	Fungi	278943	Botrytis hyacinthi	Eukaryota	Fungi	Ascomycota	Leotiomycetes	Helotiales	Sclerotiniaceae	Botrytis
Botrytis_paeoniae	Fungi	278948	Botrytis paeoniae	Eukaryota	Fungi	Ascomycota	Leotiomycetes	Helotiales	Sclerotiniaceae	Botrytis
Botrytis_porri	Fungi	87229	Botrytis porri	Eukaryota	Fungi	Ascomycota	Leotiomycetes	Helotiales	Sclerotiniaceae	Botrytis
Botrytis_sinoallii	Fungi	1463999	Botrytis sinoallii	Eukaryota	Fungi	Ascomycota	Leotiomycetes	Helotiales	Sclerotiniaceae	Botrytis
Botrytis_tulipae	Fungi	87230	Botrytis tulipae	Eukaryota	Fungi	Ascomycota	Leotiomycetes	Helotiales	Sclerotiniaceae	Botrytis
Brachionus_plicatilis	Metazoa	10195	Brachionus plicatilis	Eukaryota	Metazoa	Rotifera	Eurotatoria	Ploima	Brachionidae	Brachionus
Brachycephalus_rotenbergae	Metazoa	2731235	Brachycephalus rotenbergae	Eukaryota	Metazoa	Chordata	Amphibia	Anura	Brachycephalidae	Brachycephalus
Brachycybe_lecontii	Metazoa	1176341	Brachycybe lecontii	Eukaryota	Metazoa	Arthropoda	Diplopoda	Playtdesmida	Andrognathidae	Brachycybe
Brachypodium_distachyon	angiosperms	15368	Brachypodium distachyon	Eukaryota	Viridiplantae	Streptophyta	Magnoliopsida	Poales	Poaceae	Brachypodium
Bradybaena_similaris	Metazoa	145626	Bradybaena similaris	Eukaryota	Metazoa	Mollusca	Gastropoda	Stylommatophora	Camaenidae	Bradybaena
Bradysia_coprophila	Metazoa	38358	Bradysia coprophila	Eukaryota	Metazoa	Arthropoda	Insecta	Diptera	Sciaridae	Bradysia
Branchinecta_lindahli	Metazoa	91573	Branchinecta lindahli	Eukaryota	Metazoa	Arthropoda	Branchiopoda	Anostraca	Branchinectidae	Branchinecta
Branchiostoma_belcheri	Metazoa	7741	Branchiostoma belcheri	Eukaryota	Metazoa	Chordata	Leptocardii	Amphioxiformes	Branchiostomatidae	Branchiostoma
Branchiostoma_floridae	Metazoa	7739	Branchiostoma floridae	Eukaryota	Metazoa	Chordata	Leptocardii	Amphioxiformes	Branchiostomatidae	Branchiostoma
Branchiostoma_lanceolatum	Metazoa	7740	Branchiostoma lanceolatum	Eukaryota	Metazoa	Chordata	Leptocardii	Amphioxiformes	Branchiostomatidae	Branchiostoma
Brassica_carinata	angiosperms	52824	Brassica carinata	Eukaryota	Viridiplantae	Streptophyta	Magnoliopsida	Brassicales	Brassicaceae	Brassica
Brassica_cretica	angiosperms	69181	Brassica cretica	Eukaryota	Viridiplantae	Streptophyta	Magnoliopsida	Brassicales	Brassicaceae	Brassica
Brassica_napus	angiosperms	3708	Brassica napus	Eukaryota	Viridiplantae	Streptophyta	Magnoliopsida	Brassicales	Brassicaceae	Brassica
Brassica_oleracea	angiosperms	109376	Brassica oleracea var. oleracea	Eukaryota	Viridiplantae	Streptophyta	Magnoliopsida	Brassicales	Brassicaceae	Brassica
Brassica_rapa	angiosperms	3711	Brassica rapa	Eukaryota	Viridiplantae	Streptophyta	Magnoliopsida	Brassicales	Brassicaceae	Brassica
Bremia_lactucae	Protists	4779	Bremia lactucae	Eukaryota		Oomycota	Peronosporomycetes	Peronosporales	Peronosporaceae	Bremia
Brettanomyces_bruxellensis	Fungi	5007	Brettanomyces bruxellensis	Eukaryota	Fungi	Ascomycota	Pichiomycetes	Pichiales	Pichiaceae	Brettanomyces
Brettanomyces_nanus	Fungi	13502	Brettanomyces nanus	Eukaryota	Fungi	Ascomycota	Pichiomycetes	Pichiales	Pichiaceae	Brettanomyces
Brigantiaea_leucoxantha	Fungi	1145299	Brigantiaea leucoxantha	Eukaryota	Fungi	Ascomycota	Lecanoromycetes	Teloschistales	Brigantiaeaceae	Brigantiaea
Brotheas_granulatus	Metazoa	311986	Brotheas granulatus	Eukaryota	Metazoa	Arthropoda	Arachnida	Scorpiones	Chactidae	Brotheas
Buddleja_alternifolia	angiosperms	168488	Buddleja alternifolia	Eukaryota	Viridiplantae	Streptophyta	Magnoliopsida	Lamiales	Scrophulariaceae	Buddleja
Bufo_gargarizans	Metazoa	30331	Bufo gargarizans	Eukaryota	Metazoa	Chordata	Amphibia	Anura	Bufonidae	Bufo
Bugula_neritina	Metazoa	10212	Bugula neritina	Eukaryota	Metazoa	Bryozoa	Gymnolaemata	Cheilostomatida	Bugulidae	Bugula
Bursaphelenchus_okinawaensis	Metazoa	465554	Bursaphelenchus okinawaensis	Eukaryota	Metazoa	Nematoda	Chromadorea	Rhabditida	Aphelenchoididae	Bursaphelenchus
Butyriboletus_roseoflavus	Fungi	1325616	Butyriboletus roseoflavus	Eukaryota	Fungi	Basidiomycota	Agaricomycetes	Boletales	Boletaceae	Butyriboletus
Byssothecium_circinans	Fungi	147558	Byssothecium circinans	Eukaryota	Fungi	Ascomycota	Dothideomycetes	Pleosporales	Massarinaceae	Byssothecium
Cacodemonius_sp._MCZ_144363	Metazoa	2590505	Cacodemonius sp. MCZ 144363	Eukaryota	Metazoa	Arthropoda	Arachnida	Pseudoscorpiones	Withiidae	Cacodemonius
Cadophora_gregata	Fungi	51156	Cadophora gregata	Eukaryota	Fungi	Ascomycota	Leotiomycetes	Helotiales	Ploettnerulaceae	Cadophora
Cadophora_malorum	Fungi	108018	Cadophora malorum	Eukaryota	Fungi	Ascomycota	Leotiomycetes	Helotiales	Ploettnerulaceae	Cadophora
Caenoplana_variegata	Metazoa	1520502	Caenoplana bicolor	Eukaryota	Metazoa	Platyhelminthes		Tricladida	Geoplanidae	Caenoplana
Caenorhabditis_elegans	Metazoa	6239	Caenorhabditis elegans	Eukaryota	Metazoa	Nematoda	Chromadorea	Rhabditida	Rhabditidae	Caenorhabditis
Caeruleum_heppii	Fungi	2939410	Caeruleum heppii	Eukaryota	Fungi	Ascomycota				Caeruleum
Cafeteria_roenbergensis	Protists	33653	Cafeteria roenbergensis	Eukaryota			Bigyra	Bicosoecida	Cafeteriaceae	Cafeteria
Cajanus_cajan	angiosperms	3821	Cajanus cajan	Eukaryota	Viridiplantae	Streptophyta	Magnoliopsida	Fabales	Fabaceae	Cajanus
Calanus_finmarchicus	Metazoa	6837	Calanus finmarchicus	Eukaryota	Metazoa	Arthropoda	Copepoda	Calanoida	Calanidae	Calanus
Calcarisporiella_thermophila	Fungi	911321	Calcarisporiella thermophila	Eukaryota	Fungi	Calcarisporiellomycota	Calcarisporiellomycetes	Calcarisporiellales	Calcarisporiellaceae	Calcarisporiella
Caliphylla_sp.4	Metazoa	749954	Caliphylla	Eukaryota	Metazoa	Mollusca	Gastropoda		Caliphyllidae	
Calliarthron_tuberculosum	Rhodophyta	48942	Calliarthron tuberculosum	Eukaryota		Rhodophyta	Florideophyceae	Corallinales	Corallinaceae	Calliarthron
Callorhinchus_milii	Metazoa	7868	Callorhinchus milii	Eukaryota	Metazoa	Chordata	Chondrichthyes	Chimaeriformes	Callorhinchidae	Callorhinchus
Calocera_cornea_HHB12733	Fungi	1353952	Calocera cornea HHB12733	Eukaryota	Fungi	Basidiomycota	Dacrymycetes	Dacrymycetales	Dacrymycetaceae	Calocera
Calocera_viscosa_TUFC12733	Fungi	1330018	Calocera viscosa TUFC12733	Eukaryota	Fungi	Basidiomycota	Dacrymycetes	Dacrymycetales	Dacrymycetaceae	Calocera
Caloplaca_aegaea	Fungi	520571	Caloplaca aegaea	Eukaryota	Fungi	Ascomycota	Lecanoromycetes	Teloschistales	Teloschistaceae	Caloplaca
Caloplaca_aetnensis	Fungi	520572	Caloplaca aetnensis	Eukaryota	Fungi	Ascomycota	Lecanoromycetes	Teloschistales	Teloschistaceae	Caloplaca
Caloplaca_ligustica	Fungi	2905937	Caloplaca ligustica	Eukaryota	Fungi	Ascomycota	Lecanoromycetes	Teloschistales	Teloschistaceae	Caloplaca
Calycina_marina	Fungi	1763456	Calycina marina	Eukaryota	Fungi	Ascomycota	Leotiomycetes	Helotiales	Pezizellaceae	Calycina
Calypogeia_fissa	bryophytes	362796	Calypogeia fissa	Eukaryota	Viridiplantae	Streptophyta	Jungermanniopsida	Jungermanniales	Calypogeiaceae	Calypogeia
Camelina_sativa	angiosperms	90675	Camelina sativa	Eukaryota	Viridiplantae	Streptophyta	Magnoliopsida	Brassicales	Brassicaceae	Camelina
Camellia_fascicularis	angiosperms	147913	Camellia fascicularis	Eukaryota	Viridiplantae	Streptophyta	Magnoliopsida	Ericales	Theaceae	Camellia
Camellia_lanceoleosa	angiosperms	1840588	Camellia lanceoleosa	Eukaryota	Viridiplantae	Streptophyta	Magnoliopsida	Ericales	Theaceae	Camellia
Camellia_sinensis	angiosperms	542762	Camellia sinensis var. sinensis	Eukaryota	Viridiplantae	Streptophyta	Magnoliopsida	Ericales	Theaceae	Camellia
Camellia_sinensis_var._sinensis	angiosperms	542762	Camellia sinensis var. sinensis	Eukaryota	Viridiplantae	Streptophyta	Magnoliopsida	Ericales	Theaceae	Camellia
Camillea_tinctor	Fungi	110548	Camillea tinctor	Eukaryota	Fungi	Ascomycota	Sordariomycetes	Xylariales	Xylariaceae	Camillea
Campyloderes_vanhoeffeni	Metazoa	1564068	Campyloderes vanhoeffeni	Eukaryota	Metazoa	Kinorhyncha	Cyclorhagida	Kentrorhagata	Centroderidae	Campyloderes
Canariomyces_notabilis	Fungi	2074819	Canariomyces notabilis	Eukaryota	Fungi	Ascomycota	Sordariomycetes	Sordariales	Chaetomiaceae	Canariomyces
Canavalia_gladiata	angiosperms	3824	Canavalia gladiata	Eukaryota	Viridiplantae	Streptophyta	Magnoliopsida	Fabales	Fabaceae	Canavalia
Candelaria_pacifica	Fungi	460848	Candelaria pacifica	Eukaryota	Fungi	Ascomycota	Candelariomycetes	Candelariales	Candelariaceae	Candelaria
Candelina_mexicana	Fungi	460853	Candelina mexicana	Eukaryota	Fungi	Ascomycota	Candelariomycetes	Candelariales	Candelariaceae	Candelina
Candelina_submexicana	Fungi	460854	Candelina submexicana	Eukaryota	Fungi	Ascomycota	Candelariomycetes	Candelariales	Candelariaceae	Candelina
Candida_africana	Fungi	241526	Candida africana	Eukaryota	Fungi	Ascomycota	Pichiomycetes	Serinales	Debaryomycetaceae	Candida
Candida_albicans_SC5314	Fungi	237561	Candida albicans SC5314	Eukaryota	Fungi	Ascomycota	Pichiomycetes	Serinales	Debaryomycetaceae	Candida
Candida_dubliniensis_CD36	Fungi	573826	Candida dubliniensis CD36	Eukaryota	Fungi	Ascomycota	Pichiomycetes	Serinales	Debaryomycetaceae	Candida
Candida_jiufengensis	Fungi	497108	Lodderomyces jiufengensis	Eukaryota	Fungi	Ascomycota	Pichiomycetes	Serinales	Debaryomycetaceae	Lodderomyces
Candida_maltosa_Xu316	Fungi	1245528	Candida maltosa Xu316	Eukaryota	Fungi	Ascomycota	Pichiomycetes	Serinales	Debaryomycetaceae	Candida
Candida_margitis	Fungi	1775924	Lodderomyces margitis	Eukaryota	Fungi	Ascomycota	Pichiomycetes	Serinales	Debaryomycetaceae	Lodderomyces
Candida_metapsilosis	Fungi	273372	Lodderomyces metapsilosis	Eukaryota	Fungi	Ascomycota	Pichiomycetes	Serinales	Debaryomycetaceae	Lodderomyces
Candida_orthopsilosis_Co_90-125	Fungi									
Candida_orthopsilosis_Co_90125	Fungi	1136231	Lodderomyces orthopsilosis Co 90-125	Eukaryota	Fungi	Ascomycota	Pichiomycetes	Serinales	Debaryomycetaceae	Lodderomyces
Candida_oxycetoniae	Fungi	497107	Lodderomyces oxycetoniae	Eukaryota	Fungi	Ascomycota	Pichiomycetes	Serinales	Debaryomycetaceae	Lodderomyces
Candida_parapsilosis	Fungi	5480	Lodderomyces parapsilosis	Eukaryota	Fungi	Ascomycota	Pichiomycetes	Serinales	Debaryomycetaceae	Lodderomyces
Candida_pseudojiufengensis	Fungi	497109	Lodderomyces pseudojiufengensis	Eukaryota	Fungi	Ascomycota	Pichiomycetes	Serinales	Debaryomycetaceae	Lodderomyces
Candida_theae	Fungi	1198502	Lodderomyces theae	Eukaryota	Fungi	Ascomycota	Pichiomycetes	Serinales	Debaryomycetaceae	Lodderomyces
Candida_tropicalis_MYA-3404	Fungi	294747	Candida tropicalis MYA-3404	Eukaryota	Fungi	Ascomycota	Pichiomycetes	Serinales	Debaryomycetaceae	Candida
Candida_tropicalis_MYA3404	Fungi	294747	Candida tropicalis MYA-3404	Eukaryota	Fungi	Ascomycota	Pichiomycetes	Serinales	Debaryomycetaceae	Candida
Candida_verbasci	Fungi	1227364	Insectozyma verbasci	Eukaryota	Fungi	Ascomycota	Pichiomycetes	Serinales	Debaryomycetaceae	Insectozyma
Candidozyma_auris	Fungi	498019	Candidozyma auris	Eukaryota	Fungi	Ascomycota	Pichiomycetes	Serinales	Metschnikowiaceae	Candidozyma
Candidozyma_duobushaemuli	Fungi	1231522	Candidozyma duobushaemuli	Eukaryota	Fungi	Ascomycota	Pichiomycetes	Serinales	Metschnikowiaceae	Candidozyma
Candidozyma_haemuli	Fungi	45357	Candidozyma haemuli	Eukaryota	Fungi	Ascomycota	Pichiomycetes	Serinales	Metschnikowiaceae	Candidozyma
Candidozyma_pseudohaemuli	Fungi	418784	Candidozyma pseudohaemuli	Eukaryota	Fungi	Ascomycota	Pichiomycetes	Serinales	Metschnikowiaceae	Candidozyma
Candidula_unifasciata	Metazoa	100452	Candidula unifasciata	Eukaryota	Metazoa	Mollusca	Gastropoda	Stylommatophora	Geomitridae	Candidula
Candolleomyces_aberdarensis	Fungi	2316362	Candolleomyces aberdarensis	Eukaryota	Fungi	Basidiomycota	Agaricomycetes	Agaricales	Psathyrellaceae	Candolleomyces
Candolleomyces_candolleanus	Fungi	71730	Candolleomyces candolleanus	Eukaryota	Fungi	Basidiomycota	Agaricomycetes	Agaricales	Psathyrellaceae	Candolleomyces
Candolleomyces_efflorescens	Fungi	2917767	Candolleomyces efflorescens	Eukaryota	Fungi	Basidiomycota	Agaricomycetes	Agaricales	Psathyrellaceae	Candolleomyces
Candolleomyces_eurysporus	Fungi	2828524	Candolleomyces eurysporus	Eukaryota	Fungi	Basidiomycota	Agaricomycetes	Agaricales	Psathyrellaceae	Candolleomyces
Canna_indica	angiosperms	4628	Canna indica	Eukaryota	Viridiplantae	Streptophyta	Magnoliopsida	Zingiberales	Cannaceae	Canna
Cannabis_sativa	angiosperms	3483	Cannabis sativa	Eukaryota	Viridiplantae	Streptophyta	Magnoliopsida	Rosales	Cannabaceae	Cannabis
Cantharellus_anzutake	Fungi	1750568	Cantharellus anzutake	Eukaryota	Fungi	Basidiomycota	Agaricomycetes	Cantharellales	Hydnaceae	Cantharellus
Capitella_teleta	Metazoa	283909	Capitella teleta	Eukaryota	Metazoa	Annelida	Polychaeta		Capitellidae	Capitella
Capronia_coronata_CBS_617.96	Fungi	1182541	Capronia coronata CBS 617.96	Eukaryota	Fungi	Ascomycota	Eurotiomycetes	Chaetothyriales	Herpotrichiellaceae	Capronia
Capronia_epimyces_CBS_606.96	Fungi	1182542	Capronia epimyces CBS 606.96	Eukaryota	Fungi	Ascomycota	Eurotiomycetes	Chaetothyriales	Herpotrichiellaceae	Capronia
Capsaspora_owczarzaki	Protists	595528	Capsaspora owczarzaki ATCC 30864	Eukaryota			Filasterea			Capsaspora
Capsella_rubella	angiosperms	81985	Capsella rubella	Eukaryota	Viridiplantae	Streptophyta	Magnoliopsida	Brassicales	Brassicaceae	Capsella
Capsicum_annuum	angiosperms	4072	Capsicum annuum	Eukaryota	Viridiplantae	Streptophyta	Magnoliopsida	Solanales	Solanaceae	Capsicum
Capsicum_chacoense	angiosperms	107817	Capsicum chacoense	Eukaryota	Viridiplantae	Streptophyta	Magnoliopsida	Solanales	Solanaceae	Capsicum
Capsicum_galapagoense	angiosperms	165701	Capsicum galapagoense	Eukaryota	Viridiplantae	Streptophyta	Magnoliopsida	Solanales	Solanaceae	Capsicum
Carcinoscorpius_rotundicauda	Metazoa	6848	Carcinoscorpius rotundicauda	Eukaryota	Metazoa	Arthropoda	Merostomata	Xiphosura	Limulidae	Carcinoscorpius
Cardamine_amara	angiosperms	228776	Cardamine amara subsp. amara	Eukaryota	Viridiplantae	Streptophyta	Magnoliopsida	Brassicales	Brassicaceae	Cardamine
Cardamine_hirsuta	angiosperms	50463	Cardamine hirsuta	Eukaryota	Viridiplantae	Streptophyta	Magnoliopsida	Brassicales	Brassicaceae	Cardamine
Cardamine_resedifolia	angiosperms	352370	Cardamine resedifolia	Eukaryota	Viridiplantae	Streptophyta	Magnoliopsida	Brassicales	Brassicaceae	Cardamine
Cardiosporidium_cionae	Protists	476202	Cardiosporidium cionae	Eukaryota		Apicomplexa	Aconoidasida	Nephromycida		Cardiosporidium
Cardisoma_armatum	Metazoa	556312	Cardisoma armatum	Eukaryota	Metazoa	Arthropoda	Malacostraca	Decapoda	Gecarcinidae	Cardisoma
Carex_littledalei	angiosperms	544730	Carex littledalei	Eukaryota	Viridiplantae	Streptophyta	Magnoliopsida	Poales	Cyperaceae	Carex
Carex_rostrata	angiosperms	241230	Carex rostrata	Eukaryota	Viridiplantae	Streptophyta	Magnoliopsida	Poales	Cyperaceae	Carex
Carica_papaya	angiosperms	3649	Carica papaya	Eukaryota	Viridiplantae	Streptophyta	Magnoliopsida	Brassicales	Caricaceae	Carica
Carnegiea_gigantea	angiosperms	171969	Carnegiea gigantea	Eukaryota	Viridiplantae	Streptophyta	Magnoliopsida	Caryophyllales	Cactaceae	Carnegiea
Carpetania_elisae	Metazoa	452200	Carpetania elisae	Eukaryota	Metazoa	Annelida	Clitellata	Crassiclitellata	Hormogastridae	Carpetania
Carpinus_fangiana	angiosperms	176857	Carpinus fangiana	Eukaryota	Viridiplantae	Streptophyta	Magnoliopsida	Fagales	Betulaceae	Carpinus
Carya_illinoinensis	angiosperms	32201	Carya illinoinensis	Eukaryota	Viridiplantae	Streptophyta	Magnoliopsida	Fagales	Juglandaceae	Carya
Carychium_sp.	Metazoa	145634	Carychium	Eukaryota	Metazoa	Mollusca	Gastropoda	Ellobiida	Ellobiidae	
Castanea_dentata	angiosperms	134033	Castanea dentata	Eukaryota	Viridiplantae	Streptophyta	Magnoliopsida	Fagales	Fagaceae	Castanea
Castanea_mollissima	angiosperms	60419	Castanea mollissima	Eukaryota	Viridiplantae	Streptophyta	Magnoliopsida	Fagales	Fagaceae	Castanea
Castanea_sativa	angiosperms	21020	Castanea sativa	Eukaryota	Viridiplantae	Streptophyta	Magnoliopsida	Fagales	Fagaceae	Castanea
Castilleja_foliolosa	angiosperms	1961234	Castilleja foliolosa	Eukaryota	Viridiplantae	Streptophyta	Magnoliopsida	Lamiales	Orobanchaceae	Castilleja
Catenaria_anguillulae_PL171	Fungi	765915	Catenaria anguillulae PL171	Eukaryota	Fungi	Blastocladiomycota	Blastocladiomycetes	Blastocladiales	Catenariaceae	Catenaria
Cateria_styx	Metazoa	2835554	Cateria styx	Eukaryota	Metazoa	Kinorhyncha	Cyclorhagida		Cateriidae	Cateria
Caulochytrium_protostelioides	Fungi	1555241	Caulochytrium protostelioides	Eukaryota	Fungi	Chytridiomycota	Caulochytriomycetes	Caulochytriales	Caulochytriaceae	Caulochytrium
Cellana_grata	Metazoa	157699	Cellana grata	Eukaryota	Metazoa	Mollusca	Gastropoda		Nacellidae	Cellana
Cellana_radiata	Metazoa	351208	Cellana radiata	Eukaryota	Metazoa	Mollusca	Gastropoda		Nacellidae	Cellana
Cenococcum_geophilum_1.58	Fungi	794803	Cenococcum geophilum 1.58	Eukaryota	Fungi	Ascomycota	Dothideomycetes	Gloniales	Gloniaceae	Cenococcum
Centaurea_solstitialis	angiosperms	347529	Centaurea solstitialis	Eukaryota	Viridiplantae	Streptophyta	Magnoliopsida	Asterales	Asteraceae	Centaurea
Centroderes_spinosus	Metazoa	1415222	Centroderes spinosus	Eukaryota	Metazoa	Kinorhyncha	Cyclorhagida	Kentrorhagata	Centroderidae	Centroderes
Centruroides_sculpturatus	Metazoa	218467	Centruroides sculpturatus	Eukaryota	Metazoa	Arthropoda	Arachnida	Scorpiones	Buthidae	Centruroides
Cephalodiscus	Metazoa	117498	Cephalodiscus	Eukaryota	Metazoa	Hemichordata	Pterobranchia	Cephalodiscida	Cephalodiscidae	
Cephalothrix_hongkongiensis	Metazoa	937758	Cephalothrix hongkongiensis	Eukaryota	Metazoa	Nemertea	Palaeonemertea	Archinemertea	Cephalotrichidae	Cephalothrix
Cephalothrix_simula	Metazoa	187810	Cephalothrix simula	Eukaryota	Metazoa	Nemertea	Palaeonemertea	Archinemertea	Cephalotrichidae	Cephalothrix
Cephalotrichum_gorgonifer	Fungi	2041049	Cephalotrichum gorgonifer	Eukaryota	Fungi	Ascomycota	Sordariomycetes	Microascales	Microascaceae	Cephalotrichum
Cephalotus_follicularis	angiosperms	3775	Cephalotus follicularis	Eukaryota	Viridiplantae	Streptophyta	Magnoliopsida	Oxalidales	Cephalotaceae	Cephalotus
Ceraceosorus_bombacis	Fungi	401625	Ceraceosorus bombacis	Eukaryota	Fungi	Basidiomycota	Exobasidiomycetes	Ceraceosorales	Ceraceosoraceae	Ceraceosorus
Ceraceosorus_guamensis	Fungi	1522189	Ceraceosorus guamensis	Eukaryota	Fungi	Basidiomycota	Exobasidiomycetes	Ceraceosorales	Ceraceosoraceae	Ceraceosorus
Ceratocystis_huliohia	Fungi	2019549	Ceratocystis huliohia	Eukaryota	Fungi	Ascomycota	Sordariomycetes	Microascales	Ceratocystidaceae	Ceratocystis
Ceratocystis_lukuohia	Fungi	2019550	Ceratocystis lukuohia	Eukaryota	Fungi	Ascomycota	Sordariomycetes	Microascales	Ceratocystidaceae	Ceratocystis
Ceratocystis_pirilliformis	Fungi	259994	Ceratocystis pirilliformis	Eukaryota	Fungi	Ascomycota	Sordariomycetes	Microascales	Ceratocystidaceae	Ceratocystis
Ceratocystis_platani	Fungi	88771	Ceratocystis platani	Eukaryota	Fungi	Ascomycota	Sordariomycetes	Microascales	Ceratocystidaceae	Ceratocystis
Ceratodon_purpureus	bryophytes	3225	Ceratodon purpureus	Eukaryota	Viridiplantae	Streptophyta	Bryopsida	Pseudoditrichales	Ditrichaceae	Ceratodon
Ceratophyllus_gallinae	Metazoa	217689	Ceratophyllus gallinae	Eukaryota	Metazoa	Arthropoda	Insecta	Siphonaptera	Ceratophyllidae	Ceratophyllus
Ceratopteris_richardii	angiosperms	49495	Ceratopteris richardii	Eukaryota	Viridiplantae	Streptophyta	Polypodiopsida	Polypodiales	Pteridaceae	Ceratopteris
Cercophora_newfieldiana	Fungi	92897	Cercophora newfieldiana	Eukaryota	Fungi	Ascomycota	Sordariomycetes	Sordariales	Lasiosphaeriaceae	Cercophora
Cercophora_samala	Fungi	330535	Cercophora samala	Eukaryota	Fungi	Ascomycota	Sordariomycetes	Sordariales	Lasiosphaeriaceae	Cercophora
Cercophora_scortea	Fungi	314031	Cercophora scortea	Eukaryota	Fungi	Ascomycota	Sordariomycetes	Sordariales	Lasiosphaeriaceae	Cercophora
Cercopis_vulnerata	Metazoa	279269	Cercopis vulnerata	Eukaryota	Metazoa	Arthropoda	Insecta	Hemiptera	Cercopidae	Cercopis
Cercospora_berteroae	Fungi	357750	Cercospora berteroae	Eukaryota	Fungi	Ascomycota	Dothideomycetes	Mycosphaerellales	Mycosphaerellaceae	Cercospora
Cercospora_beticola	Fungi	122368	Cercospora beticola	Eukaryota	Fungi	Ascomycota	Dothideomycetes	Mycosphaerellales	Mycosphaerellaceae	Cercospora
Cercospora_kikuchii	Fungi	84275	Cercospora kikuchii	Eukaryota	Fungi	Ascomycota	Dothideomycetes	Mycosphaerellales	Mycosphaerellaceae	Cercospora
Cerebratulus_marginatus	Metazoa	187795	Cerebratulus marginatus	Eukaryota	Metazoa	Nemertea	Pilidiophora	Heteronemertea	Lineidae	Cerebratulus
Cerebratulus_sp._BE-2015	Metazoa	1612428	Cerebratulus sp. BE-2015	Eukaryota	Metazoa	Nemertea	Pilidiophora	Heteronemertea	Lineidae	Cerebratulus
Ceriodaphnia_quadrangula	Metazoa	302196	Ceriodaphnia quadrangula	Eukaryota	Metazoa	Arthropoda	Branchiopoda	Diplostraca	Daphniidae	Ceriodaphnia
Cerioporus_squamosus	Fungi	2829415	Cerioporus squamosus	Eukaryota	Fungi	Basidiomycota	Agaricomycetes	Polyporales	Polyporaceae	Cerioporus
Cerrena_zonata	Fungi	2478898	Cerrena zonata	Eukaryota	Fungi	Basidiomycota	Agaricomycetes	Polyporales	Cerrenaceae	Cerrena
Cetraspora_pellucida	Fungi	1433469	Cetraspora pellucida	Eukaryota	Fungi	Glomeromycota	Glomeromycetes	Diversisporales	Gigasporaceae	Cetraspora
Chaenotheca_gracillima	Fungi	164576	Chaenotheca gracillima	Eukaryota	Fungi	Ascomycota	Coniocybomycetes	Coniocybales	Coniocybaceae	Chaenotheca
Chaerilus_celebensis	Metazoa	1577633	Chaerilus celebensis	Eukaryota	Metazoa	Arthropoda	Arachnida	Scorpiones	Chaerilidae	Chaerilus
Chaetoceros_neogracilis	Protists	240364	Chaetoceros neogracilis	Eukaryota		Bacillariophyta	Thalassiosirophyceae	Chaetocerotales	Chaetocerotaceae	Chaetoceros
Chaetoceros_tenuissimus	Protists	426638	Chaetoceros tenuissimus	Eukaryota		Bacillariophyta	Thalassiosirophyceae	Chaetocerotales	Chaetocerotaceae	Chaetoceros
Chaetoderma_nitidulum	Metazoa	256131	Chaetoderma nitidulum	Eukaryota	Metazoa	Mollusca	Caudofoveata	Chaetodermatida	Chaetodermatidae	Chaetoderma
Chaetogaster_diaphanus	Metazoa	212246	Chaetogaster diaphanus	Eukaryota	Metazoa	Annelida	Clitellata	Tubificida	Naididae	Chaetogaster
Chaetomidium_leptoderma	Fungi	669021	Chaetomidium leptoderma	Eukaryota	Fungi	Ascomycota	Sordariomycetes	Sordariales	Chaetomiaceae	Chaetomidium
Chaetomium_fimeti	Fungi	1854472	Chaetomium fimeti	Eukaryota	Fungi	Ascomycota	Sordariomycetes	Sordariales	Chaetomiaceae	Chaetomium
Chaetomium_globosum_CBS_148.51	Fungi	306901	Chaetomium globosum CBS 148.51	Eukaryota	Fungi	Ascomycota	Sordariomycetes	Sordariales	Chaetomiaceae	Chaetomium
Chaetomium_olivicolor	Fungi	1485946	Chaetomium olivicolor	Eukaryota	Fungi	Ascomycota	Sordariomycetes	Sordariales	Chaetomiaceae	Chaetomium
Chaetomium_strumarium	Fungi	1170767	Chaetomium strumarium	Eukaryota	Fungi	Ascomycota	Sordariomycetes	Sordariales	Chaetomiaceae	Chaetomium
Chaetomium_tenue	Fungi	1854479	Chaetomium tenue	Eukaryota	Fungi	Ascomycota	Sordariomycetes	Sordariales	Chaetomiaceae	Chaetomium
Chaetopleura_apiculata	Metazoa	58794	Chaetopleura apiculata	Eukaryota	Metazoa	Mollusca	Polyplacophora	Chitonida	Chaetopleuridae	Chaetopleura
Chaetopterus_sp._SL-2014	Metazoa	1570313	Chaetopterus sp. SL-2014	Eukaryota	Metazoa	Annelida	Polychaeta		Chaetopteridae	Chaetopterus
Chaetopterus_variopedatus	Metazoa	34590	Chaetopterus variopedatus	Eukaryota	Metazoa	Annelida	Polychaeta		Chaetopteridae	Chaetopterus
Chanos_chanos	Metazoa	29144	Chanos chanos	Eukaryota	Metazoa	Chordata	Actinopteri	Gonorynchiformes	Chanidae	Chanos
Chara_braunii	chlorophyta	69332	Chara braunii	Eukaryota	Viridiplantae	Streptophyta	Charophyceae	Charales	Characeae	Chara
Charinus_ioanniticus	Metazoa	1938788	Charinus ioanniticus	Eukaryota	Metazoa	Arthropoda	Arachnida	Amblypygi	Charinidae	Charinus
Charinus_israelensis	Metazoa	2760776	Sarax israelensis	Eukaryota	Metazoa	Arthropoda	Arachnida	Amblypygi	Charinidae	Sarax
Charonia_lampas	Metazoa	500097	Charonia lampas	Eukaryota	Metazoa	Mollusca	Gastropoda	Littorinimorpha	Ranellidae	Charonia
Chelonia_mydas	Metazoa	8469	Chelonia mydas	Eukaryota	Metazoa	Chordata		Testudines	Cheloniidae	Chelonia
Chenopodium_album	angiosperms	3559	Chenopodium album	Eukaryota	Viridiplantae	Streptophyta	Magnoliopsida	Caryophyllales	Amaranthaceae	Chenopodium
Chenopodium_quinoa	angiosperms	63459	Chenopodium quinoa	Eukaryota	Viridiplantae	Streptophyta	Magnoliopsida	Caryophyllales	Amaranthaceae	Chenopodium
Cherax_quadricarinatus	Metazoa	27406	Cherax quadricarinatus	Eukaryota	Metazoa	Arthropoda	Malacostraca	Decapoda	Parastacidae	Cherax
Childia_submaculatum	Metazoa	243778	Childia submaculatum	Eukaryota	Metazoa	Xenacoelomorpha		Acoela	Childiidae	Childia
Chiloscyllium_plagiosum	Metazoa	36176	Chiloscyllium plagiosum	Eukaryota	Metazoa	Chordata	Chondrichthyes	Orectolobiformes	Hemiscylliidae	Chiloscyllium
Chionoecetes_opilio	Metazoa	41210	Chionoecetes opilio	Eukaryota	Metazoa	Arthropoda	Malacostraca	Decapoda	Majidae	Chionoecetes
Chiridota_heheva	Metazoa	2743191	Chiridota heheva	Eukaryota	Metazoa	Echinodermata	Holothuroidea	Apodida	Chiridotidae	Chiridota
Chiromantes_haematocheir	Metazoa	151164	Chiromantes haematocheir	Eukaryota	Metazoa	Arthropoda	Malacostraca	Decapoda	Sesarmidae	Chiromantes
Chiroteuthis_calyx	Metazoa	559536	Chiroteuthis calyx	Eukaryota	Metazoa	Mollusca	Cephalopoda	Oegopsida	Chiroteuthidae	Chiroteuthis
Chiroxiphia_lanceolata	Metazoa	296741	Chiroxiphia lanceolata	Eukaryota	Metazoa	Chordata	Aves	Passeriformes	Pipridae	Chiroxiphia
Chiton_olivaceus_(Rhyssoplax_olivaceus)	Metazoa	256108	Chiton olivaceus	Eukaryota	Metazoa	Mollusca	Polyplacophora	Chitonida	Chitonidae	Chiton
Chiton_tuberculatus	Metazoa	1539881	Chiton tuberculatus	Eukaryota	Metazoa	Mollusca	Polyplacophora	Chitonida	Chitonidae	Chiton
Chiua_virens	Fungi	1914213	Chiua virens	Eukaryota	Fungi	Basidiomycota	Agaricomycetes	Boletales	Boletaceae	Chiua
Chlamydoabsidia_padenii	Fungi	90267	Chlamydoabsidia padenii	Eukaryota	Fungi	Mucoromycota	Mucoromycetes	Mucorales	Cunninghamellaceae	Chlamydoabsidia
Chlamydomonas_eustigma	chlorophyta	1157962	Chlamydomonas eustigma	Eukaryota	Viridiplantae	Chlorophyta	Chlorophyceae	Chlamydomonadales	Chlamydomonadaceae	Chlamydomonas
Chlamydomonas_incerta	chlorophyta	51695	Chlamydomonas incerta	Eukaryota	Viridiplantae	Chlorophyta	Chlorophyceae	Chlamydomonadales	Chlamydomonadaceae	Chlamydomonas
Chlamydomonas_reinhardtii	chlorophyta	3055	Chlamydomonas reinhardtii	Eukaryota	Viridiplantae	Chlorophyta	Chlorophyceae	Chlamydomonadales	Chlamydomonadaceae	Chlamydomonas
Chlamydomonas_schloesseri	chlorophyta	2026947	Chlamydomonas schloesseri	Eukaryota	Viridiplantae	Chlorophyta	Chlorophyceae	Chlamydomonadales	Chlamydomonadaceae	Chlamydomonas
Chloranthus_sessilifolius	angiosperms	146544	Chloranthus sessilifolius	Eukaryota	Viridiplantae	Streptophyta	Magnoliopsida	Chloranthales	Chloranthaceae	Chloranthus
Chlorella_ohadii	chlorophyta	2649997	Chlorella ohadii	Eukaryota	Viridiplantae	Chlorophyta	Trebouxiophyceae	Chlorellales	Chlorellaceae	Chlorella
Chlorella_variabilis	chlorophyta	554065	Chlorella variabilis	Eukaryota	Viridiplantae	Chlorophyta	Trebouxiophyceae	Chlorellales	Chlorellaceae	Chlorella
Chlorella_vulgaris	chlorophyta	3077	Chlorella vulgaris	Eukaryota	Viridiplantae	Chlorophyta	Trebouxiophyceae	Chlorellales	Chlorellaceae	Chlorella
Chloropicon_primus	chlorophyta	1764295	Chloropicon primus	Eukaryota	Viridiplantae	Chlorophyta	Chloropicophyceae	Chloropicales	Chloropicaceae	Chloropicon
Chloropicon_roscoffensis	chlorophyta	1461544	Chloropicon roscoffensis	Eukaryota	Viridiplantae	Chlorophyta	Chloropicophyceae	Chloropicales	Chloropicaceae	Chloropicon
Choanephora_cucurbitarum	Fungi	101091	Choanephora cucurbitarum	Eukaryota	Fungi	Mucoromycota	Mucoromycetes	Mucorales	Choanephoraceae	Choanephora
Choanoeca_flexa	Protists	2572930	Choanoeca flexa	Eukaryota			Choanoflagellata	Craspedida	Salpingoecidae	Choanoeca
Choanoeca_perplexa	Protists	81531	Choanoeca perplexa	Eukaryota			Choanoflagellata	Craspedida	Salpingoecidae	Choanoeca
Choanoflagellata_sp_UC4	Protists	2611346	Choanoflagellata sp.	Eukaryota			Choanoflagellata			
Choiromyces_venosus_120613-1	Fungi	1336337	Choiromyces venosus 120613-1	Eukaryota	Fungi	Ascomycota	Pezizomycetes	Pezizales	Tuberaceae	Choiromyces
Choiromyces_venosus_1206131	Fungi	1336337	Choiromyces venosus 120613-1	Eukaryota	Fungi	Ascomycota	Pezizomycetes	Pezizales	Tuberaceae	Choiromyces
Choloepus_didactylus	Metazoa	27675	Choloepus didactylus	Eukaryota	Metazoa	Chordata	Mammalia	Pilosa	Megalonychidae	Choloepus
Chondrus_crispus	Rhodophyta	2769	Chondrus crispus	Eukaryota		Rhodophyta	Florideophyceae	Gigartinales	Gigartinaceae	Chondrus
Chorismus_antarcticus	Metazoa	442697	Chorismus antarcticus	Eukaryota	Metazoa	Arthropoda	Malacostraca	Decapoda	Hippolytidae	Chorismus
Choristocarpus_tenellus	Protists	116065	Choristocarpus tenellus	Eukaryota			Phaeophyceae	Sphacelariales	Choristocarpaceae	Choristocarpus
Chromosphaera_perkinsii	Protists	1932427	Ichthyosporea sp. XGB-2017a	Eukaryota			Ichthyosporea			
Chrysis_viridula	Metazoa	212616	Chrysis viridula	Eukaryota	Metazoa	Arthropoda	Insecta	Hymenoptera	Chrysididae	Chrysis
Chrysochromulina_tobinii	Protists	1460289	Chrysochromulina tobinii	Eukaryota		Haptophyta		Prymnesiales	Chrysochromulinaceae	Chrysochromulina
Chrysomallon_squamiferum	Metazoa	216257	Chrysomallon squamiferum	Eukaryota	Metazoa	Mollusca	Gastropoda	Neomphalida	Peltospiridae	Chrysomallon
Chrysoparadoxa_australica	Protists	2498842	Chrysoparadoxa australica	Eukaryota						Chrysoparadoxa
Chrysoperla_nipponensis	Metazoa	413239	Chrysoperla nipponensis	Eukaryota	Metazoa	Arthropoda	Insecta	Neuroptera	Chrysopidae	Chrysoperla
Chrysopetalum_occidentale	Metazoa	2859446	Chrysopetalum occidentale	Eukaryota	Metazoa	Annelida	Polychaeta	Phyllodocida	Chrysopetalidae	Chrysopetalum
Chrysophaeum_taylorii	Protists	2483200	Chrysophaeum taylorii	Eukaryota			Pelagophyceae	Pelagomonadales	Pelagomonadaceae	Chrysophaeum
Chytridium_lagenaria	Fungi	64509	Chytridium lagenaria	Eukaryota	Fungi	Chytridiomycota	Chytridiomycetes	Chytridiales	Chytridiaceae	Chytridium
Chytriomyces_confervae	Fungi	246404	Chytriomyces confervae	Eukaryota	Fungi	Chytridiomycota	Chytridiomycetes	Chytridiales	Chytriomycetaceae	Chytriomyces
Chytriomyces_hyalinus	Fungi	4814	Chytriomyces hyalinus	Eukaryota	Fungi	Chytridiomycota	Chytridiomycetes	Chytridiales	Chytriomycetaceae	Chytriomyces
Ciborinia_camelliae	Fungi	647257	Ciborinia camelliae	Eukaryota	Fungi	Ascomycota	Leotiomycetes	Helotiales	Sclerotiniaceae	Ciborinia
Cicer_arietinum	angiosperms	3827	Cicer arietinum	Eukaryota	Viridiplantae	Streptophyta	Magnoliopsida	Fabales	Fabaceae	Cicer
Cichorium_intybus	angiosperms	13427	Cichorium intybus	Eukaryota	Viridiplantae	Streptophyta	Magnoliopsida	Asterales	Asteraceae	Cichorium
Cimex_lectularius	Metazoa	79782	Cimex lectularius	Eukaryota	Metazoa	Arthropoda	Insecta	Hemiptera	Cimicidae	Cimex
Cinchona_calisaya	angiosperms	153742	Cinchona calisaya	Eukaryota	Viridiplantae	Streptophyta	Magnoliopsida	Gentianales	Rubiaceae	Cinchona
Cinnamomum_camphora	angiosperms	13429	Cinnamomum camphora	Eukaryota	Viridiplantae	Streptophyta	Magnoliopsida	Laurales	Lauraceae	Cinnamomum
Cinnamomum_chago	angiosperms	1757932	Cinnamomum chago	Eukaryota	Viridiplantae	Streptophyta	Magnoliopsida	Laurales	Lauraceae	Cinnamomum
Cinnamomum_kanehirae	angiosperms	337465	Camphora micrantha	Eukaryota	Viridiplantae	Streptophyta	Magnoliopsida	Laurales	Lauraceae	Camphora
Cinnamomum_micranthum	angiosperms	337465	Camphora micrantha	Eukaryota	Viridiplantae	Streptophyta	Magnoliopsida	Laurales	Lauraceae	Camphora
Ciona_intestinalis	Metazoa	7719	Ciona intestinalis	Eukaryota	Metazoa	Chordata	Ascidiacea	Phlebobranchia	Cionidae	Ciona
Circinaria_calcarea	Fungi	1006475	Circinaria calcarea	Eukaryota	Fungi	Ascomycota	Lecanoromycetes	Pertusariales	Megasporaceae	Circinaria
Circinella_minor	Fungi	1195481	Circinella minor	Eukaryota	Fungi	Mucoromycota	Mucoromycetes	Mucorales	Lichtheimiaceae	Circinella
Circinella_umbellata	Fungi	101103	Circinella umbellata	Eukaryota	Fungi	Mucoromycota	Mucoromycetes	Mucorales	Lichtheimiaceae	Circinella
Cirratulus_cirratus	Metazoa	394749	Cirratulus cirratus	Eukaryota	Metazoa	Annelida	Polychaeta	Terebellida	Cirratulidae	Cirratulus
Cirrosporium_novae-zelandiae	Fungi	1130053	Cirrosporium novae-zelandiae	Eukaryota	Fungi	Ascomycota	Xylobotryomycetes	Xylobotryales	Cirrosporiaceae	Cirrosporium
Cirrosporium_novaezelandiae	Fungi	1130053	Cirrosporium novae-zelandiae	Eukaryota	Fungi	Ascomycota	Xylobotryomycetes	Xylobotryales	Cirrosporiaceae	Cirrosporium
Cirrula_hians	Metazoa	1577616	Cirrula hians	Eukaryota	Metazoa	Arthropoda	Insecta	Diptera	Ephydridae	Cirrula
Citrus_sinensis	angiosperms	2711	Citrus sinensis	Eukaryota	Viridiplantae	Streptophyta	Magnoliopsida	Sapindales	Rutaceae	Citrus
Citrus_x_aurantiifolia	angiosperms	159033	Citrus x aurantiifolia	Eukaryota	Viridiplantae	Streptophyta	Magnoliopsida	Sapindales	Rutaceae	Citrus
Citrus_x_changshan-huyou	angiosperms	2935761	Citrus x changshan-huyou	Eukaryota	Viridiplantae	Streptophyta	Magnoliopsida	Sapindales	Rutaceae	Citrus
Citrus_x_changshanhuyou	angiosperms	2935761	Citrus x changshan-huyou	Eukaryota	Viridiplantae	Streptophyta	Magnoliopsida	Sapindales	Rutaceae	Citrus
Citrus_x_clementina	angiosperms	85681	Citrus x clementina	Eukaryota	Viridiplantae	Streptophyta	Magnoliopsida	Sapindales	Rutaceae	Citrus
Cladobotryum_mycophilum	Fungi	491253	Cladobotryum mycophilum	Eukaryota	Fungi	Ascomycota	Sordariomycetes	Hypocreales	Hypocreaceae	Cladobotryum
Cladochytrium_replicatum	Fungi	109936	Cladochytrium replicatum	Eukaryota	Fungi	Chytridiomycota	Chytridiomycetes	Cladochytriales	Cladochytriaceae	Cladochytrium
Cladochytrium_tenue	Fungi	1604274	Cladochytrium tenue	Eukaryota	Fungi	Chytridiomycota	Chytridiomycetes	Cladochytriales	Cladochytriaceae	Cladochytrium
Cladocopium_goreaui	Protists	2562237	Cladocopium goreaui	Eukaryota			Dinophyceae	Suessiales	Symbiodiniaceae	Cladocopium
Cladonia_borealis	Fungi	184061	Cladonia borealis	Eukaryota	Fungi	Ascomycota	Lecanoromycetes	Lecanorales	Cladoniaceae	Cladonia
Cladophialophora_bantiana_CBS_173.52	Fungi	1442370	Cladophialophora bantiana CBS 173.52	Eukaryota	Fungi	Ascomycota	Eurotiomycetes	Chaetothyriales	Herpotrichiellaceae	Cladophialophora
Cladophialophora_carrionii_CBS_160.54	Fungi	1279043	Cladophialophora carrionii CBS 160.54	Eukaryota	Fungi	Ascomycota	Eurotiomycetes	Chaetothyriales	Herpotrichiellaceae	Cladophialophora
Cladophialophora_chaetospira	Fungi	386627	Cladophialophora chaetospira	Eukaryota	Fungi	Ascomycota	Eurotiomycetes	Chaetothyriales	Herpotrichiellaceae	Cladophialophora
Cladophialophora_humicola	Fungi	1307819	Cladophialophora humicola	Eukaryota	Fungi	Ascomycota	Eurotiomycetes	Chaetothyriales	Herpotrichiellaceae	Cladophialophora
Cladophialophora_immunda	Fungi	569365	Cladophialophora immunda	Eukaryota	Fungi	Ascomycota	Eurotiomycetes	Chaetothyriales	Herpotrichiellaceae	Cladophialophora
Cladophialophora_minutissima	Fungi	408822	Cladophialophora minutissima	Eukaryota	Fungi	Ascomycota	Eurotiomycetes	Chaetothyriales	Herpotrichiellaceae	Cladophialophora
Cladophialophora_psammophila_CBS_110553	Fungi	1182543	Cladophialophora psammophila CBS 110553	Eukaryota	Fungi	Ascomycota	Eurotiomycetes	Chaetothyriales	Herpotrichiellaceae	Cladophialophora
Cladophialophora_sylvestris	Fungi	1608269	Cladophialophora sylvestris	Eukaryota	Fungi	Ascomycota	Eurotiomycetes	Chaetothyriales	Herpotrichiellaceae	Cladophialophora
Cladophialophora_yegresii_CBS_114405	Fungi	1182544	Cladophialophora yegresii CBS 114405	Eukaryota	Fungi	Ascomycota	Eurotiomycetes	Chaetothyriales	Herpotrichiellaceae	Cladophialophora
Cladorrhinum_samala	Fungi	585594	Cladorrhinum samala	Eukaryota	Fungi	Ascomycota	Sordariomycetes	Sordariales	Podosporaceae	Cladorrhinum
Cladosporium_allicinum	Fungi	1338630	Cladosporium allicinum	Eukaryota	Fungi	Ascomycota	Dothideomycetes	Cladosporiales	Cladosporiaceae	Cladosporium
Cladosporium_fusiforme	Fungi	1052093	Cladosporium fusiforme	Eukaryota	Fungi	Ascomycota	Dothideomycetes	Cladosporiales	Cladosporiaceae	Cladosporium
Cladosporium_halotolerans	Fungi	1052096	Cladosporium halotolerans	Eukaryota	Fungi	Ascomycota	Dothideomycetes	Cladosporiales	Cladosporiaceae	Cladosporium
Cladosporium_inversicolor	Fungi	887095	Cladosporium inversicolor	Eukaryota	Fungi	Ascomycota	Dothideomycetes	Cladosporiales	Cladosporiaceae	Cladosporium
Clarias_magur	Metazoa	1594786	Clarias magur	Eukaryota	Metazoa	Chordata	Actinopteri	Siluriformes	Clariidae	Clarias
Clarireedia_jacksonii	Fungi	2036908	Clarireedia jacksonii	Eukaryota	Fungi	Ascomycota	Leotiomycetes	Helotiales	Rutstroemiaceae	Clarireedia
Clathrospora_elynae	Fungi	706981	Clathrospora elynae	Eukaryota	Fungi	Ascomycota	Dothideomycetes	Pleosporales	Diademaceae	Clathrospora
Clathrus_columnatus	Fungi	1419009	Clathrus columnatus	Eukaryota	Fungi	Basidiomycota	Agaricomycetes	Phallales	Clathraceae	Clathrus
Claviceps_africana	Fungi	83212	Claviceps africana	Eukaryota	Fungi	Ascomycota	Sordariomycetes	Hypocreales	Clavicipitaceae	Claviceps
Claviceps_arundinis	Fungi	1623583	Claviceps arundinis	Eukaryota	Fungi	Ascomycota	Sordariomycetes	Hypocreales	Clavicipitaceae	Claviceps
Claviceps_capensis	Fungi	1649128	Claviceps capensis	Eukaryota	Fungi	Ascomycota	Sordariomycetes	Hypocreales	Clavicipitaceae	Claviceps
Claviceps_citrina	Fungi	62069	Claviceps citrina	Eukaryota	Fungi	Ascomycota	Sordariomycetes	Hypocreales	Clavicipitaceae	Claviceps
Claviceps_cyperi	Fungi	247652	Claviceps cyperi	Eukaryota	Fungi	Ascomycota	Sordariomycetes	Hypocreales	Clavicipitaceae	Claviceps
Claviceps_digitariae	Fungi	254901	Claviceps digitariae	Eukaryota	Fungi	Ascomycota	Sordariomycetes	Hypocreales	Clavicipitaceae	Claviceps
Claviceps_humidiphila	Fungi	1294629	Claviceps humidiphila	Eukaryota	Fungi	Ascomycota	Sordariomycetes	Hypocreales	Clavicipitaceae	Claviceps
Claviceps_lovelessii	Fungi	1806559	Claviceps lovelessii	Eukaryota	Fungi	Ascomycota	Sordariomycetes	Hypocreales	Clavicipitaceae	Claviceps
Claviceps_maximensis	Fungi	89174	Claviceps maximensis	Eukaryota	Fungi	Ascomycota	Sordariomycetes	Hypocreales	Clavicipitaceae	Claviceps
Claviceps_monticola	Fungi	1649129	Claviceps monticola	Eukaryota	Fungi	Ascomycota	Sordariomycetes	Hypocreales	Clavicipitaceae	Claviceps
Claviceps_pazoutovae	Fungi	1649127	Claviceps pazoutovae	Eukaryota	Fungi	Ascomycota	Sordariomycetes	Hypocreales	Clavicipitaceae	Claviceps
Claviceps_pusilla	Fungi	123648	Claviceps pusilla	Eukaryota	Fungi	Ascomycota	Sordariomycetes	Hypocreales	Clavicipitaceae	Claviceps
Claviceps_sorghi	Fungi	96774	Claviceps sorghi	Eukaryota	Fungi	Ascomycota	Sordariomycetes	Hypocreales	Clavicipitaceae	Claviceps
Claviceps_spartinae	Fungi	1294630	Claviceps spartinae	Eukaryota	Fungi	Ascomycota	Sordariomycetes	Hypocreales	Clavicipitaceae	Claviceps
Clavispora_lusitaniae	Fungi	36911	Clavispora lusitaniae	Eukaryota	Fungi	Ascomycota	Pichiomycetes	Serinales	Metschnikowiaceae	Clavispora
Clinopodes_flavidus	Metazoa	511797	Clinopodes flavidus	Eukaryota	Metazoa	Arthropoda	Chilopoda	Geophilomorpha	Geophilidae	Clinopodes
Clione_antarctica	Metazoa	672780	Clione antarctica	Eukaryota	Metazoa	Mollusca	Gastropoda	Pteropoda	Clionidae	Clione
Clithon_retropictum	Metazoa	2094009	Clithon retropictum	Eukaryota	Metazoa	Mollusca	Gastropoda	Cycloneritida	Neritidae	Clithon
Cloeon_dipterum	Metazoa	197152	Cloeon dipterum	Eukaryota	Metazoa	Arthropoda	Insecta	Ephemeroptera	Baetidae	Cloeon
Clohesyomyces_aquaticus	Fungi	1231657	Clohesyomyces aquaticus	Eukaryota	Fungi	Ascomycota	Dothideomycetes	Pleosporales	Lindgomycetaceae	Clohesyomyces
Clonostachys_byssicola	Fungi	160290	Clonostachys byssicola	Eukaryota	Fungi	Ascomycota	Sordariomycetes	Hypocreales	Bionectriaceae	Clonostachys
Clonostachys_chloroleuca	Fungi	1926264	Clonostachys chloroleuca	Eukaryota	Fungi	Ascomycota	Sordariomycetes	Hypocreales	Bionectriaceae	Clonostachys
Clonostachys_solani	Fungi	160281	Clonostachys solani	Eukaryota	Fungi	Ascomycota	Sordariomycetes	Hypocreales	Bionectriaceae	Clonostachys
Clydaea_vesicula	Fungi	447962	Clydaea vesicula	Eukaryota	Fungi	Chytridiomycota	Chytridiomycetes	Lobulomycetales	Lobulomycetaceae	Clydaea
Coccidioides_immitis_RS	Fungi	246410	Coccidioides immitis RS	Eukaryota	Fungi	Ascomycota	Eurotiomycetes	Onygenales	Onygenaceae	Coccidioides
Coccidioides_posadasii_str._Silveira	Fungi	443226	Coccidioides posadasii str. Silveira	Eukaryota	Fungi	Ascomycota	Eurotiomycetes	Onygenales	Onygenaceae	Coccidioides
Coccomyxa_elongata	chlorophyta	1965095	Coccomyxa elongata	Eukaryota	Viridiplantae	Chlorophyta	Trebouxiophyceae		Coccomyxaceae	Coccomyxa
Coccomyxa_subellipsoidea	chlorophyta	574566	Coccomyxa subellipsoidea C-169	Eukaryota	Viridiplantae	Chlorophyta	Trebouxiophyceae		Coccomyxaceae	Coccomyxa
Coccomyxa_viridis	chlorophyta	1274662	Coccomyxa viridis	Eukaryota	Viridiplantae	Chlorophyta	Trebouxiophyceae		Coccomyxaceae	Coccomyxa
Cocculina_japonica	Metazoa	2905118	Cocculina japonica	Eukaryota	Metazoa	Mollusca	Gastropoda		Cocculinidae	Cocculina
Codosiga_hollandica	Protists	1742608	Codosiga hollandica	Eukaryota			Choanoflagellata	Craspedida	Salpingoecidae	Codosiga
Coelomomyces_lativittatus	Fungi	945690	Coelomomyces lativittatus	Eukaryota	Fungi	Blastocladiomycota	Blastocladiomycetes	Blastocladiales	Coelomomycetaceae	Coelomomyces
Coemansia_aciculifera	Fungi	417176	Coemansia aciculifera	Eukaryota	Fungi	Kickxellomycota	Kickxellomycetes	Kickxellales	Kickxellaceae	Coemansia
Coemansia_asiatica	Fungi	1052880	Coemansia asiatica	Eukaryota	Fungi	Kickxellomycota	Kickxellomycetes	Kickxellales	Kickxellaceae	Coemansia
Coemansia_biformis	Fungi	1286918	Coemansia biformis	Eukaryota	Fungi	Kickxellomycota	Kickxellomycetes	Kickxellales	Kickxellaceae	Coemansia
Coemansia_brasiliensis	Fungi	2650707	Coemansia brasiliensis	Eukaryota	Fungi	Kickxellomycota	Kickxellomycetes	Kickxellales	Kickxellaceae	Coemansia
Coemansia_erecta	Fungi	147472	Coemansia erecta	Eukaryota	Fungi	Kickxellomycota	Kickxellomycetes	Kickxellales	Kickxellaceae	Coemansia
Coemansia_furcata	Fungi	417177	Coemansia furcata	Eukaryota	Fungi	Kickxellomycota	Kickxellomycetes	Kickxellales	Kickxellaceae	Coemansia
Coemansia_guatemalensis	Fungi	2761395	Coemansia guatemalensis	Eukaryota	Fungi	Kickxellomycota	Kickxellomycetes	Kickxellales	Kickxellaceae	Coemansia
Coemansia_helicoidea	Fungi	1286919	Coemansia helicoidea	Eukaryota	Fungi	Kickxellomycota	Kickxellomycetes	Kickxellales	Kickxellaceae	Coemansia
Coemansia_interrupta	Fungi	1126814	Coemansia interrupta	Eukaryota	Fungi	Kickxellomycota	Kickxellomycetes	Kickxellales	Kickxellaceae	Coemansia
Coemansia_javaensis	Fungi	2761396	Coemansia javaensis	Eukaryota	Fungi	Kickxellomycota	Kickxellomycetes	Kickxellales	Kickxellaceae	Coemansia
Coemansia_linderi	Fungi	2663919	Coemansia linderi	Eukaryota	Fungi	Kickxellomycota	Kickxellomycetes	Kickxellales	Kickxellaceae	Coemansia
Coemansia_mojavensis	Fungi	4864	Coemansia mojavensis	Eukaryota	Fungi	Kickxellomycota	Kickxellomycetes	Kickxellales	Kickxellaceae	Coemansia
Coemansia_nantahalensis	Fungi	2789366	Coemansia nantahalensis	Eukaryota	Fungi	Kickxellomycota	Kickxellomycetes	Kickxellales	Kickxellaceae	Coemansia
Coemansia_pectinata	Fungi	1052879	Coemansia pectinata	Eukaryota	Fungi	Kickxellomycota	Kickxellomycetes	Kickxellales	Kickxellaceae	Coemansia
Coemansia_reversa_NRRL_1564	Fungi	763665	Coemansia reversa NRRL 1564	Eukaryota	Fungi	Kickxellomycota	Kickxellomycetes	Kickxellales	Kickxellaceae	Coemansia
Coemansia_spiralis	Fungi	417178	Coemansia spiralis	Eukaryota	Fungi	Kickxellomycota	Kickxellomycetes	Kickxellales	Kickxellaceae	Coemansia
Coemansia_thaxteri	Fungi	2663907	Coemansia thaxteri	Eukaryota	Fungi	Kickxellomycota	Kickxellomycetes	Kickxellales	Kickxellaceae	Coemansia
Coemansia_umbellata	Fungi	1424467	Coemansia umbellata	Eukaryota	Fungi	Kickxellomycota	Kickxellomycetes	Kickxellales	Kickxellaceae	Coemansia
Coenobita_clypeatus	Metazoa	474045	Coenobita clypeatus	Eukaryota	Metazoa	Arthropoda	Malacostraca	Decapoda	Coenobitidae	Coenobita
Coffea_arabica	angiosperms	13443	Coffea arabica	Eukaryota	Viridiplantae	Streptophyta	Magnoliopsida	Gentianales	Rubiaceae	Coffea
Coffea_eugenioides	angiosperms	49369	Coffea eugenioides	Eukaryota	Viridiplantae	Streptophyta	Magnoliopsida	Gentianales	Rubiaceae	Coffea
Cokeromyces_recurvatus	Fungi	90255	Cokeromyces recurvatus	Eukaryota	Fungi	Mucoromycota	Mucoromycetes	Mucorales	Mucoraceae	Cokeromyces
Coleophoma_crateriformis	Fungi	565419	Coleophoma crateriformis	Eukaryota	Fungi	Ascomycota	Leotiomycetes	Helotiales	Dermateaceae	Coleophoma
Coleophoma_cylindrospora	Fungi	1849047	Coleophoma cylindrospora	Eukaryota	Fungi	Ascomycota	Leotiomycetes	Helotiales	Dermateaceae	Coleophoma
Colletotrichum_abscissum	Fungi	1671311	Colletotrichum abscissum	Eukaryota	Fungi	Ascomycota	Sordariomycetes	Glomerellales	Glomerellaceae	Colletotrichum
Colletotrichum_acutatum	Fungi	27357	Colletotrichum acutatum	Eukaryota	Fungi	Ascomycota	Sordariomycetes	Glomerellales	Glomerellaceae	Colletotrichum
Colletotrichum_aenigma	Fungi	1215731	Colletotrichum aenigma	Eukaryota	Fungi	Ascomycota	Sordariomycetes	Glomerellales	Glomerellaceae	Colletotrichum
Colletotrichum_caudatum	Fungi	5460	Colletotrichum caudatum	Eukaryota	Fungi	Ascomycota	Sordariomycetes	Glomerellales	Glomerellaceae	Colletotrichum
Colletotrichum_chlorophyti	Fungi	708187	Colletotrichum chlorophyti	Eukaryota	Fungi	Ascomycota	Sordariomycetes	Glomerellales	Glomerellaceae	Colletotrichum
Colletotrichum_chrysophilum	Fungi	1836956	Colletotrichum chrysophilum	Eukaryota	Fungi	Ascomycota	Sordariomycetes	Glomerellales	Glomerellaceae	Colletotrichum
Colletotrichum_costaricense	Fungi	1209916	Colletotrichum costaricense	Eukaryota	Fungi	Ascomycota	Sordariomycetes	Glomerellales	Glomerellaceae	Colletotrichum
Colletotrichum_cuscutae	Fungi	1209917	Colletotrichum cuscutae	Eukaryota	Fungi	Ascomycota	Sordariomycetes	Glomerellales	Glomerellaceae	Colletotrichum
Colletotrichum_destructivum	Fungi	34406	Colletotrichum destructivum	Eukaryota	Fungi	Ascomycota	Sordariomycetes	Glomerellales	Glomerellaceae	Colletotrichum
Colletotrichum_eremochloae	Fungi	1173702	Colletotrichum eremochloae	Eukaryota	Fungi	Ascomycota	Sordariomycetes	Glomerellales	Glomerellaceae	Colletotrichum
Colletotrichum_filicis	Fungi	2940390	Colletotrichum filicis	Eukaryota	Fungi	Ascomycota	Sordariomycetes	Glomerellales	Glomerellaceae	Colletotrichum
Colletotrichum_fioriniae	Fungi	710243	Colletotrichum fioriniae	Eukaryota	Fungi	Ascomycota	Sordariomycetes	Glomerellales	Glomerellaceae	Colletotrichum
Colletotrichum_fructicola_Nara_gc5	Fungi	1213859	Colletotrichum fructicola Nara gc5	Eukaryota	Fungi	Ascomycota	Sordariomycetes	Glomerellales	Glomerellaceae	Colletotrichum
Colletotrichum_gloeosporioides	Fungi	474922	Colletotrichum gloeosporioides	Eukaryota	Fungi	Ascomycota	Sordariomycetes	Glomerellales	Glomerellaceae	Colletotrichum
Colletotrichum_godetiae	Fungi	1209918	Colletotrichum godetiae	Eukaryota	Fungi	Ascomycota	Sordariomycetes	Glomerellales	Glomerellaceae	Colletotrichum
Colletotrichum_graminicola_M1.001	Fungi	645133	Colletotrichum graminicola M1.001	Eukaryota	Fungi	Ascomycota	Sordariomycetes	Glomerellales	Glomerellaceae	Colletotrichum
Colletotrichum_higginsianum_IMI_349063	Fungi	759273	Colletotrichum higginsianum IMI 349063	Eukaryota	Fungi	Ascomycota	Sordariomycetes	Glomerellales	Glomerellaceae	Colletotrichum
Colletotrichum_incanum	Fungi	1573173	Colletotrichum incanum	Eukaryota	Fungi	Ascomycota	Sordariomycetes	Glomerellales	Glomerellaceae	Colletotrichum
Colletotrichum_jinshuiense	Fungi	2283408	Colletotrichum jinshuiense	Eukaryota	Fungi	Ascomycota	Sordariomycetes	Glomerellales	Glomerellaceae	Colletotrichum
Colletotrichum_kahawae	Fungi	34407	Colletotrichum kahawae	Eukaryota	Fungi	Ascomycota	Sordariomycetes	Glomerellales	Glomerellaceae	Colletotrichum
Colletotrichum_karsti	Fungi	1095194	Colletotrichum karsti	Eukaryota	Fungi	Ascomycota	Sordariomycetes	Glomerellales	Glomerellaceae	Colletotrichum
Colletotrichum_limetticola	Fungi	1209924	Colletotrichum limetticola	Eukaryota	Fungi	Ascomycota	Sordariomycetes	Glomerellales	Glomerellaceae	Colletotrichum
Colletotrichum_liriopes	Fungi	708192	Colletotrichum liriopes	Eukaryota	Fungi	Ascomycota	Sordariomycetes	Glomerellales	Glomerellaceae	Colletotrichum
Colletotrichum_lupini	Fungi	145971	Colletotrichum lupini	Eukaryota	Fungi	Ascomycota	Sordariomycetes	Glomerellales	Glomerellaceae	Colletotrichum
Colletotrichum_melonis	Fungi	1209925	Colletotrichum melonis	Eukaryota	Fungi	Ascomycota	Sordariomycetes	Glomerellales	Glomerellaceae	Colletotrichum
Colletotrichum_musicola	Fungi	2175873	Colletotrichum musicola	Eukaryota	Fungi	Ascomycota	Sordariomycetes	Glomerellales	Glomerellaceae	Colletotrichum
Colletotrichum_navitas	Fungi	681940	Colletotrichum navitas	Eukaryota	Fungi	Ascomycota	Sordariomycetes	Glomerellales	Glomerellaceae	Colletotrichum
Colletotrichum_noveboracense	Fungi	2664923	Colletotrichum noveboracense	Eukaryota	Fungi	Ascomycota	Sordariomycetes	Glomerellales	Glomerellaceae	Colletotrichum
Colletotrichum_nupharicola	Fungi	1215361	Colletotrichum nupharicola	Eukaryota	Fungi	Ascomycota	Sordariomycetes	Glomerellales	Glomerellaceae	Colletotrichum
Colletotrichum_orbiculare_MAFF_240422	Fungi	1213857	Colletotrichum orbiculare MAFF 240422	Eukaryota	Fungi	Ascomycota	Sordariomycetes	Glomerellales	Glomerellaceae	Colletotrichum
Colletotrichum_orchidophilum	Fungi	1209926	Colletotrichum orchidophilum	Eukaryota	Fungi	Ascomycota	Sordariomycetes	Glomerellales	Glomerellaceae	Colletotrichum
Colletotrichum_paranaense	Fungi	1914294	Colletotrichum paranaense	Eukaryota	Fungi	Ascomycota	Sordariomycetes	Glomerellales	Glomerellaceae	Colletotrichum
Colletotrichum_phormii	Fungi	359342	Colletotrichum phormii	Eukaryota	Fungi	Ascomycota	Sordariomycetes	Glomerellales	Glomerellaceae	Colletotrichum
Colletotrichum_plurivorum	Fungi	2175906	Colletotrichum plurivorum	Eukaryota	Fungi	Ascomycota	Sordariomycetes	Glomerellales	Glomerellaceae	Colletotrichum
Colletotrichum_salicis	Fungi	1209931	Colletotrichum salicis	Eukaryota	Fungi	Ascomycota	Sordariomycetes	Glomerellales	Glomerellaceae	Colletotrichum
Colletotrichum_scovillei	Fungi	1209932	Colletotrichum scovillei	Eukaryota	Fungi	Ascomycota	Sordariomycetes	Glomerellales	Glomerellaceae	Colletotrichum
Colletotrichum_shisoi	Fungi	2078593	Colletotrichum shisoi	Eukaryota	Fungi	Ascomycota	Sordariomycetes	Glomerellales	Glomerellaceae	Colletotrichum
Colletotrichum_siamense	Fungi	690259	Colletotrichum siamense	Eukaryota	Fungi	Ascomycota	Sordariomycetes	Glomerellales	Glomerellaceae	Colletotrichum
Colletotrichum_sidae	Fungi	1347389	Colletotrichum sidae	Eukaryota	Fungi	Ascomycota	Sordariomycetes	Glomerellales	Glomerellaceae	Colletotrichum
Colletotrichum_simmondsii	Fungi	703756	Colletotrichum simmondsii	Eukaryota	Fungi	Ascomycota	Sordariomycetes	Glomerellales	Glomerellaceae	Colletotrichum
Colletotrichum_sojae	Fungi	2175907	Colletotrichum sojae	Eukaryota	Fungi	Ascomycota	Sordariomycetes	Glomerellales	Glomerellaceae	Colletotrichum
Colletotrichum_somersetense	Fungi	1500509	Colletotrichum somersetense	Eukaryota	Fungi	Ascomycota	Sordariomycetes	Glomerellales	Glomerellaceae	Colletotrichum
Colletotrichum_spaethianum	Fungi	700344	Colletotrichum spaethianum	Eukaryota	Fungi	Ascomycota	Sordariomycetes	Glomerellales	Glomerellaceae	Colletotrichum
Colletotrichum_spinosum	Fungi	1347390	Colletotrichum spinosum	Eukaryota	Fungi	Ascomycota	Sordariomycetes	Glomerellales	Glomerellaceae	Colletotrichum
Colletotrichum_tabaci	Fungi	1209068	Colletotrichum tabaci	Eukaryota	Fungi	Ascomycota	Sordariomycetes	Glomerellales	Glomerellaceae	Colletotrichum
Colletotrichum_tamarilloi	Fungi	1209934	Colletotrichum tamarilloi	Eukaryota	Fungi	Ascomycota	Sordariomycetes	Glomerellales	Glomerellaceae	Colletotrichum
Colletotrichum_tanaceti	Fungi	1306861	Colletotrichum tanaceti	Eukaryota	Fungi	Ascomycota	Sordariomycetes	Glomerellales	Glomerellaceae	Colletotrichum
Colletotrichum_tofieldiae	Fungi	708197	Colletotrichum tofieldiae	Eukaryota	Fungi	Ascomycota	Sordariomycetes	Glomerellales	Glomerellaceae	Colletotrichum
Colletotrichum_trifolii	Fungi	5466	Colletotrichum trifolii	Eukaryota	Fungi	Ascomycota	Sordariomycetes	Glomerellales	Glomerellaceae	Colletotrichum
Colletotrichum_truncatum	Fungi	5467	Colletotrichum truncatum	Eukaryota	Fungi	Ascomycota	Sordariomycetes	Glomerellales	Glomerellaceae	Colletotrichum
Colletotrichum_zoysiae	Fungi	1216348	Colletotrichum zoysiae	Eukaryota	Fungi	Ascomycota	Sordariomycetes	Glomerellales	Glomerellaceae	Colletotrichum
Collybia_nuda	Fungi	64659	Collybia nuda	Eukaryota	Fungi	Basidiomycota	Agaricomycetes	Agaricales	Clitocybaceae	Collybia
Collybiopsis_confluens	Fungi	2823264	Collybiopsis confluens	Eukaryota	Fungi	Basidiomycota	Agaricomycetes	Agaricales	Omphalotaceae	Collybiopsis
Collybiopsis_luxurians_FD-317_M1	Fungi	944289	Collybiopsis luxurians FD-317 M1	Eukaryota	Fungi	Basidiomycota	Agaricomycetes	Agaricales	Omphalotaceae	Collybiopsis
Collybiopsis_luxurians_FD317_M1	Fungi	944289	Collybiopsis luxurians FD-317 M1	Eukaryota	Fungi	Basidiomycota	Agaricomycetes	Agaricales	Omphalotaceae	Collybiopsis
Compsopogon_caeruleus	Rhodophyta	31354	Compsopogon caeruleus	Eukaryota		Rhodophyta	Compsopogonophyceae	Compsopogonales	Compsopogonaceae	Compsopogon
Conglomerata_obtusa	Fungi	2483382	Conglomerata obtusa	Eukaryota	Fungi	Microsporidia				Conglomerata
Coniella_lustricola	Fungi	2025994	Coniella lustricola	Eukaryota	Fungi	Ascomycota	Sordariomycetes	Diaporthales	Schizoparmaceae	Coniella
Coniferiporia_weirii	Fungi	135589	Coniferiporia weirii	Eukaryota	Fungi	Basidiomycota	Agaricomycetes	Hymenochaetales	Hymenochaetaceae	Coniferiporia
Coniocarpon_cinnabarinum	Fungi	1542792	Coniocarpon cinnabarinum	Eukaryota	Fungi	Ascomycota	Arthoniomycetes	Arthoniales	Arthoniaceae	Coniocarpon
Coniochaeta_hoffmannii	Fungi	91930	Coniochaeta hoffmannii	Eukaryota	Fungi	Ascomycota	Sordariomycetes	Coniochaetales	Coniochaetaceae	Coniochaeta
Coniochaeta_ligniaria_NRRL_30616	Fungi	1408157	Coniochaeta ligniaria NRRL 30616	Eukaryota	Fungi	Ascomycota	Sordariomycetes	Coniochaetales	Coniochaetaceae	Coniochaeta
Coniochaeta_pulveracea	Fungi	177199	Coniochaeta pulveracea	Eukaryota	Fungi	Ascomycota	Sordariomycetes	Coniochaetales	Coniochaetaceae	Coniochaeta
Coniophora_puteana_RWD-64-598_SS2	Fungi	741705	Coniophora puteana RWD-64-598 SS2	Eukaryota	Fungi	Basidiomycota	Agaricomycetes	Boletales	Coniophoraceae	Coniophora
Coniophora_puteana_RWD64598_SS2	Fungi	741705	Coniophora puteana RWD-64-598 SS2	Eukaryota	Fungi	Basidiomycota	Agaricomycetes	Boletales	Coniophoraceae	Coniophora
Coniosporium_apollinis_CBS_100218	Fungi	1168221	Coniosporium apollinis CBS 100218	Eukaryota	Fungi	Ascomycota	Dothideomycetes			Coniosporium
Coniosporium_tulheliwenetii	Fungi	3383036	Coniosporium tulheliwenetii	Eukaryota	Fungi	Ascomycota	Dothideomycetes			Coniosporium
Coniosporium_uncinatum	Fungi	93489	Coniosporium uncinatum	Eukaryota	Fungi	Ascomycota	Dothideomycetes			Coniosporium
Conoideocrella_luteorostrata	Fungi	1105319	Conoideocrella luteorostrata	Eukaryota	Fungi	Ascomycota	Sordariomycetes	Hypocreales	Clavicipitaceae	Conoideocrella
Conticribra_weissflogii	Protists	1577725	Conticribra weissflogii	Eukaryota		Bacillariophyta	Thalassiosirophyceae	Thalassiosirales	Thalassiosiraceae	Conticribra
Convoluta_(Praesagittifera)_naikaiensis	Metazoa	31270	Praesagittifera naikaiensis	Eukaryota	Metazoa	Xenacoelomorpha		Acoela	Convolutidae	Praesagittifera
Coprinellus_aureogranulatus	Fungi	752674	Coprinellus aureogranulatus	Eukaryota	Fungi	Basidiomycota	Agaricomycetes	Agaricales	Psathyrellaceae	Coprinellus
Coprinopsis_cinerea	Metazoa	240176	Coprinopsis cinerea okayama7#130	Eukaryota	Fungi	Basidiomycota	Agaricomycetes	Agaricales	Psathyrellaceae	Coprinopsis
Coprinopsis_cinerea_okayama7#130	Fungi	240176	Coprinopsis cinerea okayama7#130	Eukaryota	Fungi	Basidiomycota	Agaricomycetes	Agaricales	Psathyrellaceae	Coprinopsis
Coprinopsis_marcescibilis	Fungi	230819	Coprinopsis marcescibilis	Eukaryota	Fungi	Basidiomycota	Agaricomycetes	Agaricales	Psathyrellaceae	Coprinopsis
Coptis_chinensis	angiosperms	261450	Coptis chinensis	Eukaryota	Viridiplantae	Streptophyta	Magnoliopsida	Ranunculales	Ranunculaceae	Coptis
Corallochytrium_limacisporum	Protists	98351	Corallochytrium limacisporum	Eukaryota						Corallochytrium
Corchorus_capsularis	angiosperms	210143	Corchorus capsularis	Eukaryota	Viridiplantae	Streptophyta	Magnoliopsida	Malvales	Malvaceae	Corchorus
Corchorus_olitorius	angiosperms	93759	Corchorus olitorius	Eukaryota	Viridiplantae	Streptophyta	Magnoliopsida	Malvales	Malvaceae	Corchorus
Cordulegaster_boltonii	Metazoa	126173	Cordulegaster boltonii	Eukaryota	Metazoa	Arthropoda	Insecta	Odonata	Cordulegastridae	Cordulegaster
Cordyceps_cateniannulata	Fungi	983339	Cordyceps cateniannulata	Eukaryota	Fungi	Ascomycota	Sordariomycetes	Hypocreales	Cordycipitaceae	Cordyceps
Cordyceps_fumosorosea_ARSEF_2679	Fungi	1081104	Cordyceps fumosorosea ARSEF 2679	Eukaryota	Fungi	Ascomycota	Sordariomycetes	Hypocreales	Cordycipitaceae	Cordyceps
Cordyceps_javanica	Fungi	43265	Cordyceps javanica	Eukaryota	Fungi	Ascomycota	Sordariomycetes	Hypocreales	Cordycipitaceae	Cordyceps
Cordyceps_militaris_CM01	Fungi	983644	Cordyceps militaris CM01	Eukaryota	Fungi	Ascomycota	Sordariomycetes	Hypocreales	Cordycipitaceae	Cordyceps
Cornu_aspersum	Metazoa	6535	Cornu aspersum	Eukaryota	Metazoa	Mollusca	Gastropoda	Stylommatophora	Helicidae	Cornu
Cornus_florida	angiosperms	4283	Cornus florida	Eukaryota	Viridiplantae	Streptophyta	Magnoliopsida	Cornales	Cornaceae	Cornus
Corydalus_cornutus	Metazoa	559164	Corydalus cornutus	Eukaryota	Metazoa	Arthropoda	Insecta	Megaloptera	Corydalidae	Corydalus
Corylus_avellana	angiosperms	13451	Corylus avellana	Eukaryota	Viridiplantae	Streptophyta	Magnoliopsida	Fagales	Betulaceae	Corylus
Corymbia_citriodora	angiosperms	360336	Corymbia citriodora subsp. variegata	Eukaryota	Viridiplantae	Streptophyta	Magnoliopsida	Myrtales	Myrtaceae	Corymbia
Corynascus_novoguineensis	Fungi	1126955	Corynascus novoguineensis	Eukaryota	Fungi	Ascomycota	Sordariomycetes	Sordariales	Chaetomiaceae	Corynascus
Corynascus_sepedonium	Fungi	190048	Corynascus sepedonium	Eukaryota	Fungi	Ascomycota	Sordariomycetes	Sordariales	Chaetomiaceae	Corynascus
Corynascus_similis_CBS_632.67	Fungi	1403191	Corynascus similis CBS 632.67	Eukaryota	Fungi	Ascomycota	Sordariomycetes	Sordariales	Chaetomiaceae	Corynascus
Costasiella_nonatoi_-_Panderevela_nonatoi	Metazoa	698695	Costasiella nonatoi	Eukaryota	Metazoa	Mollusca	Gastropoda		Costasiellidae	Costasiella
Costasiella_ocellifera	Metazoa	380564	Costasiella ocellifera	Eukaryota	Metazoa	Mollusca	Gastropoda		Costasiellidae	Costasiella
Costasiella_sp.1	Metazoa	380564	Costasiella ocellifera	Eukaryota	Metazoa	Mollusca	Gastropoda		Costasiellidae	Costasiella
Craigia_yunnanensis	angiosperms	197121	Craigia yunnanensis	Eukaryota	Viridiplantae	Streptophyta	Magnoliopsida	Malvales	Malvaceae	Craigia
Craspedida_sp_UC1	Protists	2812018	Craspedida sp.	Eukaryota			Choanoflagellata	Craspedida		
Craspedosoma_sp._AD-2016	Metazoa	1820136	Craspedosoma sp. AD-2016	Eukaryota	Metazoa	Arthropoda	Diplopoda	Chordeumatida	Craspedosomatidae	Craspedosoma
Crassisporium_funariophilum	Fungi	1954473	Crassisporium funariophilum	Eukaryota	Fungi	Basidiomycota	Agaricomycetes	Agaricales	Crassisporiaceae	Crassisporium
Crassostrea_virginica	Metazoa	6565	Crassostrea virginica	Eukaryota	Metazoa	Mollusca	Bivalvia	Ostreida	Ostreidae	Crassostrea
Craterostigmus_tasmanianus	Metazoa	60162	Craterostigmus tasmanianus	Eukaryota	Metazoa	Arthropoda	Chilopoda	Craterostigmomorpha	Craterostigmidae	Craterostigmus
Creolimax_fragrantissima	Protists	470921	Creolimax fragrantissima	Eukaryota			Ichthyosporea	Ichthyophonida		Creolimax
Crepidotus_variabilis	Fungi	179855	Crepidotus variabilis	Eukaryota	Fungi	Basidiomycota	Agaricomycetes	Agaricales	Crepidotaceae	Crepidotus
Crepidula_navicella	Metazoa	1707815	Crepidula navicella	Eukaryota	Metazoa	Mollusca	Gastropoda	Littorinimorpha	Calyptraeidae	Crepidula
Cristaphyes_yushini	Metazoa	2835549	Cristaphyes yushini	Eukaryota	Metazoa	Kinorhyncha	Allomalorhagida		Pycnophyidae	Cristaphyes
Cristaria_plicata	Metazoa	165446	Cristaria plicata	Eukaryota	Metazoa	Mollusca	Bivalvia	Unionida	Unionidae	Cristaria
Cristatella_mucedo	Metazoa	67896	Cristatella mucedo	Eukaryota	Metazoa	Bryozoa	Phylactolaemata		Cristatellidae	Cristatella
Cristinia_sonorae	Fungi	1940300	Cristinia sonorae	Eukaryota	Fungi	Basidiomycota	Agaricomycetes	Agaricales	Stephanosporaceae	Cristinia
Crocodylus_porosus	Metazoa	8502	Crocodylus porosus	Eukaryota	Metazoa	Chordata		Crocodylia	Crocodylidae	Crocodylus
Cronartium_quercuum_f._sp._fusiforme_G11	Fungi	708437	Cronartium quercuum f. sp. fusiforme G11	Eukaryota	Fungi	Basidiomycota	Pucciniomycetes	Pucciniales	Coleosporiaceae	Cronartium
Crotalaria_pallida	angiosperms	3830	Crotalaria pallida	Eukaryota	Viridiplantae	Streptophyta	Magnoliopsida	Fabales	Fabaceae	Crotalaria
Crucibulum_laeve	Fungi	68775	Crucibulum laeve	Eukaryota	Fungi	Basidiomycota	Agaricomycetes	Agaricales	Nidulariaceae	Crucibulum
Cryoendolithus_antarcticus	Fungi	1507870	Cryoendolithus antarcticus	Eukaryota	Fungi	Ascomycota	Dothideomycetes	Cladosporiales	Cladosporiaceae	Cryoendolithus
Cryomyces_antarcticus	Fungi	329879	Cryomyces antarcticus	Eukaryota	Fungi	Ascomycota	Dothideomycetes			Cryomyces
Cryomyces_minteri	Fungi	331657	Cryomyces minteri	Eukaryota	Fungi	Ascomycota	Dothideomycetes			Cryomyces
Cryphonectria_parasitica_EP155	Fungi	660469	Cryphonectria parasitica EP155	Eukaryota	Fungi	Ascomycota	Sordariomycetes	Diaporthales	Cryphonectriaceae	Cryphonectria
Cryptocellus_becki	Metazoa	1642531	Cryptocellus becki	Eukaryota	Metazoa	Arthropoda	Arachnida	Ricinulei	Ricinoididae	Cryptocellus
Cryptocellus_sp._n._RF-2015	Metazoa	1643398	Cryptocellus sp. n. RF-2015	Eukaryota	Metazoa	Arthropoda	Arachnida	Ricinulei	Ricinoididae	Cryptocellus
Cryptococcus_amylolentus_CBS_6039	Fungi	1295533	Cryptococcus amylolentus CBS 6039	Eukaryota	Fungi	Basidiomycota	Tremellomycetes	Tremellales	Cryptococcaceae	Cryptococcus
Cryptococcus_bacillisporus_CA1280	Fungi	1296109	Cryptococcus bacillisporus CA1280	Eukaryota	Fungi	Basidiomycota	Tremellomycetes	Tremellales	Cryptococcaceae	Cryptococcus
Cryptococcus_decagattii	Fungi	1859122	Cryptococcus decagattii	Eukaryota	Fungi	Basidiomycota	Tremellomycetes	Tremellales	Cryptococcaceae	Cryptococcus
Cryptococcus_deneoformans_JEC21	Fungi	214684	Cryptococcus deneoformans JEC21	Eukaryota	Fungi	Basidiomycota	Tremellomycetes	Tremellales	Cryptococcaceae	Cryptococcus
Cryptococcus_depauperatus_CBS_7841	Fungi	1295531	Cryptococcus depauperatus CBS 7841	Eukaryota	Fungi	Basidiomycota	Tremellomycetes	Tremellales	Cryptococcaceae	Cryptococcus
Cryptococcus_deuterogattii_R265	Fungi	294750	Cryptococcus deuterogattii R265	Eukaryota	Fungi	Basidiomycota	Tremellomycetes	Tremellales	Cryptococcaceae	Cryptococcus
Cryptococcus_gattii_WM276	Fungi	367775	Cryptococcus gattii WM276	Eukaryota	Fungi	Basidiomycota	Tremellomycetes	Tremellales	Cryptococcaceae	Cryptococcus
Cryptococcus_neoformans_H99	Fungi	235443	Cryptococcus neoformans H99	Eukaryota	Fungi	Basidiomycota	Tremellomycetes	Tremellales	Cryptococcaceae	Cryptococcus
Cryptococcus_tetragattii_IND107	Fungi	1296105	Cryptococcus tetragattii IND107	Eukaryota	Fungi	Basidiomycota	Tremellomycetes	Tremellales	Cryptococcaceae	Cryptococcus
Cryptococcus_wingfieldii_CBS_7118	Fungi	1295528	Cryptococcus wingfieldii CBS 7118	Eukaryota	Fungi	Basidiomycota	Tremellomycetes	Tremellales	Cryptococcaceae	Cryptococcus
Cryptomeria_japonica	gymnosperms	3369	Cryptomeria japonica	Eukaryota	Viridiplantae	Streptophyta	Pinopsida	Cupressales	Cupressaceae	Cryptomeria
Cryptoplax_larvaeformis	Metazoa	2732484	Cryptoplax larvaeformis	Eukaryota	Metazoa	Mollusca	Polyplacophora	Chitonida	Cryptoplacidae	Cryptoplax
Cryptops_anomalans	Metazoa	1418174	Cryptops anomalans	Eukaryota	Metazoa	Arthropoda	Chilopoda	Scolopendromorpha	Cryptopidae	Cryptops
Cryptops_hortensis	Metazoa	1268897	Cryptops hortensis	Eukaryota	Metazoa	Arthropoda	Chilopoda	Scolopendromorpha	Cryptopidae	Cryptops
Cryptosporidium_andersoni	Protists	117008	Cryptosporidium andersoni	Eukaryota		Apicomplexa	Conoidasida	Eucoccidiorida	Cryptosporidiidae	Cryptosporidium
Cryptosporidium_bovis	Protists	310047	Cryptosporidium bovis	Eukaryota		Apicomplexa	Conoidasida	Eucoccidiorida	Cryptosporidiidae	Cryptosporidium
Cryptosporidium_canis	Protists	195482	Cryptosporidium canis	Eukaryota		Apicomplexa	Conoidasida	Eucoccidiorida	Cryptosporidiidae	Cryptosporidium
Cryptosporidium_felis	Protists	83540	Cryptosporidium felis	Eukaryota		Apicomplexa	Conoidasida	Eucoccidiorida	Cryptosporidiidae	Cryptosporidium
Cryptosporidium_hominis_TU502	Protists	353151	Cryptosporidium hominis TU502	Eukaryota		Apicomplexa	Conoidasida	Eucoccidiorida	Cryptosporidiidae	Cryptosporidium
Cryptosporidium_meleagridis	Protists	93969	Cryptosporidium meleagridis	Eukaryota		Apicomplexa	Conoidasida	Eucoccidiorida	Cryptosporidiidae	Cryptosporidium
Cryptosporidium_muris_RN66	Protists	441375	Cryptosporidium muris RN66	Eukaryota		Apicomplexa	Conoidasida	Eucoccidiorida	Cryptosporidiidae	Cryptosporidium
Cryptosporidium_parvum_Iowa_II	Protists	353152	Cryptosporidium parvum Iowa II	Eukaryota		Apicomplexa	Conoidasida	Eucoccidiorida	Cryptosporidiidae	Cryptosporidium
Cryptosporidium_proliferans	Protists	1729943	Cryptosporidium proliferans	Eukaryota		Apicomplexa	Conoidasida	Eucoccidiorida	Cryptosporidiidae	Cryptosporidium
Cryptosporidium_ryanae	Protists	515981	Cryptosporidium ryanae	Eukaryota		Apicomplexa	Conoidasida	Eucoccidiorida	Cryptosporidiidae	Cryptosporidium
Cryptosporidium_serpentis	Protists	83999	Cryptosporidium serpentis	Eukaryota		Apicomplexa	Conoidasida	Eucoccidiorida	Cryptosporidiidae	Cryptosporidium
Cryptosporidium_tyzzeri	Protists	756076	Cryptosporidium tyzzeri	Eukaryota		Apicomplexa	Conoidasida	Eucoccidiorida	Cryptosporidiidae	Cryptosporidium
Cryptosporidium_ubiquitum	Protists	857276	Cryptosporidium ubiquitum	Eukaryota		Apicomplexa	Conoidasida	Eucoccidiorida	Cryptosporidiidae	Cryptosporidium
Cryptosporidium_xiaoi	Protists	659607	Cryptosporidium xiaoi	Eukaryota		Apicomplexa	Conoidasida	Eucoccidiorida	Cryptosporidiidae	Cryptosporidium
Cryptotermes_secundus	Metazoa	105785	Cryptotermes secundus	Eukaryota	Metazoa	Arthropoda	Insecta	Blattodea	Kalotermitidae	Cryptotermes
Cryptotrichosporon_argae	Fungi	1890679	Cryptotrichosporon argae	Eukaryota	Fungi	Basidiomycota	Tremellomycetes	Trichosporonales	Tetragoniomycetaceae	Cryptotrichosporon
Ctenocephalides_felis	Metazoa	7515	Ctenocephalides felis	Eukaryota	Metazoa	Arthropoda	Insecta	Siphonaptera	Pulicidae	Ctenocephalides
Ctenochauliodes_similis	Metazoa	1890692	Ctenochauliodes similis	Eukaryota	Metazoa	Arthropoda	Insecta	Megaloptera	Corydalidae	Ctenochauliodes
Cubamyces_lactineus	Fungi	1391043	Cubamyces lactineus	Eukaryota	Fungi	Basidiomycota	Agaricomycetes	Polyporales	Polyporaceae	Cubamyces
Cubamyces_menziesii	Fungi	2136021	Cubamyces menziesii	Eukaryota	Fungi	Basidiomycota	Agaricomycetes	Polyporales	Polyporaceae	Cubamyces
Cucumis_melo	angiosperms	3656	Cucumis melo	Eukaryota	Viridiplantae	Streptophyta	Magnoliopsida	Cucurbitales	Cucurbitaceae	Cucumis
Cucumis_sativus	angiosperms	3659	Cucumis sativus	Eukaryota	Viridiplantae	Streptophyta	Magnoliopsida	Cucurbitales	Cucurbitaceae	Cucumis
Cucumispora_dikerogammari	Fungi	658444	Cucumispora dikerogammari	Eukaryota	Fungi	Microsporidia				Cucumispora
Cucurbita_argyrosperma	angiosperms	37648	Cucurbita argyrosperma subsp. sororia	Eukaryota	Viridiplantae	Streptophyta	Magnoliopsida	Cucurbitales	Cucurbitaceae	Cucurbita
Cucurbita_maxima	angiosperms	3661	Cucurbita maxima	Eukaryota	Viridiplantae	Streptophyta	Magnoliopsida	Cucurbitales	Cucurbitaceae	Cucurbita
Cucurbita_moschata	angiosperms	3662	Cucurbita moschata	Eukaryota	Viridiplantae	Streptophyta	Magnoliopsida	Cucurbitales	Cucurbitaceae	Cucurbita
Cucurbita_pepo	angiosperms	3664	Cucurbita pepo subsp. pepo	Eukaryota	Viridiplantae	Streptophyta	Magnoliopsida	Cucurbitales	Cucurbitaceae	Cucurbita
Cucurbitaria_berberidis_CBS_394.84	Fungi	1168544	Cucurbitaria berberidis CBS 394.84	Eukaryota	Fungi	Ascomycota	Dothideomycetes	Pleosporales	Cucurbitariaceae	Cucurbitaria
Cudoniella_acicularis	Fungi	354080	Cudoniella acicularis	Eukaryota	Fungi	Ascomycota	Leotiomycetes	Helotiales	Helotiaceae	Cudoniella
Cunninghamella_echinulata	Fungi	76405	Cunninghamella echinulata	Eukaryota	Fungi	Mucoromycota	Mucoromycetes	Mucorales	Cunninghamellaceae	Cunninghamella
Curcuma_longa	angiosperms	136217	Curcuma longa	Eukaryota	Viridiplantae	Streptophyta	Magnoliopsida	Zingiberales	Zingiberaceae	Curcuma
Curvularia_kusanoi	Fungi	90978	Curvularia kusanoi	Eukaryota	Fungi	Ascomycota	Dothideomycetes	Pleosporales	Pleosporaceae	Curvularia
Cuscuta_australis	angiosperms	267555	Cuscuta australis	Eukaryota	Viridiplantae	Streptophyta	Magnoliopsida	Solanales	Convolvulaceae	Cuscuta
Cuscuta_europaea	angiosperms	41803	Cuscuta europaea	Eukaryota	Viridiplantae	Streptophyta	Magnoliopsida	Solanales	Convolvulaceae	Cuscuta
Cutaneotrichosporon_cavernicola	Fungi	279322	Cutaneotrichosporon cavernicola	Eukaryota	Fungi	Basidiomycota	Tremellomycetes	Trichosporonales	Trichosporonaceae	Cutaneotrichosporon
Cutaneotrichosporon_oleaginosum	Fungi	879819	Cutaneotrichosporon oleaginosum	Eukaryota	Fungi	Basidiomycota	Tremellomycetes	Trichosporonales	Trichosporonaceae	Cutaneotrichosporon
Cutaneotrichosporon_spelunceum	Fungi	1672016	Cutaneotrichosporon spelunceum	Eukaryota	Fungi	Basidiomycota	Tremellomycetes	Trichosporonales	Trichosporonaceae	Cutaneotrichosporon
Cyanidiococcus_yangmingshanensis	Rhodophyta	2690220	Cyanidiococcus yangmingshanensis	Eukaryota		Rhodophyta	Bangiophyceae	Cyanidiales	Cyanidiaceae	Cyanidiococcus
Cyanidioschyzon_merolae	Rhodophyta	45157	Cyanidioschyzon merolae	Eukaryota		Rhodophyta	Bangiophyceae	Cyanidiales	Cyanidiaceae	Cyanidioschyzon
Cyanidioschyzon_merolae_strain_10D	Rhodophyta	280699	Cyanidioschyzon merolae strain 10D	Eukaryota		Rhodophyta	Bangiophyceae	Cyanidiales	Cyanidiaceae	Cyanidioschyzon
Cyanidium_caldarium	Rhodophyta	2771	Cyanidium caldarium	Eukaryota		Rhodophyta	Bangiophyceae	Cyanidiales	Cyanidiaceae	Cyanidium
Cyanoptyche_gloeocystis	Glaucophyta	77922	Cyanoptyche gloeocystis	Eukaryota			Glaucocystophyceae			Cyanoptyche
Cybella_gelanggi	Metazoa	2590503	Cybella gelanggi	Eukaryota	Metazoa	Arthropoda	Arachnida	Pseudoscorpiones	Feaellidae	Cybella
Cyberlindnera_jadinii_NRRL_Y-1542	Fungi	4903	Williopsis jadinii	Eukaryota	Fungi	Ascomycota	Saccharomycetes	Phaffomycetales	Wickerhamomycetaceae	Williopsis
Cyberlindnera_jadinii_NRRL_Y1542	Fungi	4903	Williopsis jadinii	Eukaryota	Fungi	Ascomycota	Saccharomycetes	Phaffomycetales	Wickerhamomycetaceae	Williopsis
Cybister_japonicus	Metazoa	398594	Cybister japonicus	Eukaryota	Metazoa	Arthropoda	Insecta	Coleoptera	Dytiscidae	Cybister
Cycas_panzhihuaensis	gymnosperms	123604	Cycas panzhihuaensis	Eukaryota	Viridiplantae	Streptophyta	Cycadopsida	Cycadales	Cycadaceae	Cycas
Cyclestheria_hislopi	Metazoa	77743	Cyclestheria hislopi	Eukaryota	Metazoa	Arthropoda	Branchiopoda	Diplostraca	Cyclestheriidae	Cyclestheria
Cyclocybe_aegerita	Fungi	1973307	Cyclocybe aegerita	Eukaryota	Fungi	Basidiomycota	Agaricomycetes	Agaricales	Hemipholiotaceae	Cyclocybe
Cyclopterus_lumpus	Metazoa	8103	Cyclopterus lumpus	Eukaryota	Metazoa	Chordata	Actinopteri	Perciformes	Cyclopteridae	Cyclopterus
Cyclospora_cayetanensis	Protists	88456	Cyclospora cayetanensis	Eukaryota		Apicomplexa	Conoidasida	Eucoccidiorida	Eimeriidae	Cyclospora
Cyclostephanos_tholiformis	Protists	382380	Cyclostephanos tholiformis	Eukaryota		Bacillariophyta	Thalassiosirophyceae	Thalassiosirales	Thalassiosiraceae	Cyclostephanos
Cyclotella_atomus	Protists	382360	Cyclotella atomus	Eukaryota		Bacillariophyta	Thalassiosirophyceae	Thalassiosirales	Thalassiosiraceae	Cyclotella
Cyclotella_cryptica	Protists	29204	Cyclotella cryptica	Eukaryota		Bacillariophyta	Thalassiosirophyceae	Thalassiosirales	Thalassiosiraceae	Cyclotella
Cyerce_aff._antillensis	Metazoa	483961	Cyerce antillensis	Eukaryota	Metazoa	Mollusca	Gastropoda		Caliphyllidae	Cyerce
Cylicobdellidae_sp._DSW-2020	Metazoa	2705382	Cylicobdellidae sp. DSW-2020	Eukaryota	Metazoa	Annelida	Clitellata	Hirudinida	Cylicobdellidae	
Cylindrobulla_beauii	Metazoa	431608	Cylindrobulla beauii	Eukaryota	Metazoa	Mollusca	Gastropoda		Cylindrobullidae	Cylindrobulla
Cylindrodendrum_hubeiense	Fungi	595255	Cylindrodendrum hubeiense	Eukaryota	Fungi	Ascomycota	Sordariomycetes	Hypocreales	Nectriaceae	Cylindrodendrum
Cylindroiulus_sp._RF-2016	Metazoa	1816490	Cylindroiulus sp. RF-2016	Eukaryota	Metazoa	Arthropoda	Diplopoda	Julida	Julidae	Cylindroiulus
Cylindroleberidinae_sp._MS-2016	Metazoa	1897137	Cylindroleberidinae sp. MS-2016	Eukaryota	Metazoa	Arthropoda	Ostracoda	Myodocopida	Cylindroleberididae	
Cylindrotheca_closterium	Protists	2856	Cylindrotheca closterium	Eukaryota		Bacillariophyta	Bacillariophyceae	Bacillariales	Bacillariaceae	Cylindrotheca
Cymbomonas_tetramitiformis	chlorophyta	36881	Cymbomonas tetramitiformis	Eukaryota	Viridiplantae	Chlorophyta	Pyramimonadophyceae	Pyramimonadales	Pyramimonadaceae	Cymbomonas
Cynara_cardunculus	angiosperms	59895	Cynara cardunculus var. scolymus	Eukaryota	Viridiplantae	Streptophyta	Magnoliopsida	Asterales	Asteraceae	Cynara
Cyphellophora_attinorum	Fungi	1664694	Cyphellophora attinorum	Eukaryota	Fungi	Ascomycota	Eurotiomycetes	Chaetothyriales	Cyphellophoraceae	Cyphellophora
Cyphellophora_europaea_CBS_101466	Fungi	1220924	Cyphellophora europaea CBS 101466	Eukaryota	Fungi	Ascomycota	Eurotiomycetes	Chaetothyriales	Cyphellophoraceae	Cyphellophora
Cyprideis_torosa	Metazoa	163714	Cyprideis torosa	Eukaryota	Metazoa	Arthropoda	Ostracoda	Podocopida	Cytherideidae	Cyprideis
Cystobasidium_minutum_MCA_4210	Fungi	1397322	Cystobasidium minutum MCA 4210	Eukaryota	Fungi	Basidiomycota	Cystobasidiomycetes	Cystobasidiales	Cystobasidiaceae	Cystobasidium
Cystoisospora_suis	Protists	483139	Cystoisospora suis	Eukaryota		Apicomplexa	Conoidasida	Eucoccidiorida	Sarcocystidae	Cystoisospora
Cytidiella_melzeri	Fungi	1883072	Cytidiella melzeri	Eukaryota	Fungi	Basidiomycota	Agaricomycetes	Polyporales	Irpicaceae	Cytidiella
Cytospora_leucostoma	Fungi	1230097	Cytospora leucostoma	Eukaryota	Fungi	Ascomycota	Sordariomycetes	Diaporthales	Cytosporaceae	Cytospora
Cytospora_paraplurivora	Fungi	2898453	Cytospora paraplurivora	Eukaryota	Fungi	Ascomycota	Sordariomycetes	Diaporthales	Cytosporaceae	Cytospora
Cytospora_schulzeri	Fungi	448051	Cytospora schulzeri	Eukaryota	Fungi	Ascomycota	Sordariomycetes	Diaporthales	Cytosporaceae	Cytospora
Dacryopinax_primogenitus	Fungi	1858805	Dacryopinax primogenitus	Eukaryota	Fungi	Basidiomycota	Dacrymycetes	Dacrymycetales	Dacrymycetaceae	Dacryopinax
Dactylella_cylindrospora	Fungi	1814901	Dactylella cylindrospora	Eukaryota	Fungi	Ascomycota	Orbiliomycetes	Orbiliales	Orbiliaceae	Dactylella
Dactylonectria_estremocensis	Fungi	1079267	Dactylonectria estremocensis	Eukaryota	Fungi	Ascomycota	Sordariomycetes	Hypocreales	Nectriaceae	Dactylonectria
Dactylonectria_macrodidyma	Fungi	307937	Dactylonectria macrodidyma	Eukaryota	Fungi	Ascomycota	Sordariomycetes	Hypocreales	Nectriaceae	Dactylonectria
Daedalea_quercina_L-15889	Fungi	1314783	Daedalea quercina L-15889	Eukaryota	Fungi	Basidiomycota	Agaricomycetes	Polyporales	Fomitopsidaceae	Fomitopsis
Daedalea_quercina_L15889	Fungi	1314783	Daedalea quercina L-15889	Eukaryota	Fungi	Basidiomycota	Agaricomycetes	Polyporales	Fomitopsidaceae	Fomitopsis
Daedaleopsis_nitida	Fungi	1140402	Daedaleopsis nitida	Eukaryota	Fungi	Basidiomycota	Agaricomycetes	Polyporales	Polyporaceae	Daedaleopsis
Daldinia_bambusicola	Fungi	326643	Daldinia bambusicola	Eukaryota	Fungi	Ascomycota	Sordariomycetes	Xylariales	Hypoxylaceae	Daldinia
Daldinia_caldariorum	Fungi	326644	Daldinia caldariorum	Eukaryota	Fungi	Ascomycota	Sordariomycetes	Xylariales	Hypoxylaceae	Daldinia
Daldinia_childiae	Fungi	326645	Daldinia childiae	Eukaryota	Fungi	Ascomycota	Sordariomycetes	Xylariales	Hypoxylaceae	Daldinia
Daldinia_decipiens	Fungi	326647	Daldinia decipiens	Eukaryota	Fungi	Ascomycota	Sordariomycetes	Xylariales	Hypoxylaceae	Daldinia
Daldinia_eschscholtzii	Fungi	292717	Daldinia eschscholtzii	Eukaryota	Fungi	Ascomycota	Sordariomycetes	Xylariales	Hypoxylaceae	Daldinia
Daldinia_grandis	Fungi	103428	Daldinia grandis	Eukaryota	Fungi	Ascomycota	Sordariomycetes	Xylariales	Hypoxylaceae	Daldinia
Daldinia_loculata	Fungi	103429	Daldinia loculata	Eukaryota	Fungi	Ascomycota	Sordariomycetes	Xylariales	Hypoxylaceae	Daldinia
Daldinia_vernicosa	Fungi	114800	Daldinia vernicosa	Eukaryota	Fungi	Ascomycota	Sordariomycetes	Xylariales	Hypoxylaceae	Daldinia
Damon_sp._Maynooth	Metazoa	2508655	Damon sp. Maynooth	Eukaryota	Metazoa	Arthropoda	Arachnida	Amblypygi	Phrynichidae	Damon
Dampetrus_sp._RF-2017	Metazoa	1955546	Dampetrus sp. RF-2017	Eukaryota	Metazoa	Arthropoda	Arachnida	Opiliones	Assamiidae	Dampetrus
Danaus_plexippus_plexippus	Metazoa	278856	Danaus plexippus plexippus	Eukaryota	Metazoa	Arthropoda	Insecta	Lepidoptera	Nymphalidae	Danaus
Danio_rerio	Metazoa	7955	Danio rerio	Eukaryota	Metazoa	Chordata	Actinopteri	Cypriniformes	Danionidae	Danio
Daphnia_magna	Metazoa	35525	Daphnia magna	Eukaryota	Metazoa	Arthropoda	Branchiopoda	Diplostraca	Daphniidae	Daphnia
Darwinula_stevensoni	Metazoa	69355	Darwinula stevensoni	Eukaryota	Metazoa	Arthropoda	Ostracoda	Podocopida	Darwinulidae	Darwinula
Datura_stramonium	angiosperms	4076	Datura stramonium	Eukaryota	Viridiplantae	Streptophyta	Magnoliopsida	Solanales	Solanaceae	Datura
Daucus_carota	angiosperms	79200	Daucus carota subsp. sativus	Eukaryota	Viridiplantae	Streptophyta	Magnoliopsida	Apiales	Apiaceae	Daucus
Debaryomyces_fabryi	Fungi	58627	Debaryomyces fabryi	Eukaryota	Fungi	Ascomycota	Pichiomycetes	Serinales	Debaryomycetaceae	Debaryomyces
Debaryomyces_hansenii_CBS767	Fungi	284592	Debaryomyces hansenii CBS767	Eukaryota	Fungi	Ascomycota	Pichiomycetes	Serinales	Debaryomycetaceae	Debaryomyces
Debaryomyces_tyrocola	Fungi	522358	Debaryomyces tyrocola	Eukaryota	Fungi	Ascomycota	Pichiomycetes	Serinales	Debaryomycetaceae	Debaryomyces
Decorospora_gaudefroyi	Fungi	184978	Decorospora gaudefroyi	Eukaryota	Fungi	Ascomycota	Dothideomycetes	Pleosporales	Pleosporaceae	Decorospora
Deinandra_increscens	angiosperms	3103831	Deinandra increscens subsp. villosa	Eukaryota	Viridiplantae	Streptophyta	Magnoliopsida	Asterales	Asteraceae	Deinandra
Delaya_leruthi	Metazoa	1963245	Delaya leruthi	Eukaryota	Metazoa	Annelida	Clitellata	Haplotaxida	Haplotaxidae	Delaya
Delisea_pulchra	Rhodophyta	40385	Delisea pulchra	Eukaryota		Rhodophyta	Florideophyceae	Bonnemaisoniales	Bonnemaisoniaceae	Delisea
Delitschia_confertaspora_ATCC_74209	Fungi	1513339	Delitschia confertaspora ATCC 74209	Eukaryota	Fungi	Ascomycota	Dothideomycetes	Pleosporales	Delitschiaceae	Delitschia
Delonix_regia	angiosperms	72433	Delonix regia	Eukaryota	Viridiplantae	Streptophyta	Magnoliopsida	Fabales	Fabaceae	Delonix
Delphinella_strobiligena	Fungi	147560	Delphinella strobiligena	Eukaryota	Fungi	Ascomycota	Dothideomycetes	Dothideales	Dothioraceae	Delphinella
Dendrobeania_fruticosa	Metazoa	2893298	Dendrobeania fruticosa	Eukaryota	Metazoa	Bryozoa	Gymnolaemata	Cheilostomatida	Bugulidae	Dendrobeania
Dendrobium_catenatum	angiosperms	906689	Dendrobium catenatum	Eukaryota	Viridiplantae	Streptophyta	Magnoliopsida	Asparagales	Orchidaceae	Dendrobium
Dendrobium_chrysotoxum	angiosperms	161865	Dendrobium chrysotoxum	Eukaryota	Viridiplantae	Streptophyta	Magnoliopsida	Asparagales	Orchidaceae	Dendrobium
Dendrobium_nobile	angiosperms	94219	Dendrobium nobile	Eukaryota	Viridiplantae	Streptophyta	Magnoliopsida	Asparagales	Orchidaceae	Dendrobium
Dendrobium_thyrsiflorum	angiosperms	117978	Dendrobium thyrsiflorum	Eukaryota	Viridiplantae	Streptophyta	Magnoliopsida	Asparagales	Orchidaceae	Dendrobium
Dendrocalamus_sinicus	angiosperms	338490	Dendrocalamus sinicus	Eukaryota	Viridiplantae	Streptophyta	Magnoliopsida	Poales	Poaceae	Dendrocalamus
Dendrophyllia_cribrosa	Metazoa	1140371	Dendrophyllia cribrosa	Eukaryota	Metazoa	Cnidaria	Anthozoa	Scleractinia	Dendrophylliidae	Dendrophyllia
Dendrothele_bispora_CBS_962.96	Fungi	1314807	Dendrothele bispora CBS 962.96	Eukaryota	Fungi	Basidiomycota	Agaricomycetes	Agaricales		Dendrothele
Dendryphion_nanum	Fungi	256645	Dendryphion nanum	Eukaryota	Fungi	Ascomycota	Dothideomycetes	Pleosporales	Torulaceae	Dendryphion
Denticeps_clupeoides	Metazoa	299321	Denticeps clupeoides	Eukaryota	Metazoa	Chordata	Actinopteri	Clupeiformes	Denticipitidae	Denticeps
Dentipellis_fragilis	Fungi	205917	Dentipellis fragilis	Eukaryota	Fungi	Basidiomycota	Agaricomycetes	Russulales	Hericiaceae	Dentipellis
Dentiscutata_erythropus	Fungi	1348616	Dentiscutata erythropus	Eukaryota	Fungi	Glomeromycota	Glomeromycetes	Diversisporales	Gigasporaceae	Dentiscutata
Dentiscutata_heterogama	Fungi	1316150	Dentiscutata heterogama	Eukaryota	Fungi	Glomeromycota	Glomeromycetes	Diversisporales	Gigasporaceae	Dentiscutata
Dermacentor_andersoni	Metazoa	34620	Dermacentor andersoni	Eukaryota	Metazoa	Arthropoda	Arachnida	Ixodida	Ixodidae	Dermacentor
Dermanyssus_gallinae	Metazoa	34641	Dermanyssus gallinae	Eukaryota	Metazoa	Arthropoda	Arachnida	Mesostigmata	Dermanyssidae	Dermanyssus
Deroceras_reticulatum	Metazoa	145610	Deroceras reticulatum	Eukaryota	Metazoa	Mollusca	Gastropoda	Stylommatophora	Agriolimacidae	Deroceras
Desarmillaria_ectypa	Fungi	47430	Desarmillaria ectypa	Eukaryota	Fungi	Basidiomycota	Agaricomycetes	Agaricales	Physalacriaceae	Desarmillaria
Desarmillaria_tabescens	Fungi	1929756	Desarmillaria tabescens	Eukaryota	Fungi	Basidiomycota	Agaricomycetes	Agaricales	Physalacriaceae	Desarmillaria
Diacronema_lutheri	Protists	2081491	Diacronema lutheri	Eukaryota		Haptophyta	Pavlovophyceae	Pavlovales	Pavlovaceae	Diacronema
Diaphanoeca_grandis	Protists	28014	Diaphanoeca grandis	Eukaryota			Choanoflagellata	Acanthoecida	Stephanoecidae	Diaphanoeca
Diaporthe_amygdali	Fungi	1214568	Diaporthe amygdali	Eukaryota	Fungi	Ascomycota	Sordariomycetes	Diaporthales	Diaporthaceae	Diaporthe
Diaporthe_batatas	Fungi	748121	Diaporthe batatas	Eukaryota	Fungi	Ascomycota	Sordariomycetes	Diaporthales	Diaporthaceae	Diaporthe
Diaporthe_citri	Fungi	83186	Diaporthe citri	Eukaryota	Fungi	Ascomycota	Sordariomycetes	Diaporthales	Diaporthaceae	Diaporthe
Diaporthe_ilicicola	Fungi	2419934	Diaporthe ilicicola	Eukaryota	Fungi	Ascomycota	Sordariomycetes	Diaporthales	Diaporthaceae	Diaporthe
Diatrype_stigma	Fungi	117547	Diatrype stigma	Eukaryota	Fungi	Ascomycota	Sordariomycetes	Xylariales	Diatrypaceae	Diatrype
Dichanthelium_oligosanthes	angiosperms	888268	Dichanthelium oligosanthes	Eukaryota	Viridiplantae	Streptophyta	Magnoliopsida	Poales	Poaceae	Dichanthelium
Dichomitus_squalens_LYAD-421_SS1	Fungi	732165	Dichomitus squalens LYAD-421 SS1	Eukaryota	Fungi	Basidiomycota	Agaricomycetes	Polyporales	Polyporaceae	Dichomitus
Dichomitus_squalens_LYAD421_SS1	Fungi	732165	Dichomitus squalens LYAD-421 SS1	Eukaryota	Fungi	Basidiomycota	Agaricomycetes	Polyporales	Polyporaceae	Dichomitus
Dichotomocladium_elegans	Fungi	101130	Dichotomocladium elegans	Eukaryota	Fungi	Mucoromycota	Mucoromycetes	Mucorales	Lichtheimiaceae	Dichotomocladium
Dichotomopilus_funicola	Fungi	1934379	Dichotomopilus funicola	Eukaryota	Fungi	Ascomycota	Sordariomycetes	Sordariales	Chaetomiaceae	Dichotomopilus
Dictyocoela_muelleri	Fungi	279532	Dictyocoela muelleri	Eukaryota	Fungi	Microsporidia				Dictyocoela
Dictyocoela_roeselum	Fungi	288439	Dictyocoela roeselum	Eukaryota	Fungi	Microsporidia				Dictyocoela
Dicyemida_sp._4_KMK-2022	Metazoa	2969543	Dicyemida sp. 4 KMK-2022	Eukaryota	Metazoa	Dicyemida				
Dicyemida_sp._5_KMK-2022	Metazoa	2969544	Dicyemida sp. 5 KMK-2022	Eukaryota	Metazoa	Dicyemida				
Didymella_exigua_CBS_183.55	Fungi	1150837	Didymella exigua CBS 183.55	Eukaryota	Fungi	Ascomycota	Dothideomycetes	Pleosporales	Didymellaceae	Didymella
Didymella_heteroderae	Fungi	1769908	Didymella heteroderae	Eukaryota	Fungi	Ascomycota	Dothideomycetes	Pleosporales	Didymellaceae	Didymella
Didymella_keratinophila	Fungi	2301244	Didymella keratinophila	Eukaryota	Fungi	Ascomycota	Dothideomycetes	Pleosporales	Didymellaceae	Didymella
Didymella_pomorum	Fungi	749634	Didymella pomorum	Eukaryota	Fungi	Ascomycota	Dothideomycetes	Pleosporales	Didymellaceae	Didymella
Didymodactylos_carnosus	Metazoa	1234261	Didymodactylos carnosus	Eukaryota	Metazoa	Rotifera	Eurotatoria	Philodinida	Philodinidae	Didymodactylos
Didymoeca_costata	Protists	459534	Didymoeca costata	Eukaryota			Choanoflagellata	Acanthoecida	Stephanoecidae	Didymoeca
Didymosphaeria_variabile	Fungi	1932322	Didymosphaeria variabile	Eukaryota	Fungi	Ascomycota	Dothideomycetes	Pleosporales	Didymosphaeriaceae	Didymosphaeria
Digitaria_exilis	angiosperms	1010633	Digitaria exilis	Eukaryota	Viridiplantae	Streptophyta	Magnoliopsida	Poales	Poaceae	Digitaria
Dillenia_turbinata	angiosperms	194707	Dillenia turbinata	Eukaryota	Viridiplantae	Streptophyta	Magnoliopsida	Dilleniales	Dilleniaceae	Dillenia
Dimargaris_cristalligena	Fungi	215637	Dimargaris cristalligena	Eukaryota	Fungi	Kickxellomycota	Dimargaritomycetes	Dimargaritales	Dimargaritaceae	Dimargaris
Dimargaris_verticillata	Fungi	2761393	Dimargaris verticillata	Eukaryota	Fungi	Kickxellomycota	Dimargaritomycetes	Dimargaritales	Dimargaritaceae	Dimargaris
Dimargaris_xerosporica	Fungi	2761399	Dimargaris xerosporica	Eukaryota	Fungi	Kickxellomycota	Dimargaritomycetes	Dimargaritales	Dimargaritaceae	Dimargaris
Dimorphilus_gyrociliatus	Metazoa	2664684	Dimorphilus gyrociliatus	Eukaryota	Metazoa	Annelida	Polychaeta		Dinophilidae	Dimorphilus
Dinochytrium_kinnereticum	Fungi	1774096	Dinochytrium kinnereticum	Eukaryota	Fungi	Chytridiomycota	Chytridiomycetes	Chytridiales	Chytridiaceae	Dinochytrium
Dinothrombium_tinctorium	Metazoa	1965070	Dinothrombium tinctorium	Eukaryota	Metazoa	Arthropoda	Arachnida	Trombidiformes	Trombidiidae	Dinothrombium
Dionaea_muscipula	angiosperms	4362	Dionaea muscipula	Eukaryota	Viridiplantae	Streptophyta	Magnoliopsida	Caryophyllales	Droseraceae	Dionaea
Diopisthoporus_longitubus	Metazoa	996724	Diopisthoporus longitubus	Eukaryota	Metazoa	Xenacoelomorpha		Acoela	Diopisthoporidae	Diopisthoporus
Dioscorea_cayenensis	angiosperms	55577	Dioscorea cayenensis subsp. rotundata	Eukaryota	Viridiplantae	Streptophyta	Magnoliopsida	Dioscoreales	Dioscoreaceae	Dioscorea
Dioscorea_sansibarensis	angiosperms	55578	Dioscorea sansibarensis	Eukaryota	Viridiplantae	Streptophyta	Magnoliopsida	Dioscoreales	Dioscoreaceae	Dioscorea
Dioscorea_zingiberensis	angiosperms	325984	Dioscorea zingiberensis	Eukaryota	Viridiplantae	Streptophyta	Magnoliopsida	Dioscoreales	Dioscoreaceae	Dioscorea
Diospyros_lotus	angiosperms	55363	Diospyros lotus	Eukaryota	Viridiplantae	Streptophyta	Magnoliopsida	Ericales	Ebenaceae	Diospyros
Dioszegia_hungarica	Fungi	4972	Dioszegia hungarica	Eukaryota	Fungi	Basidiomycota	Tremellomycetes	Tremellales	Bulleribasidiaceae	Dioszegia
Diphasiastrum_complanatum	lycophytes	34168	Diphasiastrum complanatum	Eukaryota	Viridiplantae	Streptophyta	Lycopodiopsida	Lycopodiales	Lycopodiaceae	Diphasiastrum
Diplocarpon_coronariae	Fungi	2795749	Diplocarpon coronariae	Eukaryota	Fungi	Ascomycota	Leotiomycetes	Helotiales	Drepanopezizaceae	Diplocarpon
Diplocarpon_mali	Fungi	946123	Diplocarpon mali	Eukaryota	Fungi	Ascomycota	Leotiomycetes	Helotiales	Drepanopezizaceae	Diplocarpon
Diplocarpon_rosae	Fungi	946125	Diplocarpon rosae	Eukaryota	Fungi	Ascomycota	Leotiomycetes	Helotiales	Drepanopezizaceae	Diplocarpon
Diplodia_corticola	Fungi	236234	Diplodia corticola	Eukaryota	Fungi	Ascomycota	Dothideomycetes	Botryosphaeriales	Botryosphaeriaceae	Diplodia
Diplodia_intermedia	Fungi	856260	Diplodia intermedia	Eukaryota	Fungi	Ascomycota	Dothideomycetes	Botryosphaeriales	Botryosphaeriaceae	Diplodia
Diplodia_sapinea	Fungi	66738	Diplodia sapinea	Eukaryota	Fungi	Ascomycota	Dothideomycetes	Botryosphaeriales	Botryosphaeriaceae	Diplodia
Diplodia_seriata	Fungi	420778	Diplodia seriata	Eukaryota	Fungi	Ascomycota	Dothideomycetes	Botryosphaeriales	Botryosphaeriaceae	Diplodia
Diplodiscus_trichospermus	angiosperms	248822	Pityranthe trichosperma	Eukaryota	Viridiplantae	Streptophyta	Magnoliopsida	Malvales	Malvaceae	Pityranthe
Diplogasteroides_magnus	Metazoa	560213	Diplogasteroides magnus	Eukaryota	Metazoa	Nematoda	Chromadorea	Rhabditida	Diplogasteroididae	Diplogasteroides
Diplogelasinospora_grovesii	Fungi	303347	Diplogelasinospora grovesii	Eukaryota	Fungi	Ascomycota	Sordariomycetes	Sordariales	Diplogelasinosporaceae	Diplogelasinospora
Diploscapter_pachys	Metazoa	2018661	Diploscapter pachys	Eukaryota	Metazoa	Nematoda	Chromadorea	Rhabditida	Rhabditidae	Diploscapter
Diploschistes_diacapsis	Fungi	150877	Diploschistes diacapsis	Eukaryota	Fungi	Ascomycota	Lecanoromycetes	Ostropales	Graphidaceae	Diploschistes
Dipodascopsis_tothii	Fungi	44089	Neoaidaea tothii	Eukaryota	Fungi	Ascomycota	Lipomycetes	Lipomycetales	Lipomycetaceae	Neoaidaea
Dipsacomyces_acuminosporus	Fungi	4866	Dipsacomyces acuminosporus	Eukaryota	Fungi	Kickxellomycota	Kickxellomycetes	Kickxellales	Kickxellaceae	Dipsacomyces
Dipteronia_dyeriana	angiosperms	168575	Dipteronia dyeriana	Eukaryota	Viridiplantae	Streptophyta	Magnoliopsida	Sapindales	Sapindaceae	Dipteronia
Dipteronia_sinensis	angiosperms	43782	Dipteronia sinensis	Eukaryota	Viridiplantae	Streptophyta	Magnoliopsida	Sapindales	Sapindaceae	Dipteronia
Discosporangium_mesarthrocarpum	Protists	376270	Discosporangium mesarthrocarpum	Eukaryota			Phaeophyceae	Sphacelariales	Discosporangiaceae	Discosporangium
Discostella_pseudostelligera	Protists	259834	Discostella pseudostelligera	Eukaryota		Bacillariophyta	Thalassiosirophyceae	Thalassiosirales	Thalassiosiraceae	Discostella
Discula_destructiva	Fungi	148313	Discula destructiva	Eukaryota	Fungi	Ascomycota	Sordariomycetes	Diaporthales	Gnomoniaceae	Discula
Dispira_parvispora	Fungi	1520584	Dispira parvispora	Eukaryota	Fungi	Kickxellomycota	Dimargaritomycetes	Dimargaritales	Dimargaritaceae	Dispira
Dispira_simplex	Fungi	2789359	Dispira simplex	Eukaryota	Fungi	Kickxellomycota	Dimargaritomycetes	Dimargaritales	Dimargaritaceae	Dispira
Dissoconium_aciculare_CBS_342.82	Fungi	1314786	Dissoconium aciculare CBS 342.82	Eukaryota	Fungi	Ascomycota	Dothideomycetes	Mycosphaerellales	Dissoconiaceae	Dissoconium
Dissophora_globulifera	Fungi	979702	Dissophora globulifera	Eukaryota	Fungi	Mortierellomycota	Mortierellomycetes	Mortierellales	Mortierellaceae	Dissophora
Dissophora_ornata	Fungi	979620	Dissophora ornata	Eukaryota	Fungi	Mortierellomycota	Mortierellomycetes	Mortierellales	Mortierellaceae	Dissophora
Diurodrilus_subterraneus	Metazoa	1318637	Diurodrilus subterraneus	Eukaryota	Metazoa	Annelida	Polychaeta	Eunicida	Diurodrilidae	Diurodrilus
Diuronotus_aspetos	Metazoa	1681188	Diuronotus aspetos	Eukaryota	Metazoa	Gastrotricha		Chaetonotida	Muselliferidae	Diuronotus
Diutina_catenulata	Fungi	45537	Diutina catenulata	Eukaryota	Fungi	Ascomycota	Pichiomycetes	Serinales	Debaryomycetaceae	Diutina
Diutina_rugosa	Fungi	5481	Diutina rugosa	Eukaryota	Fungi	Ascomycota	Pichiomycetes	Serinales	Debaryomycetaceae	Diutina
Diversispora_eburnea	Fungi	1213867	Diversispora eburnea	Eukaryota	Fungi	Glomeromycota	Glomeromycetes	Diversisporales	Diversisporaceae	Diversispora
Diversispora_epigaea	Fungi	1348612	Diversispora epigaea	Eukaryota	Fungi	Glomeromycota	Glomeromycetes	Diversisporales	Diversisporaceae	Diversispora
Dorcoceras_hygrometricum	angiosperms	472368	Dorcoceras hygrometricum	Eukaryota	Viridiplantae	Streptophyta	Magnoliopsida	Lamiales	Gesneriaceae	Dorcoceras
Dorylaimopsis_sp._T63	Metazoa	2879815	Dorylaimopsis sp. T63	Eukaryota	Metazoa	Nematoda	Chromadorea	Araeolaimida	Comesomatidae	Dorylaimopsis
Dothidotthia_symphoricarpi_CBS_119687	Fungi	1392245	Dothidotthia symphoricarpi CBS 119687	Eukaryota	Fungi	Ascomycota	Dothideomycetes	Pleosporales	Dothidotthiaceae	Dothidotthia
Dovyalis_caffra	angiosperms	77055	Dovyalis caffra	Eukaryota	Viridiplantae	Streptophyta	Magnoliopsida	Malpighiales	Salicaceae	Dovyalis
Drawida_sp._KH-2017	Metazoa	1963188	Drawida sp. KH-2017	Eukaryota	Metazoa	Annelida	Clitellata	Moniligastrida	Moniligastridae	Drawida
Drechmeria_coniospora	Fungi	98403	Drechmeria coniospora	Eukaryota	Fungi	Ascomycota	Sordariomycetes	Hypocreales	Ophiocordycipitaceae	Drechmeria
Drechslerella_stenobrocha_248	Fungi	1043628	Drechslerella stenobrocha 248	Eukaryota	Fungi	Ascomycota	Orbiliomycetes	Orbiliales	Orbiliaceae	Drechslerella
Dreissena_rostriformis	Metazoa	427924	Dreissena rostriformis bugensis	Eukaryota	Metazoa	Mollusca	Bivalvia	Myida	Dreissenidae	Dreissena
Drepanopeziza_brunnea_f._sp._'multigermtubi'	Fungi	698441	Drepanopeziza brunnea f. sp. 'multigermtubi'	Eukaryota	Fungi	Ascomycota	Leotiomycetes	Helotiales	Drepanopezizaceae	Drepanopeziza
Dromaius_novaehollandiae	Metazoa	8790	Dromaius novaehollandiae	Eukaryota	Metazoa	Chordata	Aves	Casuariiformes	Dromaiidae	Dromaius
Dromiciops_gliroides	Metazoa	33562	Dromiciops gliroides	Eukaryota	Metazoa	Chordata	Mammalia	Microbiotheria	Microbiotheriidae	Dromiciops
Drosera_capensis	angiosperms	4366	Drosera capensis	Eukaryota	Viridiplantae	Streptophyta	Magnoliopsida	Caryophyllales	Droseraceae	Drosera
Drosera_rotundifolia	angiosperms	173423	Drosera rotundifolia	Eukaryota	Viridiplantae	Streptophyta	Magnoliopsida	Caryophyllales	Droseraceae	Drosera
Drosophila_melanogaster	Metazoa	7227	Drosophila melanogaster	Eukaryota	Metazoa	Arthropoda	Insecta	Diptera	Drosophilidae	Drosophila
Drosophila_pseudoobscura	Metazoa	7237	Drosophila pseudoobscura	Eukaryota	Metazoa	Arthropoda	Insecta	Diptera	Drosophilidae	Drosophila
Dugesia_japonica	Metazoa	6161	Dugesia japonica	Eukaryota	Metazoa	Platyhelminthes		Tricladida	Dugesiidae	Dugesia
Dugesia_ryukyuensis	Metazoa	79738	Dugesia ryukyuensis	Eukaryota	Metazoa	Platyhelminthes		Tricladida	Dugesiidae	Dugesia
Dunaliella_salina	chlorophyta	3046	Dunaliella salina	Eukaryota	Viridiplantae	Chlorophyta	Chlorophyceae	Chlamydomonadales	Dunaliellaceae	Dunaliella
Durio_zibethinus	angiosperms	66656	Durio zibethinus	Eukaryota	Viridiplantae	Streptophyta	Magnoliopsida	Malvales	Malvaceae	Durio
Durotheca_rogersii	Fungi	419775	Durotheca rogersii	Eukaryota	Fungi	Ascomycota	Sordariomycetes	Xylariales	Xylariaceae	Durotheca
Durusdinium_trenchii	Protists	1381693	Durusdinium trenchii	Eukaryota			Dinophyceae	Suessiales	Symbiodiniaceae	Durusdinium
Earliella_scabrosa	Fungi	2478900	Earliella scabrosa	Eukaryota	Fungi	Basidiomycota	Agaricomycetes	Polyporales	Polyporaceae	Earliella
Echeneis_naucrates	Metazoa	173247	Echeneis naucrates	Eukaryota	Metazoa	Chordata	Actinopteri	Carangiformes	Echeneidae	Echeneis
Echiniscoides_sigismundi	Metazoa	500494	Echiniscoides sigismundi	Eukaryota	Metazoa	Tardigrada	Heterotardigrada	Echiniscoidea	Echiniscoididae	Echiniscoides
Echiniscus_testudo	Metazoa	399800	Echiniscus testudo	Eukaryota	Metazoa	Tardigrada	Heterotardigrada	Echiniscoidea	Echiniscidae	Echiniscus
Echinoderes_ohtsukai	Metazoa	1755667	Echinoderes ohtsukai	Eukaryota	Metazoa	Kinorhyncha	Cyclorhagida		Echinoderidae	Echinoderes
Echinogammarus_berilloni	Metazoa	889313	Echinogammarus berilloni	Eukaryota	Metazoa	Arthropoda	Malacostraca	Amphipoda	Gammaridae	Echinogammarus
Echinoplana_celerrima	Metazoa	983673	Echinoplana celerrima	Eukaryota	Metazoa	Platyhelminthes		Polycladida	Gnesiocerotidae	Echinoplana
Echria_macrotheca	Fungi	438768	Echria macrotheca	Eukaryota	Fungi	Ascomycota	Sordariomycetes	Sordariales	Schizotheciaceae	Echria
Ectocarpus_fasciculatus	Protists	43935	Ectocarpus fasciculatus	Eukaryota			Phaeophyceae	Ectocarpales	Ectocarpaceae	Ectocarpus
Ectocarpus_siliculosus	Protists	2880	Ectocarpus siliculosus	Eukaryota			Phaeophyceae	Ectocarpales	Ectocarpaceae	Ectocarpus
Ectopsocus_briggsi	Metazoa	322492	Ectopsocus briggsi	Eukaryota	Metazoa	Arthropoda	Insecta	Psocodea	Ectopsocidae	Ectopsocus
Edaphochlamys_debaryana	chlorophyta	47281	Edaphochlamys debaryana	Eukaryota	Viridiplantae	Chlorophyta	Chlorophyceae	Chlamydomonadales		Edaphochlamys
Edhazardia_aedis_USNM_41457	Fungi	1003232	Edhazardia aedis USNM 41457	Eukaryota	Fungi	Microsporidia			Culicosporidae	Edhazardia
Eigenmannia_virescens	Metazoa	749526	Eigenmannia virescens	Eukaryota	Metazoa	Chordata	Actinopteri	Gymnotiformes	Sternopygidae	Eigenmannia
Eimeria_acervulina	Protists	5801	Eimeria acervulina	Eukaryota		Apicomplexa	Conoidasida	Eucoccidiorida	Eimeriidae	Eimeria
Eimeria_brunetti	Protists	51314	Eimeria brunetti	Eukaryota		Apicomplexa	Conoidasida	Eucoccidiorida	Eimeriidae	Eimeria
Eimeria_flavescens	Protists	471277	Eimeria flavescens	Eukaryota		Apicomplexa	Conoidasida	Eucoccidiorida	Eimeriidae	Eimeria
Eimeria_intestinalis	Protists	471278	Eimeria intestinalis	Eukaryota		Apicomplexa	Conoidasida	Eucoccidiorida	Eimeriidae	Eimeria
Eimeria_magna	Protists	471282	Eimeria magna	Eukaryota		Apicomplexa	Conoidasida	Eucoccidiorida	Eimeriidae	Eimeria
Eimeria_maxima	Protists	5804	Eimeria maxima	Eukaryota		Apicomplexa	Conoidasida	Eucoccidiorida	Eimeriidae	Eimeria
Eimeria_media	Protists	471279	Eimeria media	Eukaryota		Apicomplexa	Conoidasida	Eucoccidiorida	Eimeriidae	Eimeria
Eimeria_mitis	Protists	44415	Eimeria mitis	Eukaryota		Apicomplexa	Conoidasida	Eucoccidiorida	Eimeriidae	Eimeria
Eimeria_necatrix	Protists	51315	Eimeria necatrix	Eukaryota		Apicomplexa	Conoidasida	Eucoccidiorida	Eimeriidae	Eimeria
Eimeria_stiedai	Protists	471275	Eimeria stiedae	Eukaryota		Apicomplexa	Conoidasida	Eucoccidiorida	Eimeriidae	Eimeria
Eimeria_tenella	Protists	5802	Eimeria tenella	Eukaryota		Apicomplexa	Conoidasida	Eucoccidiorida	Eimeriidae	Eimeria
Eisenia_andrei	Metazoa	168636	Eisenia andrei	Eukaryota	Metazoa	Annelida	Clitellata	Crassiclitellata	Lumbricidae	Eisenia
Elaeis_guineensis	angiosperms	51953	Elaeis guineensis	Eukaryota	Viridiplantae	Streptophyta	Magnoliopsida	Arecales	Arecaceae	Elaeis
Elaphomyces_granulatus	Fungi	519963	Elaphomyces granulatus	Eukaryota	Fungi	Ascomycota	Eurotiomycetes	Eurotiales	Elaphomycetaceae	Elaphomyces
Elasticomyces_elasticus	Fungi	574655	Elasticomyces elasticus	Eukaryota	Fungi	Ascomycota	Dothideomycetes	Mycosphaerellales	Teratosphaeriaceae	Elasticomyces
Electrophorus_electricus	Metazoa	8005	Electrophorus electricus	Eukaryota	Metazoa	Chordata	Actinopteri	Gymnotiformes	Gymnotidae	Electrophorus
Eleusine_coracana	angiosperms	191504	Eleusine coracana subsp. coracana	Eukaryota	Viridiplantae	Streptophyta	Magnoliopsida	Poales	Poaceae	Eleusine
Eleutherodactylus_coqui	Metazoa	57060	Eleutherodactylus coqui	Eukaryota	Metazoa	Chordata	Amphibia	Anura	Eleutherodactylidae	Eleutherodactylus
Elliptochloris_bilobata	chlorophyta	381761	Elliptochloris bilobata	Eukaryota	Viridiplantae	Chlorophyta	Trebouxiophyceae			Elliptochloris
Ellobium_chinense	Metazoa	1628040	Ellobium chinense	Eukaryota	Metazoa	Mollusca	Gastropoda	Ellobiida	Ellobiidae	Ellobium
Elsinoe_batatas	Fungi	2601811	Elsinoe batatas	Eukaryota	Fungi	Ascomycota	Dothideomycetes	Myriangiales	Elsinoaceae	Elsinoe
Elysia_chlorotica	Metazoa	188477	Elysia chlorotica	Eukaryota	Metazoa	Mollusca	Gastropoda		Plakobranchidae	Elysia
Elysia_crispata	Metazoa	231223	Elysia crispata	Eukaryota	Metazoa	Mollusca	Gastropoda		Plakobranchidae	Elysia
Elysia_hedgpethi	Metazoa	1522333	Elysia hedgpethi	Eukaryota	Metazoa	Mollusca	Gastropoda		Plakobranchidae	Elysia
Elysia_rufescens	Metazoa	380559	Elysia rufescens	Eukaryota	Metazoa	Mollusca	Gastropoda		Plakobranchidae	Elysia
Elysia_timida	Metazoa	154625	Elysia timida	Eukaryota	Metazoa	Mollusca	Gastropoda		Plakobranchidae	Elysia
Elysia_velutinus	Metazoa	2136272	Elysia velutinus	Eukaryota	Metazoa	Mollusca	Gastropoda		Plakobranchidae	Elysia
Emarellia_grisea	Fungi	1805848	Emarellia grisea	Eukaryota	Fungi	Ascomycota	Dothideomycetes	Pleosporales	Trematosphaeriaceae	Emarellia
Emergomyces_africanus	Fungi	1955775	Emergomyces africanus	Eukaryota	Fungi	Ascomycota	Eurotiomycetes	Onygenales	Ajellomycetaceae	Emergomyces
Emergomyces_pasteurianus_Ep9510	Fungi	1447872	Emergomyces pasteurianus Ep9510	Eukaryota	Fungi	Ascomycota	Eurotiomycetes	Onygenales	Ajellomycetaceae	Emergomyces
Emericellopsis_atlantica	Fungi	2614577	Emericellopsis atlantica	Eukaryota	Fungi	Ascomycota	Sordariomycetes	Hypocreales	Bionectriaceae	Emericellopsis
Emericellopsis_cladophorae	Fungi	2686198	Emericellopsis cladophorae	Eukaryota	Fungi	Ascomycota	Sordariomycetes	Hypocreales	Bionectriaceae	Emericellopsis
Emiliania_huxleyi_CCMP1516	Protists	280463	Emiliania huxleyi CCMP1516	Eukaryota		Haptophyta		Isochrysidales	Noelaerhabdaceae	Emiliania
Emydomyces_testavorans	Fungi	2070801	Emydomyces testavorans	Eukaryota	Fungi	Ascomycota	Eurotiomycetes	Onygenales	Nannizziopsiaceae	Emydomyces
Encephalitozoon_cuniculi_GB-M1	Fungi	284813	Encephalitozoon cuniculi GB-M1	Eukaryota	Fungi	Microsporidia			Unikaryonidae	Encephalitozoon
Encephalitozoon_cuniculi_GBM1	Fungi	284813	Encephalitozoon cuniculi GB-M1	Eukaryota	Fungi	Microsporidia			Unikaryonidae	Encephalitozoon
Encephalitozoon_hellem_ATCC_50504	Fungi	907965	Encephalitozoon hellem ATCC 50504	Eukaryota	Fungi	Microsporidia			Unikaryonidae	Encephalitozoon
Encephalitozoon_intestinalis_ATCC_50506	Fungi	876142	Encephalitozoon intestinalis ATCC 50506	Eukaryota	Fungi	Microsporidia			Unikaryonidae	Encephalitozoon
Encephalitozoon_romaleae_SJ-2008	Fungi	1178016	Encephalitozoon romaleae SJ-2008	Eukaryota	Fungi	Microsporidia			Unikaryonidae	Encephalitozoon
Encephalitozoon_romaleae_SJ2008	Fungi	1178016	Encephalitozoon romaleae SJ-2008	Eukaryota	Fungi	Microsporidia			Unikaryonidae	Encephalitozoon
Enchytraeus_crypticus	Metazoa	913645	Enchytraeus crypticus	Eukaryota	Metazoa	Annelida	Clitellata	Enchytraeida	Enchytraeidae	Enchytraeus
Endocarpon_pusillum_Z07020	Fungi	1263415	Endocarpon pusillum Z07020	Eukaryota	Fungi	Ascomycota	Eurotiomycetes	Verrucariales	Verrucariaceae	Endocarpon
Engystomops_pustulosus	Metazoa	76066	Engystomops pustulosus	Eukaryota	Metazoa	Chordata	Amphibia	Anura	Leptodactylidae	Engystomops
Enoplus_brevis	Metazoa	57292	Enoplus brevis	Eukaryota	Metazoa	Nematoda	Enoplea	Enoplida	Enoplidae	Enoplus
Ensete_ventricosum	angiosperms	4639	Ensete ventricosum	Eukaryota	Viridiplantae	Streptophyta	Magnoliopsida	Zingiberales	Musaceae	Ensete
Enteropsectra_breve	Fungi	1912989	Enteropsectra breve	Eukaryota	Fungi	Microsporidia				Enteropsectra
Enterospora_canceri	Fungi	1081671	Enterospora canceri	Eukaryota	Fungi	Microsporidia			Enterocytozoonidae	Enterospora
Entomophthora_muscae	Fungi	34485	Entomophthora muscae	Eukaryota	Fungi	Entomophthoromycota	Entomophthoromycetes	Entomophthorales	Entomophthoraceae	Entomophthora
Entomortierella_beljakovae	Fungi	979673	Entomortierella beljakovae	Eukaryota	Fungi	Mortierellomycota	Mortierellomycetes	Mortierellales	Mortierellaceae	Entomortierella
Entomortierella_chlamydospora	Fungi	101097	Entomortierella chlamydospora	Eukaryota	Fungi	Mortierellomycota	Mortierellomycetes	Mortierellales	Mortierellaceae	Entomortierella
Entomortierella_lignicola	Fungi	979712	Entomortierella lignicola	Eukaryota	Fungi	Mortierellomycota	Mortierellomycetes	Mortierellales	Mortierellaceae	Entomortierella
Entonomenia_tricarinata	Metazoa	1541969	Entonomenia tricarinata	Eukaryota	Metazoa	Mollusca	Solenogastres	Cavibelonia	Rhopalomeniidae	Entonomenia
Entophlyctis_helioformis	Fungi	281842	Entophlyctis helioformis	Eukaryota	Fungi	Chytridiomycota	Chytridiomycetes	Chytridiales	Chytriomycetaceae	Entophlyctis
Entophlyctis_luteolus	Fungi	109932	Entophlyctis luteolus	Eukaryota	Fungi	Chytridiomycota	Chytridiomycetes	Chytridiales	Chytriomycetaceae	Entophlyctis
Eoacmaea_pustulata	Metazoa	2494650	Eoacmaea pustulata	Eukaryota	Metazoa	Mollusca	Gastropoda		Eoacmaeidae	Eoacmaea
Eocyzicus_sp._MCZ_IZ_50104	Metazoa	1930652	Eocyzicus sp. MCZ IZ 50104	Eukaryota	Metazoa	Arthropoda	Branchiopoda	Diplostraca	Eocyzicidae	Eocyzicus
Eoleptestheria_cf._ticinensis_MCZ_IZ_50108	Metazoa	1930653	Eoleptestheria cf. ticinensis MCZ IZ 50108	Eukaryota	Metazoa	Arthropoda	Branchiopoda	Diplostraca	Leptestheriidae	Eoleptestheria
Eoperipatus_totoro	Metazoa	1385931	Eoperipatus totoro	Eukaryota	Metazoa	Onychophora	Udeonychophora	Euonychophora	Peripatidae	Eoperipatus
Eosentomon_sakura	Metazoa	289450	Eosentomon sakura	Eukaryota	Metazoa	Arthropoda	Protura	Eosentomata	Eosentomidae	Eosentomon
Ephemerocybe_angulata	Fungi	980116	Ephemerocybe angulata	Eukaryota	Fungi	Basidiomycota	Agaricomycetes	Agaricales	Psathyrellaceae	Ephemerocybe
Ephydatia_muelleri	Metazoa	6052	Ephydatia muelleri	Eukaryota	Metazoa	Porifera	Demospongiae	Spongillida	Spongillidae	Ephydatia
Epibryon_bryophilum	Fungi	1206335	Epibryon bryophilum	Eukaryota	Fungi	Ascomycota	Eurotiomycetes	Chaetothyriales	Epibryaceae	Epibryon
Epibryon_interlamellare	Fungi	1206340	Epibryon interlamellare	Eukaryota	Fungi	Ascomycota	Eurotiomycetes	Chaetothyriales	Epibryaceae	Epibryon
Epibryon_turfosorum	Fungi	1206344	Epibryon turfosorum	Eukaryota	Fungi	Ascomycota	Eurotiomycetes	Chaetothyriales	Epibryaceae	Epibryon
Epichloe_festucae_Fl1	Fungi	877507	Epichloe festucae Fl1	Eukaryota	Fungi	Ascomycota	Sordariomycetes	Hypocreales	Clavicipitaceae	Epichloe
Epicoccum_nigrum	Fungi	105696	Epicoccum nigrum	Eukaryota	Fungi	Ascomycota	Dothideomycetes	Pleosporales	Didymellaceae	Epicoccum
Epiperipatus_broadwayi	Metazoa	2448278	Epiperipatus broadwayi	Eukaryota	Metazoa	Onychophora	Udeonychophora	Euonychophora	Peripatidae	Epiperipatus
Epiperipatus_sp._CB-2018_/_Epiperipatus_sp._(Panama)_MCZ-141126	Metazoa	2497346	Epiperipatus sp. CB-2018	Eukaryota	Metazoa	Onychophora	Udeonychophora	Euonychophora	Peripatidae	Epiperipatus
Epiperipatus_trinidadensis	Metazoa	2448280	Epiperipatus trinidadensis	Eukaryota	Metazoa	Onychophora	Udeonychophora	Euonychophora	Peripatidae	Epiperipatus
Epiperipatus_vagans	Metazoa	2448281	Epiperipatus vagans	Eukaryota	Metazoa	Onychophora	Udeonychophora	Euonychophora	Peripatidae	Epiperipatus
Epithele_typhae	Fungi	378194	Epithele typhae	Eukaryota	Fungi	Basidiomycota	Agaricomycetes	Polyporales	Epitheliaceae	Epithele
Eptatretus_burgeri	Metazoa	7764	Eptatretus burgeri	Eukaryota	Metazoa	Chordata	Myxini	Myxiniformes	Myxinidae	Eptatretus
Eragrostis_curvula	angiosperms	38414	Eragrostis curvula	Eukaryota	Viridiplantae	Streptophyta	Magnoliopsida	Poales	Poaceae	Eragrostis
Ercolania_boodleae	Metazoa	2720088	Ercolania boodleae	Eukaryota	Metazoa	Mollusca	Gastropoda		Limapontiidae	Ercolania
Eremomyces_bilateralis_CBS_781.70	Fungi	1392243	Eremomyces bilateralis CBS 781.70	Eukaryota	Fungi	Ascomycota	Dothideomycetes	Eremomycetales	Eremomycetaceae	Eremomyces
Eremothecium_cymbalariae_DBVPG#7215	Fungi	931890	Eremothecium cymbalariae DBVPG#7215	Eukaryota	Fungi	Ascomycota	Saccharomycetes	Saccharomycetales	Saccharomycetaceae	Eremothecium
Eremothecium_gossypii_ATCC_10895	Fungi	284811	Eremothecium gossypii ATCC 10895	Eukaryota	Fungi	Ascomycota	Saccharomycetes	Saccharomycetales	Saccharomycetaceae	Eremothecium
Eremothecium_sinecaudum	Fungi	45286	Eremothecium sinecaudum	Eukaryota	Fungi	Ascomycota	Saccharomycetes	Saccharomycetales	Saccharomycetaceae	Eremothecium
Erigeron_canadensis	angiosperms	72917	Erigeron canadensis	Eukaryota	Viridiplantae	Streptophyta	Magnoliopsida	Asterales	Asteraceae	Erigeron
Eriocheir_sinensis	Metazoa	95602	Eriocheir sinensis	Eukaryota	Metazoa	Arthropoda	Malacostraca	Decapoda	Varunidae	Eriocheir
Ero_leonina	Metazoa	1506261	Ero leonina	Eukaryota	Metazoa	Arthropoda	Arachnida	Araneae	Mimetidae	Ero
Erpetoichthys_calabaricus	Metazoa	27687	Erpetoichthys calabaricus	Eukaryota	Metazoa	Chordata	Cladistia	Polypteriformes	Polypteridae	Erpetoichthys
Eruca_vesicaria	angiosperms	29727	Eruca vesicaria subsp. sativa	Eukaryota	Viridiplantae	Streptophyta	Magnoliopsida	Brassicales	Brassicaceae	Eruca
Erysiphe_necator	Fungi	52586	Erysiphe necator	Eukaryota	Fungi	Ascomycota	Leotiomycetes	Erysiphales	Erysiphaceae	Erysiphe
Erysiphe_neolycopersici	Fungi	212602	Erysiphe neolycopersici	Eukaryota	Fungi	Ascomycota	Leotiomycetes	Erysiphales	Erysiphaceae	Erysiphe
Erysiphe_pulchra	Fungi	225359	Erysiphe pulchra	Eukaryota	Fungi	Ascomycota	Leotiomycetes	Erysiphales	Erysiphaceae	Erysiphe
Erythranthe_guttata	angiosperms	4155	Erythranthe guttata	Eukaryota	Viridiplantae	Streptophyta	Magnoliopsida	Lamiales	Phrymaceae	Erythranthe
Erythranthe_nasuta	angiosperms	4158	Erythranthe nasuta	Eukaryota	Viridiplantae	Streptophyta	Magnoliopsida	Lamiales	Phrymaceae	Erythranthe
Erythranthe_tilingii	angiosperms	4161	Erythranthe tilingii	Eukaryota	Viridiplantae	Streptophyta	Magnoliopsida	Lamiales	Phrymaceae	Erythranthe
Erythrolobus_australicus	Rhodophyta	1077150	Erythrolobus australicus	Eukaryota		Rhodophyta	Bangiophyceae	Porphyridiales	Porphyridiaceae	Erythrolobus
Erythrolobus_madagascarensis	Rhodophyta	708628	Erythrolobus madagascarensis	Eukaryota		Rhodophyta	Bangiophyceae	Porphyridiales	Porphyridiaceae	Erythrolobus
Erythroxylum_novogranatense	angiosperms	1862640	Erythroxylum novogranatense	Eukaryota	Viridiplantae	Streptophyta	Magnoliopsida	Malpighiales	Erythroxylaceae	Erythroxylum
Escallonia_herrerae	angiosperms	1293975	Escallonia herrerae	Eukaryota	Viridiplantae	Streptophyta	Magnoliopsida	Escalloniales	Escalloniaceae	Escallonia
Escallonia_rubra	angiosperms	112253	Escallonia rubra	Eukaryota	Viridiplantae	Streptophyta	Magnoliopsida	Escalloniales	Escalloniaceae	Escallonia
Esox_lucius	Metazoa	8010	Esox lucius	Eukaryota	Metazoa	Chordata	Actinopteri	Esociformes	Esocidae	Esox
Eubranchus_rustyus	Metazoa	763125	Eubranchus rustyus	Eukaryota	Metazoa	Mollusca	Gastropoda	Nudibranchia	Eubranchidae	Eubranchus
Eucalyptus_globulus	angiosperms	34317	Eucalyptus globulus	Eukaryota	Viridiplantae	Streptophyta	Magnoliopsida	Myrtales	Myrtaceae	Eucalyptus
Eucalyptus_grandis	angiosperms	71139	Eucalyptus grandis	Eukaryota	Viridiplantae	Streptophyta	Magnoliopsida	Myrtales	Myrtaceae	Eucalyptus
Eucheuma_denticulatum	Rhodophyta	305493	Eucheuma denticulatum	Eukaryota		Rhodophyta	Florideophyceae	Gigartinales	Solieriaceae	Eucheuma
Euchromadora_sp._MIHIF	Metazoa	2490274	Euchromadora sp. MIHIF	Eukaryota	Metazoa	Nematoda	Chromadorea	Chromadorida	Chromadoridae	Euchromadora
Eucyclops_serrulatus	Metazoa	84317	Eucyclops serrulatus	Eukaryota	Metazoa	Arthropoda	Copepoda	Cyclopoida	Cyclopidae	Eucyclops
Eudigraphis_taiwanensis	Metazoa	1816489	Eudigraphis taiwaniensis	Eukaryota	Metazoa	Arthropoda	Diplopoda	Polyxenida	Polyxenidae	Eudigraphis
Eudigraphis_takakuwai	Metazoa	1366109	Eudigraphis takakuwai	Eukaryota	Metazoa	Arthropoda	Diplopoda	Polyxenida	Polyxenidae	Eudigraphis
Eukoenenia_zariquieyi	Metazoa	129188	Eukoenenia	Eukaryota	Metazoa	Arthropoda	Arachnida	Palpigradi	Eukoeneniidae	
Eukrohnia_hamata	Metazoa	58920	Eukrohnia hamata	Eukaryota	Metazoa	Chaetognatha	Sagittoidea	Phragmophora	Eukrohniidae	Eukrohnia
Eulimnadia_sp._MCZ_IZ_50085	Metazoa	1930639	Eulimnadia sp. MCZ IZ 50085	Eukaryota	Metazoa	Arthropoda	Branchiopoda	Diplostraca	Limnadiidae	Eulimnadia
Euperipatoides_rowelli	Metazoa	49087	Euperipatoides rowelli	Eukaryota	Metazoa	Onychophora	Udeonychophora	Euonychophora	Peripatopsidae	Euperipatoides
Euphausia_pacifica	Metazoa	102976	Euphausia pacifica	Eukaryota	Metazoa	Arthropoda	Malacostraca	Euphausiacea	Euphausiidae	Euphausia
Euphorbia_lathyris	angiosperms	212925	Euphorbia lathyris	Eukaryota	Viridiplantae	Streptophyta	Magnoliopsida	Malpighiales	Euphorbiaceae	Euphorbia
Euphorbia_peplus	angiosperms	38846	Euphorbia peplus	Eukaryota	Viridiplantae	Streptophyta	Magnoliopsida	Malpighiales	Euphorbiaceae	Euphorbia
Eurytemora_affinis	Metazoa	88015	Eurytemora affinis	Eukaryota	Metazoa	Arthropoda	Copepoda	Calanoida	Temoridae	Eurytemora
Eusergestes_similis	Metazoa	2841602	Eusergestes similis	Eukaryota	Metazoa	Arthropoda	Malacostraca	Decapoda	Sergestidae	Eusergestes
Eutrema_salsugineum	angiosperms	72664	Eutrema salsugineum	Eukaryota	Viridiplantae	Streptophyta	Magnoliopsida	Brassicales	Brassicaceae	Eutrema
Evadne_cf._nordmanni_MCZ_IZ_68046	Metazoa	1930655	Evadne cf. nordmanni MCZ IZ 68046	Eukaryota	Metazoa	Arthropoda	Branchiopoda	Diplostraca	Podonidae	Evadne
Exidia_glandulosa_HHB12029	Fungi	1314781	Exidia glandulosa HHB12029	Eukaryota	Fungi	Basidiomycota	Agaricomycetes	Auriculariales	Exidiaceae	Exidia
Exobasidium_rhododendri	Fungi	63378	Exobasidium rhododendri	Eukaryota	Fungi	Basidiomycota	Exobasidiomycetes	Exobasidiales	Exobasidiaceae	Exobasidium
Exophiala_aquamarina_CBS_119918	Fungi	1182545	Exophiala aquamarina CBS 119918	Eukaryota	Fungi	Ascomycota	Eurotiomycetes	Chaetothyriales	Herpotrichiellaceae	Exophiala
Exophiala_bonariae	Fungi	1690606	Exophiala bonariae	Eukaryota	Fungi	Ascomycota	Eurotiomycetes	Chaetothyriales	Herpotrichiellaceae	Exophiala
Exophiala_dermatitidis_NIH/UT8656	Fungi	858893	Exophiala dermatitidis NIH/UT8656	Eukaryota	Fungi	Ascomycota	Eurotiomycetes	Chaetothyriales	Herpotrichiellaceae	Exophiala
Exophiala_mesophila	Fungi	212818	Exophiala mesophila	Eukaryota	Fungi	Ascomycota	Eurotiomycetes	Chaetothyriales	Herpotrichiellaceae	Exophiala
Exophiala_oligosperma	Fungi	215243	Exophiala oligosperma	Eukaryota	Fungi	Ascomycota	Eurotiomycetes	Chaetothyriales	Herpotrichiellaceae	Exophiala
Exophiala_sideris	Fungi	1016849	Exophiala sideris	Eukaryota	Fungi	Ascomycota	Eurotiomycetes	Chaetothyriales	Herpotrichiellaceae	Exophiala
Exophiala_spinifera	Fungi	91928	Exophiala spinifera	Eukaryota	Fungi	Ascomycota	Eurotiomycetes	Chaetothyriales	Herpotrichiellaceae	Exophiala
Exophiala_viscosa	Fungi	2486360	Exophiala viscosa	Eukaryota	Fungi	Ascomycota	Eurotiomycetes	Chaetothyriales	Herpotrichiellaceae	Exophiala
Exophiala_xenobiotica	Fungi	348802	Exophiala xenobiotica	Eukaryota	Fungi	Ascomycota	Eurotiomycetes	Chaetothyriales	Herpotrichiellaceae	Exophiala
Exserohilum_turcica_Et28A	Fungi	671987	Exserohilum turcica Et28A	Eukaryota	Fungi	Ascomycota	Dothideomycetes	Pleosporales	Pleosporaceae	Exserohilum
Extremus_antarcticus	Fungi	702011	Extremus antarcticus	Eukaryota	Fungi	Ascomycota	Dothideomycetes	Mycosphaerellales	Extremaceae	Extremus
FWG001	Asgard									
FWG016	Asgard									
FWG037	Asgard									
FWG038	Asgard									
FWG135	Asgard									
FWG136	Asgard									
FWG137	Asgard									
FWG138	Asgard									
FWG139	Asgard									
FWG140	Asgard									
FWG166	Asgard									
FWG169	Asgard									
Fagus_crenata	angiosperms	28929	Fagus crenata	Eukaryota	Viridiplantae	Streptophyta	Magnoliopsida	Fagales	Fagaceae	Fagus
Falcidens_caudatus	Metazoa	2049293	Falcidens caudatus	Eukaryota	Metazoa	Mollusca	Caudofoveata	Chaetodermatida	Chaetodermatidae	Falcidens
Falcidens_sagittiferus	Metazoa	2136975	Falcidens sagittiferus	Eukaryota	Metazoa	Mollusca	Caudofoveata	Chaetodermatida	Chaetodermatidae	Falcidens
Favolaschia_claudopus	Fungi	2862362	Favolaschia claudopus	Eukaryota	Fungi	Basidiomycota	Agaricomycetes	Agaricales	Mycenaceae	Favolaschia
Fenneropenaeus_chinensis	Metazoa	139456	Penaeus chinensis	Eukaryota	Metazoa	Arthropoda	Malacostraca	Decapoda	Penaeidae	Penaeus
Festuca_glaucescens	angiosperms	89681	Festuca glaucescens	Eukaryota	Viridiplantae	Streptophyta	Magnoliopsida	Poales	Poaceae	Festuca
Fibroporia_radiculosa	Fungi	599839	Fibroporia radiculosa	Eukaryota	Fungi	Basidiomycota	Agaricomycetes	Polyporales	Fibroporiaceae	Fibroporia
Filientomon_takanawanum	Metazoa	533279	Filientomon takanawanum	Eukaryota	Metazoa	Arthropoda	Protura	Acerentomata	Acerentomidae	Filientomon
Filobasidium_floriforme	Fungi	5210	Filobasidium floriforme	Eukaryota	Fungi	Basidiomycota	Tremellomycetes	Filobasidiales	Filobasidiaceae	Filobasidium
Fimicolochytrium_jonesii	Fungi	1396493	Fimicolochytrium jonesii	Eukaryota	Fungi	Chytridiomycota	Chytridiomycetes	Spizellomycetales	Powellomycetaceae	Fimicolochytrium
Fissiphallius_martensi	Metazoa	1955530	Fissiphallius martensi	Eukaryota	Metazoa	Arthropoda	Arachnida	Opiliones	Fissiphalliidae	Fissiphallius
Fissurella_natalensis	Metazoa	2497952	Fissurella natalensis	Eukaryota	Metazoa	Mollusca	Gastropoda	Lepetellida	Fissurellidae	Fissurella
Fistulina_hepatica_ATCC_64428	Fungi	1128425	Fistulina hepatica ATCC 64428	Eukaryota	Fungi	Basidiomycota	Agaricomycetes	Agaricales	Fistulinaceae	Fistulina
Flabegraviera_mundata	Metazoa	2507406	Flabegraviera mundata	Eukaryota	Metazoa	Annelida	Polychaeta	Terebellida	Flabelligeridae	Flabegraviera
Flaccisagitta_hexaptera	Metazoa	1562707	Flaccisagitta hexaptera	Eukaryota	Metazoa	Chaetognatha	Sagittoidea	Aphragmophora	Sagittidae	Flaccisagitta
Flammula_alnicola	Fungi	109635	Flammula alnicola	Eukaryota	Fungi	Basidiomycota	Agaricomycetes	Agaricales	Strophariaceae	Flammula
Flavoperla_sp._YW-2014	Metazoa	1471781	Flavoperla sp. YW-2014	Eukaryota	Metazoa	Arthropoda	Insecta	Plecoptera	Perlidae	Flavoperla
Flavoplaca_austrocitrina	Fungi	522353	Flavoplaca austrocitrina	Eukaryota	Fungi	Ascomycota	Lecanoromycetes	Teloschistales	Teloschistaceae	Flavoplaca
Flavoplaca_citrina	Fungi	1301329	Flavoplaca citrina	Eukaryota	Fungi	Ascomycota	Lecanoromycetes	Teloschistales	Teloschistaceae	Flavoplaca
Flavoplaca_limonia	Fungi	1498898	Flavoplaca limonia	Eukaryota	Fungi	Ascomycota	Lecanoromycetes	Teloschistales	Teloschistaceae	Flavoplaca
Flavoplaca_navasiana	Fungi	1301335	Flavoplaca navasiana	Eukaryota	Fungi	Ascomycota	Lecanoromycetes	Teloschistales	Teloschistaceae	Flavoplaca
Flavoplaca_oasis	Fungi	1301336	Flavoplaca oasis	Eukaryota	Fungi	Ascomycota	Lecanoromycetes	Teloschistales	Teloschistaceae	Flavoplaca
Flemingia_macrophylla	angiosperms	520843	Flemingia macrophylla	Eukaryota	Viridiplantae	Streptophyta	Magnoliopsida	Fabales	Fabaceae	Flemingia
Folsomia_candida	Metazoa	158441	Folsomia candida	Eukaryota	Metazoa	Arthropoda	Collembola	Entomobryomorpha	Isotomidae	Folsomia
Fomes_fomentarius	Fungi	40442	Fomes fomentarius	Eukaryota	Fungi	Basidiomycota	Agaricomycetes	Polyporales	Polyporaceae	Fomes
Fomitiporia_mediterranea_MF3/22	Fungi	694068	Fomitiporia mediterranea MF3/22	Eukaryota	Fungi	Basidiomycota	Agaricomycetes	Hymenochaetales	Hymenochaetaceae	Fomitiporia
Fomitopsis_betulina	Fungi	40450	Fomitopsis betulina	Eukaryota	Fungi	Basidiomycota	Agaricomycetes	Polyporales	Fomitopsidaceae	Fomitopsis
Fomitopsis_schrenkii	Fungi	2126942	Fomitopsis schrenkii	Eukaryota	Fungi	Basidiomycota	Agaricomycetes	Polyporales	Fomitopsidaceae	Fomitopsis
Fomitopsis_serialis	Fungi	139415	Fomitopsis serialis	Eukaryota	Fungi	Basidiomycota	Agaricomycetes	Polyporales	Fomitopsidaceae	Fomitopsis
Fonsecaea_erecta	Fungi	1367422	Fonsecaea erecta	Eukaryota	Fungi	Ascomycota	Eurotiomycetes	Chaetothyriales	Herpotrichiellaceae	Fonsecaea
Fonsecaea_monophora	Fungi	254056	Fonsecaea monophora	Eukaryota	Fungi	Ascomycota	Eurotiomycetes	Chaetothyriales	Herpotrichiellaceae	Fonsecaea
Fonsecaea_multimorphosa_CBS_102226	Fungi	1442371	Fonsecaea multimorphosa CBS 102226	Eukaryota	Fungi	Ascomycota	Eurotiomycetes	Chaetothyriales	Herpotrichiellaceae	Fonsecaea
Fonsecaea_nubica	Fungi	856822	Fonsecaea nubica	Eukaryota	Fungi	Ascomycota	Eurotiomycetes	Chaetothyriales	Herpotrichiellaceae	Fonsecaea
Fonsecaea_pedrosoi_CBS_271.37	Fungi	1442368	Fonsecaea pedrosoi CBS 271.37	Eukaryota	Fungi	Ascomycota	Eurotiomycetes	Chaetothyriales	Herpotrichiellaceae	Fonsecaea
Fonticula_alba	Protists	691883	Fonticula alba	Eukaryota				Rotosphaerida	Fonticulaceae	Fonticula
Forficula_auricularia	Metazoa	13068	Forficula auricularia	Eukaryota	Metazoa	Arthropoda	Insecta	Dermaptera	Forficulidae	Forficula
Forsythia_ovata	angiosperms	205694	Forsythia ovata	Eukaryota	Viridiplantae	Streptophyta	Magnoliopsida	Lamiales	Oleaceae	Forsythia
Fragaria_vesca	angiosperms	101020	Fragaria vesca subsp. vesca	Eukaryota	Viridiplantae	Streptophyta	Magnoliopsida	Rosales	Rosaceae	Fragaria
Fragilaria_crotonensis	Protists	210448	Fragilaria crotonensis	Eukaryota		Bacillariophyta	Fragilariophyceae	Fragilariales	Fragilariaceae	Fragilaria
Franciscideres_kalenesos	Metazoa	1415231	Franciscideres kalenesos	Eukaryota	Metazoa	Kinorhyncha				Franciscideres
Fraxinus_pennsylvanica	angiosperms	56036	Fraxinus pennsylvanica	Eukaryota	Viridiplantae	Streptophyta	Magnoliopsida	Lamiales	Oleaceae	Fraxinus
Fredericella_sultana	Metazoa	349672	Fredericella sultana	Eukaryota	Metazoa	Bryozoa	Phylactolaemata		Fredericellidae	Fredericella
Friedmanniomyces_endolithicus	Fungi	329885	Friedmanniomyces endolithicus	Eukaryota	Fungi	Ascomycota	Dothideomycetes	Mycosphaerellales	Teratosphaeriaceae	Friedmanniomyces
Friedmanniomyces_simplex	Fungi	329884	Friedmanniomyces simplex	Eukaryota	Fungi	Ascomycota	Dothideomycetes	Mycosphaerellales	Teratosphaeriaceae	Friedmanniomyces
Fruticicola_(Koreanohadra)_kurodana	Metazoa	1738606	Fruticicola kurodana	Eukaryota	Metazoa	Mollusca	Gastropoda	Stylommatophora	Camaenidae	Fruticicola
Fulgogasparrea_decipioides	Fungi	1445002	Fulgogasparrea decipioides	Eukaryota	Fungi	Ascomycota	Lecanoromycetes	Teloschistales	Teloschistaceae	Fulgogasparrea
Fulvia_fulva	Fungi	5499	Fulvia fulva	Eukaryota	Fungi	Ascomycota	Dothideomycetes	Mycosphaerellales	Mycosphaerellaceae	Fulvia
Fumontana_deprehendor	Metazoa	476021	Fumontana deprehendor	Eukaryota	Metazoa	Arthropoda	Arachnida	Opiliones	Triaenonychidae	Fumontana
Funneliformis_caledonium	Fungi	1117310	Funneliformis caledonium	Eukaryota	Fungi	Glomeromycota	Glomeromycetes	Glomerales	Glomeraceae	Funneliformis
Funneliformis_geosporum	Fungi	1117311	Funneliformis geosporum	Eukaryota	Fungi	Glomeromycota	Glomeromycetes	Glomerales	Glomeraceae	Funneliformis
Funneliformis_mosseae	Fungi	27381	Funneliformis mosseae	Eukaryota	Fungi	Glomeromycota	Glomeromycetes	Glomerales	Glomeraceae	Funneliformis
Furcellaria_lumbricalis	Rhodophyta	28020	Furcellaria lumbricalis	Eukaryota		Rhodophyta	Florideophyceae	Gigartinales	Furcellariaceae	Furcellaria
Furculomyces_boomerangus	Fungi	61424	Furculomyces boomerangus	Eukaryota	Fungi	Kickxellomycota	Harpellomycetes	Harpellales	Harpellaceae	Furculomyces
Fusarium_acuminatum	Fungi	5515	Fusarium acuminatum	Eukaryota	Fungi	Ascomycota	Sordariomycetes	Hypocreales	Nectriaceae	Fusarium
Fusarium_acutatum	Fungi	78861	Fusarium acutatum	Eukaryota	Fungi	Ascomycota	Sordariomycetes	Hypocreales	Nectriaceae	Fusarium
Fusarium_albosuccineum	Fungi	1237068	Fusarium albosuccineum	Eukaryota	Fungi	Ascomycota	Sordariomycetes	Hypocreales	Nectriaceae	Fusarium
Fusarium_ambrosium	Fungi	131363	Fusarium ambrosium	Eukaryota	Fungi	Ascomycota	Sordariomycetes	Hypocreales	Nectriaceae	Fusarium
Fusarium_anthophilum	Fungi	48485	Fusarium anthophilum	Eukaryota	Fungi	Ascomycota	Sordariomycetes	Hypocreales	Nectriaceae	Fusarium
Fusarium_austroafricanum	Fungi	2364996	Fusarium austroafricanum	Eukaryota	Fungi	Ascomycota	Sordariomycetes	Hypocreales	Nectriaceae	Fusarium
Fusarium_beomiforme	Fungi	44412	Fusarium beomiforme	Eukaryota	Fungi	Ascomycota	Sordariomycetes	Hypocreales	Nectriaceae	Fusarium
Fusarium_bulbicola	Fungi	79018	Fusarium bulbicola	Eukaryota	Fungi	Ascomycota	Sordariomycetes	Hypocreales	Nectriaceae	Fusarium
Fusarium_chlamydosporum	Fungi	86545	Fusarium chlamydosporum	Eukaryota	Fungi	Ascomycota	Sordariomycetes	Hypocreales	Nectriaceae	Fusarium
Fusarium_chuoi	Fungi	2885761	Fusarium chuoi	Eukaryota	Fungi	Ascomycota	Sordariomycetes	Hypocreales	Nectriaceae	Fusarium
Fusarium_coffeatum	Fungi	231269	Fusarium coffeatum	Eukaryota	Fungi	Ascomycota	Sordariomycetes	Hypocreales	Nectriaceae	Fusarium
Fusarium_coicis	Fungi	1567539	Fusarium coicis	Eukaryota	Fungi	Ascomycota	Sordariomycetes	Hypocreales	Nectriaceae	Fusarium
Fusarium_culmorum	Fungi	5516	Fusarium culmorum	Eukaryota	Fungi	Ascomycota	Sordariomycetes	Hypocreales	Nectriaceae	Fusarium
Fusarium_decemcellulare	Fungi	57161	Fusarium decemcellulare	Eukaryota	Fungi	Ascomycota	Sordariomycetes	Hypocreales	Nectriaceae	Fusarium
Fusarium_denticulatum	Fungi	48507	Fusarium denticulatum	Eukaryota	Fungi	Ascomycota	Sordariomycetes	Hypocreales	Nectriaceae	Fusarium
Fusarium_duplospermum	Fungi	1325734	Fusarium duplospermum	Eukaryota	Fungi	Ascomycota	Sordariomycetes	Hypocreales	Nectriaceae	Fusarium
Fusarium_falciforme	Fungi	195108	Fusarium falciforme	Eukaryota	Fungi	Ascomycota	Sordariomycetes	Hypocreales	Nectriaceae	Fusarium
Fusarium_flagelliforme	Fungi	2675880	Fusarium flagelliforme	Eukaryota	Fungi	Ascomycota	Sordariomycetes	Hypocreales	Nectriaceae	Fusarium
Fusarium_floridanum	Fungi	1325733	Fusarium floridanum	Eukaryota	Fungi	Ascomycota	Sordariomycetes	Hypocreales	Nectriaceae	Fusarium
Fusarium_fujikuroi_IMI_58289	Fungi	1279085	Fusarium fujikuroi IMI 58289	Eukaryota	Fungi	Ascomycota	Sordariomycetes	Hypocreales	Nectriaceae	Fusarium
Fusarium_gaditjirri	Fungi	282569	Fusarium gaditjirri	Eukaryota	Fungi	Ascomycota	Sordariomycetes	Hypocreales	Nectriaceae	Fusarium
Fusarium_globosum	Fungi	78864	Fusarium globosum	Eukaryota	Fungi	Ascomycota	Sordariomycetes	Hypocreales	Nectriaceae	Fusarium
Fusarium_graminearum_PH-1	Fungi	229533	Fusarium graminearum PH-1	Eukaryota	Fungi	Ascomycota	Sordariomycetes	Hypocreales	Nectriaceae	Fusarium
Fusarium_graminearum_PH1	Fungi	229533	Fusarium graminearum PH-1	Eukaryota	Fungi	Ascomycota	Sordariomycetes	Hypocreales	Nectriaceae	Fusarium
Fusarium_graminum	Fungi	86546	Fusarium graminum	Eukaryota	Fungi	Ascomycota	Sordariomycetes	Hypocreales	Nectriaceae	Fusarium
Fusarium_heterosporum	Fungi	42747	Fusarium heterosporum	Eukaryota	Fungi	Ascomycota	Sordariomycetes	Hypocreales	Nectriaceae	Fusarium
Fusarium_irregulare	Fungi	2494466	Fusarium irregulare	Eukaryota	Fungi	Ascomycota	Sordariomycetes	Hypocreales	Nectriaceae	Fusarium
Fusarium_keratoplasticum	Fungi	1328300	Fusarium keratoplasticum	Eukaryota	Fungi	Ascomycota	Sordariomycetes	Hypocreales	Nectriaceae	Fusarium
Fusarium_kuroshium	Fungi	2010991	Fusarium kuroshium	Eukaryota	Fungi	Ascomycota	Sordariomycetes	Hypocreales	Nectriaceae	Fusarium
Fusarium_lateritium	Fungi	5523	Fusarium lateritium	Eukaryota	Fungi	Ascomycota	Sordariomycetes	Hypocreales	Nectriaceae	Fusarium
Fusarium_mangiferae	Fungi	192010	Fusarium mangiferae	Eukaryota	Fungi	Ascomycota	Sordariomycetes	Hypocreales	Nectriaceae	Fusarium
Fusarium_mexicanum	Fungi	751941	Fusarium mexicanum	Eukaryota	Fungi	Ascomycota	Sordariomycetes	Hypocreales	Nectriaceae	Fusarium
Fusarium_mundagurra	Fungi	1567541	Fusarium mundagurra	Eukaryota	Fungi	Ascomycota	Sordariomycetes	Hypocreales	Nectriaceae	Fusarium
Fusarium_musae	Fungi	1042133	Fusarium musae	Eukaryota	Fungi	Ascomycota	Sordariomycetes	Hypocreales	Nectriaceae	Fusarium
Fusarium_napiforme	Fungi	42672	Fusarium napiforme	Eukaryota	Fungi	Ascomycota	Sordariomycetes	Hypocreales	Nectriaceae	Fusarium
Fusarium_nematophilum	Fungi	1053271	Fusarium nematophilum	Eukaryota	Fungi	Ascomycota	Sordariomycetes	Hypocreales	Nectriaceae	Fusarium
Fusarium_odoratissimum_NRRL_54006	Fungi	1089451	Fusarium odoratissimum NRRL 54006	Eukaryota	Fungi	Ascomycota	Sordariomycetes	Hypocreales	Nectriaceae	Fusarium
Fusarium_oligoseptatum	Fungi	2604345	Fusarium oligoseptatum	Eukaryota	Fungi	Ascomycota	Sordariomycetes	Hypocreales	Nectriaceae	Fusarium
Fusarium_oxysporum_Fo47	Fungi	660027	Fusarium oxysporum Fo47	Eukaryota	Fungi	Ascomycota	Sordariomycetes	Hypocreales	Nectriaceae	Fusarium
Fusarium_phalaenopsidis	Fungi	3417454	Fusarium phalaenopsidis	Eukaryota	Fungi	Ascomycota	Sordariomycetes	Hypocreales	Nectriaceae	Fusarium
Fusarium_phyllophilum	Fungi	47803	Fusarium phyllophilum	Eukaryota	Fungi	Ascomycota	Sordariomycetes	Hypocreales	Nectriaceae	Fusarium
Fusarium_poae	Fungi	36050	Fusarium poae	Eukaryota	Fungi	Ascomycota	Sordariomycetes	Hypocreales	Nectriaceae	Fusarium
Fusarium_proliferatum_ET1	Fungi	1227346	Fusarium proliferatum ET1	Eukaryota	Fungi	Ascomycota	Sordariomycetes	Hypocreales	Nectriaceae	Fusarium
Fusarium_pseudoanthophilum	Fungi	48495	Fusarium pseudoanthophilum	Eukaryota	Fungi	Ascomycota	Sordariomycetes	Hypocreales	Nectriaceae	Fusarium
Fusarium_pseudocircinatum	Fungi	56676	Fusarium pseudocircinatum	Eukaryota	Fungi	Ascomycota	Sordariomycetes	Hypocreales	Nectriaceae	Fusarium
Fusarium_pseudograminearum_CS3096	Fungi	1028729	Fusarium pseudograminearum CS3096	Eukaryota	Fungi	Ascomycota	Sordariomycetes	Hypocreales	Nectriaceae	Fusarium
Fusarium_redolens	Fungi	48865	Fusarium redolens	Eukaryota	Fungi	Ascomycota	Sordariomycetes	Hypocreales	Nectriaceae	Fusarium
Fusarium_sambucinum	Fungi	5128	Fusarium sambucinum	Eukaryota	Fungi	Ascomycota	Sordariomycetes	Hypocreales	Nectriaceae	Fusarium
Fusarium_sarcochroum	Fungi	1208366	Fusarium sarcochroum	Eukaryota	Fungi	Ascomycota	Sordariomycetes	Hypocreales	Nectriaceae	Fusarium
Fusarium_solani	Fungi	169388	Fusarium solani	Eukaryota	Fungi	Ascomycota	Sordariomycetes	Hypocreales	Nectriaceae	Fusarium
Fusarium_solani-melongenae	Fungi	2747967	Fusarium solani-melongenae	Eukaryota	Fungi	Ascomycota	Sordariomycetes	Hypocreales	Nectriaceae	Fusarium
Fusarium_solanimelongenae	Fungi	2747967	Fusarium solani-melongenae	Eukaryota	Fungi	Ascomycota	Sordariomycetes	Hypocreales	Nectriaceae	Fusarium
Fusarium_subglutinans	Fungi	42677	Fusarium subglutinans	Eukaryota	Fungi	Ascomycota	Sordariomycetes	Hypocreales	Nectriaceae	Fusarium
Fusarium_tjaetaba	Fungi	1567544	Fusarium tjaetaba	Eukaryota	Fungi	Ascomycota	Sordariomycetes	Hypocreales	Nectriaceae	Fusarium
Fusarium_torreyae	Fungi	1237075	Fusarium torreyae	Eukaryota	Fungi	Ascomycota	Sordariomycetes	Hypocreales	Nectriaceae	Fusarium
Fusarium_vanettenii_77-13-4	Fungi	660122	Fusarium vanettenii 77-13-4	Eukaryota	Fungi	Ascomycota	Sordariomycetes	Hypocreales	Nectriaceae	Fusarium
Fusarium_vanettenii_77134	Fungi	660122	Fusarium vanettenii 77-13-4	Eukaryota	Fungi	Ascomycota	Sordariomycetes	Hypocreales	Nectriaceae	Fusarium
Fusarium_venenatum	Fungi	56646	Fusarium venenatum	Eukaryota	Fungi	Ascomycota	Sordariomycetes	Hypocreales	Nectriaceae	Fusarium
Fusarium_verticillioides_7600	Fungi	334819	Fusarium verticillioides 7600	Eukaryota	Fungi	Ascomycota	Sordariomycetes	Hypocreales	Nectriaceae	Fusarium
Fusarium_zealandicum	Fungi	1053134	Fusarium zealandicum	Eukaryota	Fungi	Ascomycota	Sordariomycetes	Hypocreales	Nectriaceae	Fusarium
Gadila_tolmiei	Metazoa	1077242	Gadila tolmiei	Eukaryota	Metazoa	Mollusca	Scaphopoda	Dentaliida	Gadilinidae	Gadila
Gadus_morhua	Metazoa	8049	Gadus morhua	Eukaryota	Metazoa	Chordata	Actinopteri	Gadiformes	Gadidae	Gadus
Gaertneriomyces_semiglobifer	Fungi	109897	Gaertneriomyces semiglobifer	Eukaryota	Fungi	Chytridiomycota	Chytridiomycetes	Spizellomycetales	Spizellomycetaceae	Gaertneriomyces
Gaetice_depressus	Metazoa	156504	Gaetice depressus	Eukaryota	Metazoa	Arthropoda	Malacostraca	Decapoda	Varunidae	Gaetice
Gaeumannomyces_avenae	Fungi	36778	Gaeumannomyces avenae	Eukaryota	Fungi	Ascomycota	Sordariomycetes	Magnaporthales	Magnaporthaceae	Gaeumannomyces
Gaeumannomyces_hyphopodioides	Fungi	1940676	Gaeumannomyces hyphopodioides	Eukaryota	Fungi	Ascomycota	Sordariomycetes	Magnaporthales	Magnaporthaceae	Gaeumannomyces
Gaeumannomyces_tritici_R3-111a-1	Fungi	644352	Gaeumannomyces tritici R3-111a-1	Eukaryota	Fungi	Ascomycota	Sordariomycetes	Magnaporthales	Magnaporthaceae	Gaeumannomyces
Gaeumannomyces_tritici_R3111a1	Fungi	644352	Gaeumannomyces tritici R3-111a-1	Eukaryota	Fungi	Ascomycota	Sordariomycetes	Magnaporthales	Magnaporthaceae	Gaeumannomyces
Galdieria_partita	Rhodophyta	83374	Galdieria partita	Eukaryota		Rhodophyta	Bangiophyceae	Galdieriales	Galdieriaceae	Galdieria
Galdieria_phlegrea	Rhodophyta	1389228	Galdieria phlegrea	Eukaryota		Rhodophyta	Bangiophyceae	Galdieriales	Galdieriaceae	Galdieria
Galdieria_sulphuraria	Rhodophyta	130081	Galdieria sulphuraria	Eukaryota		Rhodophyta	Bangiophyceae	Galdieriales	Galdieriaceae	Galdieria
Galdieria_yellowstonensis	Rhodophyta	3028027	Galdieria yellowstonensis	Eukaryota		Rhodophyta	Bangiophyceae	Galdieriales	Galdieriaceae	Galdieria
Galendromus_occidentalis	Metazoa	34638	Galendromus occidentalis	Eukaryota	Metazoa	Arthropoda	Arachnida	Mesostigmata	Phytoseiidae	Galendromus
Galeodes_sp._JLF-2018	Metazoa	2126959	Galeodes sp. JLF-2018	Eukaryota	Metazoa	Arthropoda	Arachnida	Solifugae	Galeodidae	Galeodes
Gallowayella_concinna	Fungi	3058863	Gallowayella concinna	Eukaryota	Fungi	Ascomycota	Lecanoromycetes	Teloschistales	Teloschistaceae	Gallowayella
Gallowayella_weberi	Fungi	395029	Gallowayella weberi	Eukaryota	Fungi	Ascomycota	Lecanoromycetes	Teloschistales	Teloschistaceae	Gallowayella
Gammarinema_sp._T79	Metazoa	2879816	Gammarinema sp. T79	Eukaryota	Metazoa	Nematoda	Chromadorea	Monhysterida	Monhysteridae	Gammarinema
Gammarus_locusta	Metazoa	65426	Gammarus locusta	Eukaryota	Metazoa	Arthropoda	Malacostraca	Amphipoda	Gammaridae	Gammarus
Gamsiella_multidivaricata	Fungi	101098	Gamsiella multidivaricata	Eukaryota	Fungi	Mortierellomycota	Mortierellomycetes	Mortierellales	Mortierellaceae	Gamsiella
Ganoderma_adspersum	Fungi	34456	Ganoderma adspersum	Eukaryota	Fungi	Basidiomycota	Agaricomycetes	Polyporales	Polyporaceae	Ganoderma
Ganoderma_sinense_ZZ0214-1	Fungi	1077348	Ganoderma sinense ZZ0214-1	Eukaryota	Fungi	Basidiomycota	Agaricomycetes	Polyporales	Polyporaceae	Ganoderma
Ganoderma_sinense_ZZ02141	Fungi	1077348	Ganoderma sinense ZZ0214-1	Eukaryota	Fungi	Basidiomycota	Agaricomycetes	Polyporales	Polyporaceae	Ganoderma
Gastrolobium_bilobum	angiosperms	150636	Gastrolobium bilobum	Eukaryota	Viridiplantae	Streptophyta	Magnoliopsida	Fabales	Fabaceae	Gastrolobium
Gautieria_morchelliformis	Fungi	112417	Gautieria morchelliformis	Eukaryota	Fungi	Basidiomycota	Agaricomycetes	Gomphales	Gomphaceae	Gautieria
Gecarcinus_lateralis	Metazoa	6769	Gecarcinus lateralis	Eukaryota	Metazoa	Arthropoda	Malacostraca	Decapoda	Gecarcinidae	Gecarcinus
Genlisea_aurea	angiosperms	192259	Genlisea aurea	Eukaryota	Viridiplantae	Streptophyta	Magnoliopsida	Lamiales	Lentibulariaceae	Genlisea
Geocentrophora_applanata	Metazoa	1468192	Geocentrophora applanata	Eukaryota	Metazoa	Platyhelminthes		Prorhynchida	Prorhynchidae	Geocentrophora
Geoglossum_simile	Fungi	1086352	Geoglossum simile	Eukaryota	Fungi	Ascomycota	Geoglossomycetes	Geoglossales	Geoglossaceae	Geoglossum
Geoglossum_umbratile	Fungi	315204	Geoglossum umbratile	Eukaryota	Fungi	Ascomycota	Geoglossomycetes	Geoglossales	Geoglossaceae	Geoglossum
Geoplana_quagga	Metazoa	934997	Geoplana quagga	Eukaryota	Metazoa	Platyhelminthes		Tricladida	Geoplanidae	Geoplana
Geopyxis_carbonaria	Fungi	49969	Geopyxis carbonaria	Eukaryota	Fungi	Ascomycota	Pezizomycetes	Pezizales	Tarzettaceae	Geopyxis
Geosiphon_pyriformis	Fungi	50956	Geosiphon pyriformis	Eukaryota	Fungi	Glomeromycota	Glomeromycetes	Archaeosporales	Geosiphonaceae	Geosiphon
Geosmithia_morbida	Fungi	1094350	Geosmithia morbida	Eukaryota	Fungi	Ascomycota	Sordariomycetes	Hypocreales	Bionectriaceae	Geosmithia
Geotrichum_bryndzae	Fungi	485427	Geotrichum bryndzae	Eukaryota	Fungi	Ascomycota	Dipodascomycetes	Dipodascales	Dipodascaceae	Geotrichum
Geotrichum_candidum	Fungi	1173061	Geotrichum candidum	Eukaryota	Fungi	Ascomycota	Dipodascomycetes	Dipodascales	Dipodascaceae	Geotrichum
Geotrichum_galactomycetum	Fungi	27317	Geotrichum galactomycetum	Eukaryota	Fungi	Ascomycota	Dipodascomycetes	Dipodascales	Dipodascaceae	Geotrichum
Geotrichum_reessii	Fungi	43985	Geotrichum reessii	Eukaryota	Fungi	Ascomycota	Dipodascomycetes	Dipodascales	Dipodascaceae	Geotrichum
Geotrypetes_seraphini	Metazoa	260995	Geotrypetes seraphini	Eukaryota	Metazoa	Chordata	Amphibia	Gymnophiona	Dermophiidae	Geotrypetes
Geranomyces_michiganensis	Fungi	1134077	Geranomyces michiganensis	Eukaryota	Fungi	Chytridiomycota	Chytridiomycetes	Spizellomycetales	Powellomycetaceae	Geranomyces
Geranomyces_variabilis	Fungi	109894	Geranomyces variabilis	Eukaryota	Fungi	Chytridiomycota	Chytridiomycetes	Spizellomycetales	Powellomycetaceae	Geranomyces
Gerris_buenoi	Metazoa	56086	Gerris buenoi	Eukaryota	Metazoa	Arthropoda	Insecta	Hemiptera	Gerridae	Gerris
Gigantopelta_aegis	Metazoa	1735272	Gigantopelta aegis	Eukaryota	Metazoa	Mollusca	Gastropoda	Neomphalida	Peltospiridae	Gigantopelta
Gigaspora_margarita	Fungi	4874	Gigaspora margarita	Eukaryota	Fungi	Glomeromycota	Glomeromycetes	Diversisporales	Gigasporaceae	Gigaspora
Gigaspora_rosea	Fungi	44941	Gigaspora rosea	Eukaryota	Fungi	Glomeromycota	Glomeromycetes	Diversisporales	Gigasporaceae	Gigaspora
Gilbertella_persicaria	Fungi	101096	Gilbertella persicaria	Eukaryota	Fungi	Mucoromycota	Mucoromycetes	Mucorales	Choanephoraceae	Gilbertella
Girardia_dorotocephala	Metazoa	135777	Girardia dorotocephala	Eukaryota	Metazoa	Platyhelminthes		Tricladida	Dugesiidae	Girardia
Girardia_sp._n._ER-2019	Metazoa	2592332	Girardia sp. n. ER-2019	Eukaryota	Metazoa	Platyhelminthes		Tricladida	Dugesiidae	Girardia
Glarea_lozoyensis_ATCC_20868	Fungi	1116229	Glarea lozoyensis ATCC 20868	Eukaryota	Fungi	Ascomycota	Leotiomycetes	Helotiales	Helotiaceae	Glarea
Glaucocystis_incrassata	Glaucophyta	1789788	Glaucocystis incrassata	Eukaryota			Glaucocystophyceae	Glaucocystales	Glaucocystaceae	Glaucocystis
Gleditsia_sinensis	angiosperms	66096	Gleditsia sinensis	Eukaryota	Viridiplantae	Streptophyta	Magnoliopsida	Fabales	Fabaceae	Gleditsia
Globisporangium_polare	Protists	1489738	Globisporangium polare	Eukaryota		Oomycota	Peronosporomycetes	Pythiales	Pythiaceae	Globisporangium
Globisporangium_splendens	Protists	82926	Globisporangium splendens	Eukaryota		Oomycota	Peronosporomycetes	Pythiales	Pythiaceae	Globisporangium
Globomyces_pollinis-pini	Fungi	382532	Globomyces pollinis-pini	Eukaryota	Fungi	Chytridiomycota	Chytridiomycetes	Rhizophydiales	Globomycetaceae	Globomyces
Globomyces_pollinispini	Fungi	382532	Globomyces pollinis-pini	Eukaryota	Fungi	Chytridiomycota	Chytridiomycetes	Rhizophydiales	Globomycetaceae	Globomyces
Gloeochaete_wittrockiana	Glaucophyta	38269	Gloeochaete wittrockiana	Eukaryota			Glaucocystophyceae	Gloeochaetales	Gloeochaetaceae	Gloeochaete
Gloeopeniophorella_convolvens	Fungi	205761	Gloeopeniophorella convolvens	Eukaryota	Fungi	Basidiomycota	Agaricomycetes	Russulales		Gloeopeniophorella
Gloeophyllum_trabeum_ATCC_11539	Fungi	670483	Gloeophyllum trabeum ATCC 11539	Eukaryota	Fungi	Basidiomycota	Agaricomycetes	Gloeophyllales	Gloeophyllaceae	Gloeophyllum
Glomeridella_minima	Metazoa	1173034	Glomeridella minima	Eukaryota	Metazoa	Arthropoda	Diplopoda	Glomerida	Glomeridellidae	Glomeridella
Glomeridesmus_sp._MITS489	Metazoa	2099817	Glomeridesmus sp. MITS489	Eukaryota	Metazoa	Arthropoda	Diplopoda	Glomeridesmida	Glomeridesmidae	Glomeridesmus
Glomeris_maerens	Metazoa	2116692	Glomeris maerens	Eukaryota	Metazoa	Arthropoda	Diplopoda	Glomerida	Glomeridae	Glomeris
Glomus_cerebriforme	Fungi	658196	Glomus cerebriforme	Eukaryota	Fungi	Glomeromycota	Glomeromycetes	Glomerales	Glomeraceae	Glomus
Glonium_stellatum	Fungi	574774	Glonium stellatum	Eukaryota	Fungi	Ascomycota	Dothideomycetes	Gloniales	Gloniaceae	Glonium
Glottidia_pyramidata	Metazoa	34515	Glottidia pyramidata	Eukaryota	Metazoa	Brachiopoda	Lingulata	Lingulida	Lingulidae	Glottidia
Glugoides_intestinalis	Fungi	174680	Glugoides intestinalis	Eukaryota	Fungi	Microsporidia			Glugeidae	Glugoides
Glutinoglossum_americanum	Fungi	1670608	Glutinoglossum americanum	Eukaryota	Fungi	Ascomycota	Geoglossomycetes	Geoglossales	Geoglossaceae	Glutinoglossum
Glycine_max	angiosperms	3847	Glycine max	Eukaryota	Viridiplantae	Streptophyta	Magnoliopsida	Fabales	Fabaceae	Glycine
Glycine_soja	angiosperms	3848	Glycine soja	Eukaryota	Viridiplantae	Streptophyta	Magnoliopsida	Fabales	Fabaceae	Glycine
Glyptonotus_antarcticus	Metazoa	104130	Glyptonotus antarcticus	Eukaryota	Metazoa	Arthropoda	Malacostraca	Isopoda	Chaetiliidae	Glyptonotus
Gnetum_montanum	gymnosperms	3381	Gnetum montanum	Eukaryota	Viridiplantae	Streptophyta	Gnetopsida	Gnetales	Gnetaceae	Gnetum
Gnomoniopsis_smithogilvyi	Fungi	1191159	Gnomoniopsis smithogilvyi	Eukaryota	Fungi	Ascomycota	Sordariomycetes	Diaporthales	Gnomoniaceae	Gnomoniopsis
Gnosonesimida_sp._IV_CEL-2015	Metazoa	1628690	Gnosonesimida sp. IV CEL-2015	Eukaryota	Metazoa	Platyhelminthes			Gnosonesimidae	
Godzilliognomus_frondosus	Metazoa	588423	Godzilliognomus frondosus	Eukaryota	Metazoa	Arthropoda	Remipedia	Nectiopoda	Godzilliidae	Godzilliognomus
Golfingia_vulgaris	Metazoa	210797	Golfingia vulgaris	Eukaryota	Metazoa	Annelida	Sipuncula	Golfingiida	Golfingiidae	Golfingia
Golovinomyces_cichoracearum	Fungi	62708	Golovinomyces cichoracearum	Eukaryota	Fungi	Ascomycota	Leotiomycetes	Erysiphales	Erysiphaceae	Golovinomyces
Gomphillus_americanus	Fungi	1940652	Gomphillus americanus	Eukaryota	Fungi	Ascomycota	Lecanoromycetes	Ostropales	Graphidaceae	Gomphillus
Gonapodya_prolifera_JEL478	Fungi	1344416	Gonapodya prolifera JEL478	Eukaryota	Fungi	Monoblepharomycota	Monoblepharidomycetes	Monoblepharidales	Gonapodyaceae	Gonapodya
Gongronella_butleri	Fungi	101105	Gongronella butleri	Eukaryota	Fungi	Mucoromycota	Mucoromycetes	Mucorales	Cunninghamellaceae	Gongronella
Gonium_pectorale	chlorophyta	33097	Gonium pectorale	Eukaryota	Viridiplantae	Chlorophyta	Chlorophyceae	Chlamydomonadales	Volvocaceae	Gonium
Gopherus_evgoodei	Metazoa	1825980	Gopherus evgoodei	Eukaryota	Metazoa	Chordata		Testudines	Testudinidae	Gopherus
Gordionus_montsenyensis	Metazoa	3053472	Gordionus sp. m RMFG-2023	Eukaryota	Metazoa	Nematomorpha	Gordioida	Chordodea	Parachordodidae	Gordionus
Gordius_sp._KK-2019	Metazoa	2571181	Gordius sp. KK-2019	Eukaryota	Metazoa	Nematomorpha	Gordioida	Gordea	Gordiidae	Gordius
Gorgonomyces_haynaldii	Fungi	382530	Gorgonomyces haynaldii	Eukaryota	Fungi	Chytridiomycota	Chytridiomycetes	Rhizophydiales	Gorgonomycetaceae	Gorgonomyces
Gossypium_arboreum	angiosperms	29729	Gossypium arboreum	Eukaryota	Viridiplantae	Streptophyta	Magnoliopsida	Malvales	Malvaceae	Gossypium
Gossypium_aridum	angiosperms	34290	Gossypium aridum	Eukaryota	Viridiplantae	Streptophyta	Magnoliopsida	Malvales	Malvaceae	Gossypium
Gossypium_armourianum	angiosperms	34283	Gossypium armourianum	Eukaryota	Viridiplantae	Streptophyta	Magnoliopsida	Malvales	Malvaceae	Gossypium
Gossypium_australe	angiosperms	47621	Gossypium australe	Eukaryota	Viridiplantae	Streptophyta	Magnoliopsida	Malvales	Malvaceae	Gossypium
Gossypium_darwinii	angiosperms	34276	Gossypium darwinii	Eukaryota	Viridiplantae	Streptophyta	Magnoliopsida	Malvales	Malvaceae	Gossypium
Gossypium_davidsonii	angiosperms	34287	Gossypium davidsonii	Eukaryota	Viridiplantae	Streptophyta	Magnoliopsida	Malvales	Malvaceae	Gossypium
Gossypium_gossypioides	angiosperms	34282	Gossypium gossypioides	Eukaryota	Viridiplantae	Streptophyta	Magnoliopsida	Malvales	Malvaceae	Gossypium
Gossypium_harknessii	angiosperms	34285	Gossypium harknessii	Eukaryota	Viridiplantae	Streptophyta	Magnoliopsida	Malvales	Malvaceae	Gossypium
Gossypium_hirsutum	angiosperms	3635	Gossypium hirsutum	Eukaryota	Viridiplantae	Streptophyta	Magnoliopsida	Malvales	Malvaceae	Gossypium
Gossypium_klotzschianum	angiosperms	34286	Gossypium klotzschianum	Eukaryota	Viridiplantae	Streptophyta	Magnoliopsida	Malvales	Malvaceae	Gossypium
Gossypium_laxum	angiosperms	34288	Gossypium laxum	Eukaryota	Viridiplantae	Streptophyta	Magnoliopsida	Malvales	Malvaceae	Gossypium
Gossypium_lobatum	angiosperms	34289	Gossypium lobatum	Eukaryota	Viridiplantae	Streptophyta	Magnoliopsida	Malvales	Malvaceae	Gossypium
Gossypium_raimondii	angiosperms	29730	Gossypium raimondii	Eukaryota	Viridiplantae	Streptophyta	Magnoliopsida	Malvales	Malvaceae	Gossypium
Gossypium_schwendimanii	angiosperms	34291	Gossypium schwendimanii	Eukaryota	Viridiplantae	Streptophyta	Magnoliopsida	Malvales	Malvaceae	Gossypium
Gossypium_stocksii	angiosperms	47602	Gossypium stocksii	Eukaryota	Viridiplantae	Streptophyta	Magnoliopsida	Malvales	Malvaceae	Gossypium
Gossypium_trilobum	angiosperms	34281	Gossypium trilobum	Eukaryota	Viridiplantae	Streptophyta	Magnoliopsida	Malvales	Malvaceae	Gossypium
Gracilaria_changii	Rhodophyta	2510791	Gracilaria firma	Eukaryota		Rhodophyta	Florideophyceae	Gracilariales	Gracilariaceae	Gracilaria
Gracilaria_domingensis	Rhodophyta	172961	Gracilaria domingensis	Eukaryota		Rhodophyta	Florideophyceae	Gracilariales	Gracilariaceae	Gracilaria
Gracilariopsis_chorda	Rhodophyta	448386	Gracilariopsis chorda	Eukaryota		Rhodophyta	Florideophyceae	Gracilariales	Gracilariaceae	Gracilariopsis
Grandidierella_japonica	Metazoa	429032	Grandidierella japonica	Eukaryota	Metazoa	Arthropoda	Malacostraca	Amphipoda	Corophiidae	Grandidierella
Grapsus_albolineatus	Metazoa	156079	Grapsus albolineatus	Eukaryota	Metazoa	Arthropoda	Malacostraca	Decapoda	Grapsidae	Grapsus
Graptacme_eborea	Metazoa	55752	Graptacme eborea	Eukaryota	Metazoa	Mollusca	Scaphopoda	Dentaliida	Dentaliidae	Graptacme
Gregarina_niphandrodes	Protists	110365	Gregarina niphandrodes	Eukaryota		Apicomplexa	Conoidasida	Eugregarinorida	Gregarinidae	Gregarina
Griffithsia_okiensis	Rhodophyta	291168	Griffithsia okiensis	Eukaryota		Rhodophyta	Florideophyceae	Ceramiales	Ceramiaceae	Griffithsia
Grosmannia_clavigera_kw1407	Fungi	655863	Grosmannia clavigera kw1407	Eukaryota	Fungi	Ascomycota	Sordariomycetes	Ophiostomatales	Ophiostomataceae	Leptographium
Gryganskiella_cystojenkinii	Fungi	979690	Gryganskiella cystojenkinii	Eukaryota	Fungi	Mortierellomycota	Mortierellomycetes	Mortierellales	Mortierellaceae	Gryganskiella
Gryllotalpa_sp._AD-2013	Metazoa	1323563	Gryllotalpa sp. AD-2013	Eukaryota	Metazoa	Arthropoda	Insecta	Orthoptera	Gryllotalpidae	Gryllotalpa
Guadua_angustifolia	angiosperms	323898	Guadua angustifolia	Eukaryota	Viridiplantae	Streptophyta	Magnoliopsida	Poales	Poaceae	Guadua
Guillardia_theta_CCMP2712	Protists	905079	Guillardia theta CCMP2712	Eukaryota			Cryptophyceae	Pyrenomonadales	Geminigeraceae	Guillardia
Gurleya_vavrai	Fungi	174688	Gurleya vavrai	Eukaryota	Fungi	Microsporidia			Gurleyidae	Gurleya
Guyanagaster_necrorhizus	Fungi	856835	Guyanagaster necrorhizus	Eukaryota	Fungi	Basidiomycota	Agaricomycetes	Agaricales	Physalacriaceae	Guyanagaster
Gyalolechia_ehrenbergii	Fungi	1301418	Gyalolechia ehrenbergii	Eukaryota	Fungi	Ascomycota	Lecanoromycetes	Teloschistales	Teloschistaceae	Gyalolechia
Gyalolechia_fulgens	Fungi	1301421	Gyalolechia fulgens	Eukaryota	Fungi	Ascomycota	Lecanoromycetes	Teloschistales	Teloschistaceae	Gyalolechia
Gyalolechia_gomerana	Fungi	1301422	Gyalolechia gomerana	Eukaryota	Fungi	Ascomycota	Lecanoromycetes	Teloschistales	Teloschistaceae	Gyalolechia
Gyalolechia_marmorata	Fungi	1301611	Gyalolechia marmorata	Eukaryota	Fungi	Ascomycota	Lecanoromycetes	Teloschistales	Teloschistaceae	Gyalolechia
Gymnobisium_sp._MCZ_139238	Metazoa	2590512	Gymnobisium sp. MCZ 139238	Eukaryota	Metazoa	Arthropoda	Arachnida	Pseudoscorpiones	Gymnobisiidae	Gymnobisium
Gymnomenia_pellucida	Metazoa	1918950	Gymnomenia pellucida	Eukaryota	Metazoa	Mollusca	Solenogastres	Pholidoskepia	Gymnomeniidae	Gymnomenia
Gymnopilus_dilepis	Fungi	231916	Gymnopilus dilepis	Eukaryota	Fungi	Basidiomycota	Agaricomycetes	Agaricales	Galerinaceae	Gymnopilus
Gymnopus_androsaceus_JB14	Fungi	1447944	Gymnopus androsaceus JB14	Eukaryota	Fungi	Basidiomycota	Agaricomycetes	Agaricales	Omphalotaceae	Gymnopus
Gymnopus_earleae	Fungi	236213	Gymnopus earleae	Eukaryota	Fungi	Basidiomycota	Agaricomycetes	Agaricales	Omphalotaceae	Gymnopus
Gypsophila_vaccaria	angiosperms	39387	Gypsophila vaccaria	Eukaryota	Viridiplantae	Streptophyta	Magnoliopsida	Caryophyllales	Caryophyllaceae	Gypsophila
Gyrinus_marinus	Metazoa	1323538	Gyrinus marinus	Eukaryota	Metazoa	Arthropoda	Insecta	Coleoptera	Gyrinidae	Gyrinus
Gyrodon_lividus	Fungi	85971	Gyrodon lividus	Eukaryota	Fungi	Basidiomycota	Agaricomycetes	Boletales	Gyrodontaceae	Gyrodon
Habronattus_ustulatus	Metazoa	158281	Habronattus ustulatus	Eukaryota	Metazoa	Arthropoda	Arachnida	Araneae	Salticidae	Habronattus
Haematococcus_lacustris	chlorophyta	44745	Haematococcus lacustris	Eukaryota	Viridiplantae	Chlorophyta	Chlorophyceae	Chlamydomonadales	Haematococcaceae	Haematococcus
Halenospora_varia	Fungi	394676	Halenospora varia	Eukaryota	Fungi	Ascomycota	Leotiomycetes	Helotiales	Solenopeziaceae	Halenospora
Halice_quarta	Metazoa	2692165	Halice quarta	Eukaryota	Metazoa	Arthropoda	Malacostraca	Amphipoda	Pardaliscidae	Halice
Halicephalobus_mephisto	Metazoa	2559892	Halicephalobus mephisto	Eukaryota	Metazoa	Nematoda	Chromadorea	Rhabditida	Panagrolaimidae	Halicephalobus
Halicephalobus_sp._NKZ332	Metazoa	2598192	Halicephalobus sp. NKZ332	Eukaryota	Metazoa	Nematoda	Chromadorea	Rhabditida	Panagrolaimidae	Halicephalobus
Halichoanolaimus_dolichurus	Metazoa	373650	Halichoanolaimus dolichurus	Eukaryota	Metazoa	Nematoda	Chromadorea	Chromadorida	Selachinematidae	Halichoanolaimus
Halicryptus_spinulosus	Metazoa	160677	Halicryptus spinulosus	Eukaryota	Metazoa	Priapulida	Priapulimorpha	Priapulimorphida	Priapulidae	Halicryptus
Halocaridina_rubra	Metazoa	373956	Halocaridina rubra	Eukaryota	Metazoa	Arthropoda	Malacostraca	Decapoda	Atyidae	Halocaridina
Halomonhystera_hermesi	Metazoa	1573192	Halomonhystera hermesi	Eukaryota	Metazoa	Nematoda	Chromadorea	Monhysterida	Monhysteridae	Halomonhystera
Halotydeus_destructor	Metazoa	2874060	Halotydeus destructor	Eukaryota	Metazoa	Arthropoda	Arachnida	Trombidiformes	Penthaleidae	Halotydeus
Halteromyces_radiatus	Fungi	101107	Halteromyces radiatus	Eukaryota	Fungi	Mucoromycota	Mucoromycetes	Mucorales	Cunninghamellaceae	Halteromyces
Hamiltosporidium_magnivora	Fungi	148818	Hamiltosporidium magnivora	Eukaryota	Fungi	Microsporidia			Dubosqiidae	Hamiltosporidium
Hamiltosporidium_tvaerminnensis	Fungi	1176355	Hamiltosporidium tvaerminnensis	Eukaryota	Fungi	Microsporidia			Dubosqiidae	Hamiltosporidium
Haminoea_antillarum	Metazoa	163905	Haminoea antillarum	Eukaryota	Metazoa	Mollusca	Gastropoda	Cephalaspidea	Haminoeidae	Haminoea
Handroanthus_impetiginosus	angiosperms	429701	Handroanthus impetiginosus	Eukaryota	Viridiplantae	Streptophyta	Magnoliopsida	Lamiales	Bignoniaceae	Handroanthus
Hanseniaspora_guilliermondii	Fungi	56406	Hanseniaspora guilliermondii	Eukaryota	Fungi	Ascomycota	Saccharomycetes	Saccharomycodales	Saccharomycodaceae	Hanseniaspora
Hanseniaspora_menglaensis	Fungi	3081051	Hanseniaspora menglaensis	Eukaryota	Fungi	Ascomycota	Saccharomycetes	Saccharomycodales	Saccharomycodaceae	Hanseniaspora
Hanseniaspora_opuntiae	Fungi	211096	Hanseniaspora opuntiae	Eukaryota	Fungi	Ascomycota	Saccharomycetes	Saccharomycodales	Saccharomycodaceae	Hanseniaspora
Hanseniaspora_osmophila	Fungi	56408	Hanseniaspora osmophila	Eukaryota	Fungi	Ascomycota	Saccharomycetes	Saccharomycodales	Saccharomycodaceae	Hanseniaspora
Hanseniaspora_uvarum	Fungi	29833	Hanseniaspora uvarum	Eukaryota	Fungi	Ascomycota	Saccharomycetes	Saccharomycodales	Saccharomycodaceae	Hanseniaspora
Hanseniaspora_valbyensis	Fungi	53685	Hanseniaspora valbyensis	Eukaryota	Fungi	Ascomycota	Saccharomycetes	Saccharomycodales	Saccharomycodaceae	Hanseniaspora
Hanseniaspora_vineae	Fungi	56409	Hanseniaspora vineae	Eukaryota	Fungi	Ascomycota	Saccharomycetes	Saccharomycodales	Saccharomycodaceae	Hanseniaspora
Hanseniella_nivea	Metazoa	1820138	Hanseniella nivea	Eukaryota	Metazoa	Arthropoda	Symphyla		Scutigerellidae	Hanseniella
Hanseniella_sp._RF-2016	Metazoa	1816491	Hanseniella sp. RF-2016	Eukaryota	Metazoa	Arthropoda	Symphyla		Scutigerellidae	Hanseniella
Haploglomeris_multistriata	Metazoa	1820151	Haploglomeris multistriata	Eukaryota	Metazoa	Arthropoda	Diplopoda	Glomerida	Glomeridae	Haploglomeris
Haplosporangium_bisporale	Fungi	1897645	Haplosporangium bisporale	Eukaryota	Fungi	Mortierellomycota	Mortierellomycetes	Mortierellales	Mortierellaceae	Haplosporangium
Haplosporangium_gracile	Fungi	2779863	Haplosporangium gracile	Eukaryota	Fungi	Mortierellomycota	Mortierellomycetes	Mortierellales	Mortierellaceae	Haplosporangium
Hapterophycus_canaliculatus	Protists	2567908	Hapterophycus canaliculatus	Eukaryota			Phaeophyceae	Ectocarpales	Scytosiphonaceae	Hapterophycus
Hartaetosiga_balthica	Protists	1194294	Hartaetosiga balthica	Eukaryota			Choanoflagellata	Craspedida	Salpingoecidae	Hartaetosiga
Hartaetosiga_gracilis	Protists	216892	Hartaetosiga gracilis	Eukaryota			Choanoflagellata	Craspedida	Salpingoecidae	Hartaetosiga
Hebeloma_cylindrosporum	Fungi	76867	Hebeloma cylindrosporum	Eukaryota	Fungi	Basidiomycota	Agaricomycetes	Agaricales	Hymenogastraceae	Hebeloma
Helgoeca_nana	Protists	530540	Helgoeca nana	Eukaryota			Choanoflagellata	Acanthoecida	Acanthoecidae	Helgoeca
Helianthus_annuus	angiosperms	4232	Helianthus annuus	Eukaryota	Viridiplantae	Streptophyta	Magnoliopsida	Asterales	Asteraceae	Helianthus
Helianthus_anomalus	angiosperms	73274	Helianthus anomalus	Eukaryota	Viridiplantae	Streptophyta	Magnoliopsida	Asterales	Asteraceae	Helianthus
Helianthus_debilis	angiosperms	74142	Helianthus debilis subsp. tardiflorus	Eukaryota	Viridiplantae	Streptophyta	Magnoliopsida	Asterales	Asteraceae	Helianthus
Helicocarpus_griseus_UAMH5409	Fungi	1447875	Helicocarpus griseus UAMH5409	Eukaryota	Fungi	Ascomycota	Eurotiomycetes	Onygenales	Ajellomycetaceae	Helicocarpus
Helicorthomorpha_holstii	Metazoa	1325552	Helicorthomorpha holstii	Eukaryota	Metazoa	Arthropoda	Diplopoda	Polydesmida	Paradoxosomatidae	Helicorthomorpha
Helicostylum_pulchrum	Fungi	562976	Helicostylum pulchrum	Eukaryota	Fungi	Mucoromycota	Mucoromycetes	Mucorales	Mucoraceae	Helicostylum
Heliocybe_sulcata	Fungi	5364	Heliocybe sulcata	Eukaryota	Fungi	Basidiomycota	Agaricomycetes	Gloeophyllales	Gloeophyllaceae	Heliocybe
Heliosperma_pusillum	angiosperms	39905	Heliosperma pusillum	Eukaryota	Viridiplantae	Streptophyta	Magnoliopsida	Caryophyllales	Caryophyllaceae	Heliosperma
Helix_lucorum	Metazoa	31229	Helix lucorum	Eukaryota	Metazoa	Mollusca	Gastropoda	Stylommatophora	Helicidae	Helix
Helluoherpia_aegiri	Metazoa	1541971	Helluoherpia aegiri	Eukaryota	Metazoa	Mollusca	Solenogastres	Pholidoskepia	Dondersiidae	Helluoherpia
Helobdella_robusta	Metazoa	6412	Helobdella robusta	Eukaryota	Metazoa	Annelida	Clitellata	Rhynchobdellida	Glossiphoniidae	Helobdella
Hemithiris_psittacea	Metazoa	763142	Hemithiris psittacea	Eukaryota	Metazoa	Brachiopoda	Rhynchonellata	Rhynchonellida	Hemithyrididae	Hemithiris
Henckelia_pumila	angiosperms	405737	Henckelia pumila	Eukaryota	Viridiplantae	Streptophyta	Magnoliopsida	Lamiales	Gesneriaceae	Henckelia
Henia_brevis	Metazoa	1816497	Henia brevis	Eukaryota	Metazoa	Arthropoda	Chilopoda	Geophilomorpha	Dignathodontidae	Henia
Henia_illyrica	Metazoa	1428161	Henia illyrica	Eukaryota	Metazoa	Arthropoda	Chilopoda	Geophilomorpha	Dignathodontidae	Henia
Henningerozyma_blattae_CBS_6284	Fungi	1071380	Henningerozyma blattae CBS 6284	Eukaryota	Fungi	Ascomycota	Saccharomycetes	Saccharomycetales	Saccharomycetaceae	Henningerozyma
Hepatospora_eriocheir	Fungi	1081669	Hepatospora eriocheir	Eukaryota	Fungi	Microsporidia			Hepatosporidae	Hepatospora
Heracleum_sosnowskyi	angiosperms	360622	Heracleum sosnowskyi	Eukaryota	Viridiplantae	Streptophyta	Magnoliopsida	Apiales	Apiaceae	Heracleum
Hericium_alpestre	Fungi	135208	Hericium alpestre	Eukaryota	Fungi	Basidiomycota	Agaricomycetes	Russulales	Hericiaceae	Hericium
Hermanssonia_centrifuga	Fungi	98765	Hermanssonia centrifuga	Eukaryota	Fungi	Basidiomycota	Agaricomycetes	Polyporales	Meruliaceae	Hermanssonia
Hermissenda_crassicornis_-_Hermissenda_opalescens	Metazoa	1840525	Hermissenda opalescens	Eukaryota	Metazoa	Mollusca	Gastropoda	Nudibranchia	Glaucidae	Hermissenda
Hermodice_carunculata	Metazoa	259844	Hermodice carunculata	Eukaryota	Metazoa	Annelida	Polychaeta	Eunicida	Amphinomidae	Hermodice
Herrania_umbratica	angiosperms	108875	Herrania umbratica	Eukaryota	Viridiplantae	Streptophyta	Magnoliopsida	Malvales	Malvaceae	Herrania
Hesseltinella_vesiculosa	Fungi	101127	Hesseltinella vesiculosa	Eukaryota	Fungi	Mucoromycota	Mucoromycetes	Mucorales	Cunninghamellaceae	Hesseltinella
Heterobasidion_irregulare_TC_32-1	Fungi	747525	Heterobasidion irregulare TC 32-1	Eukaryota	Fungi	Basidiomycota	Agaricomycetes	Russulales	Bondarzewiaceae	Heterobasidion
Heterobasidion_irregulare_TC_321	Fungi	747525	Heterobasidion irregulare TC 32-1	Eukaryota	Fungi	Basidiomycota	Agaricomycetes	Russulales	Bondarzewiaceae	Heterobasidion
Heterocypris_incongruens	Metazoa	425018	Heterocypris incongruens	Eukaryota	Metazoa	Arthropoda	Ostracoda	Podocopida	Cyprididae	Heterocypris
Heteromastus_filiformis	Metazoa	397554	Heteromastus filiformis	Eukaryota	Metazoa	Annelida	Polychaeta		Capitellidae	Heteromastus
Heterosigma_akashiwo	Protists	2829	Heterosigma akashiwo	Eukaryota			Raphidophyceae	Chattonellales	Chattonellaceae	Heterosigma
Hevea_brasiliensis	angiosperms	3981	Hevea brasiliensis	Eukaryota	Viridiplantae	Streptophyta	Magnoliopsida	Malpighiales	Euphorbiaceae	Hevea
Hibiscus_cannabinus	angiosperms	229543	Hibiscus cannabinus	Eukaryota	Viridiplantae	Streptophyta	Magnoliopsida	Malvales	Malvaceae	Hibiscus
Hibiscus_sabdariffa	angiosperms	183260	Hibiscus sabdariffa	Eukaryota	Viridiplantae	Streptophyta	Magnoliopsida	Malvales	Malvaceae	Hibiscus
Hibiscus_syriacus	angiosperms	106335	Hibiscus syriacus	Eukaryota	Viridiplantae	Streptophyta	Magnoliopsida	Malvales	Malvaceae	Hibiscus
Hibiscus_trionum	angiosperms	183268	Hibiscus trionum	Eukaryota	Viridiplantae	Streptophyta	Magnoliopsida	Malvales	Malvaceae	Hibiscus
Hierodula_formosana	Metazoa	940208	Titanodula formosana	Eukaryota	Metazoa	Arthropoda	Insecta	Mantodea	Mantidae	Titanodula
Hildenbrandia_rubra	Rhodophyta	31481	Hildenbrandia rubra	Eukaryota		Rhodophyta	Florideophyceae	Hildenbrandiales	Hildenbrandiaceae	Hildenbrandia
Himantarium_gabrielis	Metazoa	241672	Himantarium gabrielis	Eukaryota	Metazoa	Arthropoda	Chilopoda	Geophilomorpha	Himantariidae	Himantarium
Hinea_brasiliana	Metazoa	1514958	Hinea brasiliana	Eukaryota	Metazoa	Mollusca	Gastropoda		Planaxidae	Hinea
Hippolyte_inermis	Metazoa	575566	Hippolyte inermis	Eukaryota	Metazoa	Arthropoda	Malacostraca	Decapoda	Hippolytidae	Hippolyte
Hirsutella_minnesotensis_3608	Fungi	1043627	Hirsutella minnesotensis 3608	Eukaryota	Fungi	Ascomycota	Sordariomycetes	Hypocreales	Ophiocordycipitaceae	Hirsutella
Hirsutella_rhossiliensis	Fungi	111463	Hirsutella rhossiliensis	Eukaryota	Fungi	Ascomycota	Sordariomycetes	Hypocreales	Ophiocordycipitaceae	Hirsutella
Hirudo_medicinalis	Metazoa	6421	Hirudo medicinalis	Eukaryota	Metazoa	Annelida	Clitellata	Hirudinida	Hirudinidae	Hirudo
Histoplasma_capsulatum_G186AR	Fungi	447093	Histoplasma capsulatum G186AR	Eukaryota	Fungi	Ascomycota	Eurotiomycetes	Onygenales	Ajellomycetaceae	Histoplasma
Histoplasma_mississippiense	Fungi	2059318	Histoplasma mississippiense	Eukaryota	Fungi	Ascomycota	Eurotiomycetes	Onygenales	Ajellomycetaceae	Histoplasma
Histoplasma_ohiense	Fungi	2902605	Histoplasma ohiense	Eukaryota	Fungi	Ascomycota	Eurotiomycetes	Onygenales	Ajellomycetaceae	Histoplasma
Histriobdella_sp._ET-2021	Metazoa	2863089	Histriobdella sp. ET-2021	Eukaryota	Metazoa	Annelida	Polychaeta		Histriobdellidae	Histriobdella
Hofstenia_miamia	Metazoa	442651	Hofstenia miamia	Eukaryota	Metazoa	Xenacoelomorpha		Acoela	Hofsteniidae	Hofstenia
Hohenbuehelia_grisea	Fungi	104357	Hohenbuehelia grisea	Eukaryota	Fungi	Basidiomycota	Agaricomycetes	Agaricales	Pleurotaceae	Hohenbuehelia
Hoilungia_hongkongensis	Metazoa	1964320	Hoilungia hongkongensis	Eukaryota	Metazoa	Placozoa	Uniplacotomia	Hoilungea	Hoilungidae	Hoilungia
Holtermanniella_festucosa	Fungi	257869	Holtermanniella festucosa	Eukaryota	Fungi	Basidiomycota	Tremellomycetes	Holtermanniales		Holtermanniella
Homalenotus_remyi	Metazoa	1954382	Homalenotus remyi	Eukaryota	Metazoa	Arthropoda	Arachnida	Opiliones	Sclerosomatidae	Homalenotus
Homalonychus_theologus	Metazoa	320780	Homalonychus theologus	Eukaryota	Metazoa	Arthropoda	Arachnida	Araneae	Homalonychidae	Homalonychus
Homarus_americanus	Metazoa	6706	Homarus americanus	Eukaryota	Metazoa	Arthropoda	Malacostraca	Decapoda	Nephropidae	Homarus
Homo_sapiens	Metazoa	9606	Homo sapiens	Eukaryota	Metazoa	Chordata	Mammalia	Primates	Hominidae	Homo
Hordeum_erectifolium	angiosperms	58926	Hordeum erectifolium	Eukaryota	Viridiplantae	Streptophyta	Magnoliopsida	Poales	Poaceae	Hordeum
Hordeum_vulgare	angiosperms	112509	Hordeum vulgare subsp. vulgare	Eukaryota	Viridiplantae	Streptophyta	Magnoliopsida	Poales	Poaceae	Hordeum
Hottonia_inflata	angiosperms	296628	Hottonia inflata	Eukaryota	Viridiplantae	Streptophyta	Magnoliopsida	Ericales	Primulaceae	Hottonia
Hottonia_palustris	angiosperms	175037	Hottonia palustris	Eukaryota	Viridiplantae	Streptophyta	Magnoliopsida	Ericales	Primulaceae	Hottonia
Hrabeiella_periglandulata	Metazoa	152469	Hrabeiella periglandulata	Eukaryota	Metazoa	Annelida				Hrabeiella
Hsuehochloa_calcarea	angiosperms	3061239	Hsuehochloa calcarea	Eukaryota	Viridiplantae	Streptophyta	Magnoliopsida	Poales	Poaceae	Hsuehochloa
Hubrechtella_ijimai	Metazoa	1519031	Hubrechtella ijimai	Eukaryota	Metazoa	Nemertea	Pilidiophora		Hubrechtidae	Hubrechtella
Huiozyma_naganishii_CBS_8797	Fungi	1071383	Huiozyma naganishii CBS 8797	Eukaryota	Fungi	Ascomycota	Saccharomycetes	Saccharomycetales	Saccharomycetaceae	Huiozyma
Humicola_hyalothermophila	Fungi	1486343	Humicola hyalothermophila	Eukaryota	Fungi	Ascomycota	Sordariomycetes	Sordariales	Chaetomiaceae	Humicola
Humulus_lupulus	angiosperms	3486	Humulus lupulus	Eukaryota	Viridiplantae	Streptophyta	Magnoliopsida	Rosales	Cannabaceae	Humulus
Huperzia_asiatica	lycophytes	1756983	Huperzia asiatica	Eukaryota	Viridiplantae	Streptophyta	Lycopodiopsida	Lycopodiales	Lycopodiaceae	Huperzia
Hutchinsoniella_macracantha	Metazoa	84335	Hutchinsoniella macracantha	Eukaryota	Metazoa	Arthropoda	Cephalocarida	Brachypoda	Hutchinsoniellidae	Hutchinsoniella
Hyalella_azteca	Metazoa	294128	Hyalella azteca	Eukaryota	Metazoa	Arthropoda	Malacostraca	Amphipoda	Hyalellidae	Hyalella
Hyalomma_excavatum	Metazoa	257692	Hyalomma excavatum	Eukaryota	Metazoa	Arthropoda	Arachnida	Ixodida	Ixodidae	Hyalomma
Hyaloperonospora_brassicae	Protists	162125	Hyaloperonospora brassicae	Eukaryota		Oomycota	Peronosporomycetes	Peronosporales	Peronosporaceae	Hyaloperonospora
Hyaloraphidium_curvatum	Fungi	82268	Hyaloraphidium curvatum	Eukaryota	Fungi	Monoblepharomycota	Hyaloraphidiomycetes	Hyaloraphidiales	Hyaloraphidiaceae	Hyaloraphidium
Hyaloscypha_bicolor_E	Fungi	1095630	Hyaloscypha bicolor E	Eukaryota	Fungi	Ascomycota	Leotiomycetes	Helotiales	Hyaloscyphaceae	Hyaloscypha
Hyaloscypha_finlandica	Fungi	2482753	Hyaloscypha finlandica	Eukaryota	Fungi	Ascomycota	Leotiomycetes	Helotiales	Hyaloscyphaceae	Hyaloscypha
Hyaloscypha_hepaticicola	Fungi	2082293	Hyaloscypha hepaticicola	Eukaryota	Fungi	Ascomycota	Leotiomycetes	Helotiales	Hyaloscyphaceae	Hyaloscypha
Hyaloscypha_variabilis	Fungi	2482757	Hyaloscypha variabilis	Eukaryota	Fungi	Ascomycota	Leotiomycetes	Helotiales	Hyaloscyphaceae	Hyaloscypha
Hydatina_physis	Metazoa	259632	Hydatina physis	Eukaryota	Metazoa	Mollusca	Gastropoda		Aplustridae	Hydatina
Hydnomerulius_pinastri_MD-312	Fungi	994086	Hydnomerulius pinastri MD-312	Eukaryota	Fungi	Basidiomycota	Agaricomycetes	Boletales		Leucogyrophana
Hydnomerulius_pinastri_MD312	Fungi	994086	Hydnomerulius pinastri MD-312	Eukaryota	Fungi	Basidiomycota	Agaricomycetes	Boletales		Leucogyrophana
Hydnum_rufescens_UP504	Fungi	1448309	Hydnum rufescens UP504	Eukaryota	Fungi	Basidiomycota	Agaricomycetes	Cantharellales	Hydnaceae	Hydnum
Hydra_vulgaris	Metazoa	6087	Hydra vulgaris	Eukaryota	Metazoa	Cnidaria	Hydrozoa	Anthoathecata	Hydridae	Hydra
Hydromantes_strinatii	Metazoa	482143	Speleomantes strinatii	Eukaryota	Metazoa	Chordata	Amphibia	Caudata	Plethodontidae	Speleomantes
Hydroptila_sp._AD-2013	Metazoa	1325438	Hydroptila sp. AD-2013	Eukaryota	Metazoa	Arthropoda	Insecta	Trichoptera	Hydroptilidae	Hydroptila
Hydroschendyla_submarina	Metazoa	1428152	Hydroschendyla submarina	Eukaryota	Metazoa	Arthropoda	Chilopoda	Geophilomorpha	Schendylidae	Hydroschendyla
Hygrophoropsis_aurantiaca	Fungi	72124	Hygrophoropsis aurantiaca	Eukaryota	Fungi	Basidiomycota	Agaricomycetes	Boletales	Hygrophoropsidaceae	Hygrophoropsis
Hymenopellis_radicata	Fungi	937743	Hymenopellis radicata	Eukaryota	Fungi	Basidiomycota	Agaricomycetes	Agaricales	Physalacriaceae	Hymenopellis
Hymenoscyphus_albidus	Fungi	595503	Hymenoscyphus albidus	Eukaryota	Fungi	Ascomycota	Leotiomycetes	Helotiales	Helotiaceae	Hymenoscyphus
Hynobius_retardatus	Metazoa	36312	Hynobius retardatus	Eukaryota	Metazoa	Chordata	Amphibia	Caudata	Hynobiidae	Hynobius
Hypania_invalida	Metazoa	1977848	Hypania invalida	Eukaryota	Metazoa	Annelida	Polychaeta	Terebellida	Ampharetidae	Hypania
Hyphodiscus_hymeniophilus	Fungi	353542	Hyphodiscus hymeniophilus	Eukaryota	Fungi	Ascomycota	Leotiomycetes	Helotiales	Hyphodiscaceae	Hyphodiscus
Hyphopichia_burtonii_NRRL_Y-1933	Fungi	984485	Hyphopichia burtonii NRRL Y-1933	Eukaryota	Fungi	Ascomycota	Pichiomycetes	Serinales	Debaryomycetaceae	Hyphopichia
Hyphopichia_burtonii_NRRL_Y1933	Fungi	984485	Hyphopichia burtonii NRRL Y-1933	Eukaryota	Fungi	Ascomycota	Pichiomycetes	Serinales	Debaryomycetaceae	Hyphopichia
Hypochthonius_rufulus	Metazoa	66581	Hypochthonius rufulus	Eukaryota	Metazoa	Arthropoda	Arachnida	Sarcoptiformes	Hypochthoniidae	Hypochthonius
Hypomontagnella_submonticulosa	Fungi	152308	Hypomontagnella submonticulosa	Eukaryota	Fungi	Ascomycota	Sordariomycetes	Xylariales	Hypoxylaceae	Hypomontagnella
Hypoxylon_cercidicola	Fungi	326656	Hypoxylon cercidicola	Eukaryota	Fungi	Ascomycota	Sordariomycetes	Xylariales	Hypoxylaceae	Hypoxylon
Hypoxylon_crocopeplum	Fungi	326657	Hypoxylon crocopeplum	Eukaryota	Fungi	Ascomycota	Sordariomycetes	Xylariales	Hypoxylaceae	Hypoxylon
Hypoxylon_fragiforme	Fungi	63214	Hypoxylon fragiforme	Eukaryota	Fungi	Ascomycota	Sordariomycetes	Xylariales	Hypoxylaceae	Hypoxylon
Hypoxylon_fuscum	Fungi	109372	Hypoxylon fuscum	Eukaryota	Fungi	Ascomycota	Sordariomycetes	Xylariales	Hypoxylaceae	Hypoxylon
Hypoxylon_texense	Fungi	2594544	Hypoxylon texense	Eukaryota	Fungi	Ascomycota	Sordariomycetes	Xylariales	Hypoxylaceae	Hypoxylon
Hypoxylon_trugodes	Fungi	326681	Hypoxylon trugodes	Eukaryota	Fungi	Ascomycota	Sordariomycetes	Xylariales	Hypoxylaceae	Hypoxylon
Hypsibius_exemplaris	Metazoa	2072580	Hypsibius exemplaris	Eukaryota	Metazoa	Tardigrada	Eutardigrada	Parachela	Hypsibiidae	Hypsibius
Hysterangium_stoloniferum	Fungi	150792	Hysterangium stoloniferum	Eukaryota	Fungi	Basidiomycota	Agaricomycetes	Hysterangiales	Hysterangiaceae	Hysterangium
Ichthyophonus_hoferi	Protists	39843	Ichthyophonus hoferi	Eukaryota			Ichthyosporea	Ichthyophonida	Ichthyophonidae	Ichthyophonus
Ichthyophthirius_multifiliis	Protists	5932	Ichthyophthirius multifiliis	Eukaryota		Ciliophora	Oligohymenophorea	Hymenostomatida		Ichthyophthirius
Icmadophila_ericetorum	Fungi	90408	Icmadophila ericetorum	Eukaryota	Fungi	Ascomycota	Lecanoromycetes	Pertusariales	Icmadophilaceae	Icmadophila
Ideobisium_crassimanum	Metazoa	2590493	Ideobisium crassimanum	Eukaryota	Metazoa	Arthropoda	Arachnida	Pseudoscorpiones	Syarinidae	Ideobisium
Idiosepius_pygmaeus	Metazoa	55281	Idiosepius pygmaeus	Eukaryota	Metazoa	Mollusca	Cephalopoda		Idiosepiidae	Idiosepius
Ikaeria_aurantiellina	Fungi	2005598	Ikaeria aurantiellina	Eukaryota	Fungi	Ascomycota	Lecanoromycetes	Teloschistales	Teloschistaceae	Ikaeria
Ilex_paraguariensis	angiosperms	185542	Ilex paraguariensis	Eukaryota	Viridiplantae	Streptophyta	Magnoliopsida	Aquifoliales	Aquifoliaceae	Ilex
Ilyonectria_destructans	Fungi	64609	Ilyonectria destructans	Eukaryota	Fungi	Ascomycota	Sordariomycetes	Hypocreales	Nectriaceae	Ilyonectria
Ilyonectria_robusta	Fungi	1079257	Ilyonectria robusta	Eukaryota	Fungi	Ascomycota	Sordariomycetes	Hypocreales	Nectriaceae	Ilyonectria
Imleria_badia	Fungi	36058	Imleria badia	Eukaryota	Fungi	Basidiomycota	Agaricomycetes	Boletales	Boletaceae	Imleria
Immersiella_caudata	Fungi	314043	Immersiella caudata	Eukaryota	Fungi	Ascomycota	Sordariomycetes	Sordariales	Lasiosphaeriaceae	Immersiella
Impatiens_glandulifera	angiosperms	253017	Impatiens glandulifera	Eukaryota	Viridiplantae	Streptophyta	Magnoliopsida	Ericales	Balsaminaceae	Impatiens
Imshaugia_aleurites	Fungi	172621	Imshaugia aleurites	Eukaryota	Fungi	Ascomycota	Lecanoromycetes	Lecanorales	Parmeliaceae	Imshaugia
Infundibulicybe_gibba	Fungi	378275	Infundibulicybe gibba	Eukaryota	Fungi	Basidiomycota	Agaricomycetes	Agaricales	Omphalinaceae	Infundibulicybe
Ipomoea_nil	angiosperms	35883	Ipomoea nil	Eukaryota	Viridiplantae	Streptophyta	Magnoliopsida	Solanales	Convolvulaceae	Ipomoea
Ipomoea_triloba	angiosperms	35885	Ipomoea triloba	Eukaryota	Viridiplantae	Streptophyta	Magnoliopsida	Solanales	Convolvulaceae	Ipomoea
Irineochytrium_annulatum	Fungi	109884	Irineochytrium annulatum	Eukaryota	Fungi	Chytridiomycota	Chytridiomycetes	Chytridiales	Chytridiaceae	Irineochytrium
Iris_pallida	angiosperms	29817	Iris pallida	Eukaryota	Viridiplantae	Streptophyta	Magnoliopsida	Asparagales	Iridaceae	Iris
Irpex_rosettiformis	Fungi	378272	Irpex rosettiformis	Eukaryota	Fungi	Basidiomycota	Agaricomycetes	Polyporales	Irpicaceae	Irpex
Ischnura_elegans	Metazoa	197161	Ischnura elegans	Eukaryota	Metazoa	Arthropoda	Insecta	Odonata	Coenagrionidae	Ischnura
Ischnura_senegalensis	Metazoa	126660	Ischnura senegalensis	Eukaryota	Metazoa	Arthropoda	Insecta	Odonata	Coenagrionidae	Ischnura
Ischyropsalis_nodifera	Metazoa	1348668	Ischyropsalis nodifera	Eukaryota	Metazoa	Arthropoda	Arachnida	Opiliones	Ischyropsalididae	Ischyropsalis
Isodiametra_pulchra	Metazoa	504439	Isodiametra pulchra	Eukaryota	Metazoa	Xenacoelomorpha		Acoela	Isodiametridae	Isodiametra
Isoetes_sinensis	lycophytes	283158	Isoetes sinensis	Eukaryota	Viridiplantae	Streptophyta	Lycopodiopsida	Isoetales	Isoetaceae	Isoetes
Issoca_rezendei	Metazoa	1334141	Issoca rezendei	Eukaryota	Metazoa	Platyhelminthes		Tricladida	Geoplanidae	Issoca
Itaspiella_helgolandica	Metazoa	1611829	Itaspiella helgolandica	Eukaryota	Metazoa	Platyhelminthes		Proseriata	Otoplanidae	Itaspiella
Ixodes_scapularis	Metazoa	6945	Ixodes scapularis	Eukaryota	Metazoa	Arthropoda	Arachnida	Ixodida	Ixodidae	Ixodes
Jaapia_argillacea_MUCL_33604	Fungi	933084	Jaapia argillacea MUCL 33604	Eukaryota	Fungi	Basidiomycota	Agaricomycetes	Jaapiales	Jaapiaceae	Jaapia
Jackrogersella_minutella	Fungi	1955266	Jackrogersella minutella	Eukaryota	Fungi	Ascomycota	Sordariomycetes	Xylariales	Hypoxylaceae	Jackrogersella
Jaminaea_angkorensis_CBS_10918	Fungi	1294688	Jaminaea angkorensis CBS 10918	Eukaryota	Fungi	Basidiomycota	Exobasidiomycetes	Microstromatales		Jaminaea
Jaminaea_pallidilutea	Fungi	2878321	Jaminaea pallidilutea	Eukaryota	Fungi	Basidiomycota	Exobasidiomycetes	Microstromatales		Jaminaea
Jaminaea_rosea	Fungi	1569628	Jaminaea rosea	Eukaryota	Fungi	Basidiomycota	Exobasidiomycetes	Microstromatales		Jaminaea
Jatropha_curcas	angiosperms	180498	Jatropha curcas	Eukaryota	Viridiplantae	Streptophyta	Magnoliopsida	Malpighiales	Euphorbiaceae	Jatropha
Jimgerdemannia_flammicorona	Fungi	994334	Jimgerdemannia flammicorona	Eukaryota	Fungi	Mucoromycota	Endogonomycetes	Endogonales	Endogonaceae	Jimgerdemannia
Juglans_microcarpa	angiosperms	2249226	Juglans microcarpa x Juglans regia	Eukaryota	Viridiplantae	Streptophyta	Magnoliopsida	Fagales	Juglandaceae	Juglans
Juglans_microcarpa_x_Juglans_regia	angiosperms	2249226	Juglans microcarpa x Juglans regia	Eukaryota	Viridiplantae	Streptophyta	Magnoliopsida	Fagales	Juglandaceae	Juglans
Juglans_regia	angiosperms	51240	Juglans regia	Eukaryota	Viridiplantae	Streptophyta	Magnoliopsida	Fagales	Juglandaceae	Juglans
Juncus_effusus	angiosperms	13579	Juncus effusus	Eukaryota	Viridiplantae	Streptophyta	Magnoliopsida	Poales	Juncaceae	Juncus
Kalaharituber_pfeilii	Fungi	139406	Kalaharituber pfeilii	Eukaryota	Fungi	Ascomycota	Pezizomycetes	Pezizales	Pezizaceae	Kalaharituber
Kalanchoe_gracilipes	angiosperms	80900	Kalanchoe gracilipes	Eukaryota	Viridiplantae	Streptophyta	Magnoliopsida	Saxifragales	Crassulaceae	Kalanchoe
Kalmanozyma_brasiliensis_GHG001	Fungi	1365824	Kalmanozyma brasiliensis GHG001	Eukaryota	Fungi	Basidiomycota	Ustilaginomycetes	Ustilaginales		Kalmanozyma
Karstenula_rhodostoma_CBS_690.94	Fungi	1392251	Karstenula rhodostoma CBS 690.94	Eukaryota	Fungi	Ascomycota	Dothideomycetes	Pleosporales	Didymosphaeriaceae	Karstenula
Katharina_tunicata	Metazoa	34587	Katharina tunicata	Eukaryota	Metazoa	Mollusca	Polyplacophora	Chitonida	Mopaliidae	Katharina
Kazachstania_africana_CBS_2517	Fungi	1071382	Kazachstania africana CBS 2517	Eukaryota	Fungi	Ascomycota	Saccharomycetes	Saccharomycetales	Saccharomycetaceae	Kazachstania
Kickxella_alabastrina	Fungi	61397	Kickxella alabastrina	Eukaryota	Fungi	Kickxellomycota	Kickxellomycetes	Kickxellales	Kickxellaceae	Kickxella
Kingdonia_uniflora	angiosperms	39325	Kingdonia uniflora	Eukaryota	Viridiplantae	Streptophyta	Magnoliopsida	Ranunculales	Circaeasteraceae	Kingdonia
Klebsormidium_nitens	chlorophyta	105231	Klebsormidium nitens	Eukaryota	Viridiplantae	Streptophyta	Klebsormidiophyceae	Klebsormidiales	Klebsormidiaceae	Klebsormidium
Kluyveromyces_lactis	Fungi	28985	Kluyveromyces lactis	Eukaryota	Fungi	Ascomycota	Saccharomycetes	Saccharomycetales	Saccharomycetaceae	Kluyveromyces
Kluyveromyces_marxianus_DMKU3-1042	Fungi	1003335	Kluyveromyces marxianus DMKU3-1042	Eukaryota	Fungi	Ascomycota	Saccharomycetes	Saccharomycetales	Saccharomycetaceae	Kluyveromyces
Kluyveromyces_marxianus_DMKU31042	Fungi	1003335	Kluyveromyces marxianus DMKU3-1042	Eukaryota	Fungi	Ascomycota	Saccharomycetes	Saccharomycetales	Saccharomycetaceae	Kluyveromyces
Knufia_fluminis	Fungi	191047	Knufia fluminis	Eukaryota	Fungi	Ascomycota	Eurotiomycetes	Chaetothyriales	Trichomeriaceae	Knufia
Knufia_obscura	Fungi	1635080	Knufia obscura	Eukaryota	Fungi	Ascomycota	Eurotiomycetes	Chaetothyriales	Trichomeriaceae	Knufia
Knufia_peltigerae	Fungi	1002370	Knufia peltigerae	Eukaryota	Fungi	Ascomycota	Eurotiomycetes	Chaetothyriales	Trichomeriaceae	Knufia
Kockiozyma_suomiensis	Fungi	1337062	Kockiozyma suomiensis	Eukaryota	Fungi	Ascomycota	Lipomycetes	Lipomycetales	Lipomycetaceae	Kockiozyma
Kockovaella_imperatae	Fungi	4999	Kockovaella imperatae	Eukaryota	Fungi	Basidiomycota	Tremellomycetes	Tremellales	Cuniculitremaceae	Kockovaella
Komagataella_pastoris	Fungi	4922	Komagataella pastoris	Eukaryota	Fungi	Ascomycota	Pichiomycetes	Pichiales	Pichiaceae	Komagataella
Komagataella_phaffii_GS115	Fungi	644223	Komagataella phaffii GS115	Eukaryota	Fungi	Ascomycota	Pichiomycetes	Pichiales	Pichiaceae	Komagataella
Konetontli_acapulco	Metazoa	1532980	Konetontli acapulco	Eukaryota	Metazoa	Arthropoda	Arachnida	Scorpiones	Vaejovidae	Konetontli
Kontikia_ventrolineata	Metazoa	1520482	Parakontikia ventrolineata	Eukaryota	Metazoa	Platyhelminthes		Tricladida	Geoplanidae	Parakontikia
Krohnitta_subtilis	Metazoa	1120154	Krohnitta subtilis	Eukaryota	Metazoa	Chaetognatha	Sagittoidea	Aphragmophora	Krohnittidae	Krohnitta
Kryptolebias_marmoratus	Metazoa	37003	Kryptolebias marmoratus	Eukaryota	Metazoa	Chordata	Actinopteri	Cyprinodontiformes	Rivulidae	Kryptolebias
Kuettlingeria_erythrocarpa	Fungi	3058864	Kuettlingeria erythrocarpa	Eukaryota	Fungi	Ascomycota	Lecanoromycetes	Teloschistales	Teloschistaceae	Kuettlingeria
Kukulcania_hibernalis	Metazoa	268415	Kukulcania hibernalis	Eukaryota	Metazoa	Arthropoda	Arachnida	Araneae	Filistatidae	Kukulcania
Kumbadjena_occidentalis	Metazoa	1454319	Kumbadjena occidentalis	Eukaryota	Metazoa	Onychophora	Udeonychophora	Euonychophora	Peripatopsidae	Kumbadjena
Kuraishia_capsulata_CBS_1993	Fungi	1382522	Kuraishia capsulata CBS 1993	Eukaryota	Fungi	Ascomycota	Pichiomycetes	Pichiales	Pichiaceae	Kuraishia
Kwoniella_bestiolae_CBS_10118	Fungi	1296100	Kwoniella bestiolae CBS 10118	Eukaryota	Fungi	Basidiomycota	Tremellomycetes	Tremellales	Cryptococcaceae	Kwoniella
Kwoniella_botswanensis	Fungi	1268659	Kwoniella botswanensis	Eukaryota	Fungi	Basidiomycota	Tremellomycetes	Tremellales	Cryptococcaceae	Kwoniella
Kwoniella_dejecticola_CBS_10117	Fungi	1296121	Kwoniella dejecticola CBS 10117	Eukaryota	Fungi	Basidiomycota	Tremellomycetes	Tremellales	Cryptococcaceae	Kwoniella
Kwoniella_dendrophila_CBS_6074	Fungi	1295534	Kwoniella dendrophila CBS 6074	Eukaryota	Fungi	Basidiomycota	Tremellomycetes	Tremellales	Cryptococcaceae	Kwoniella
Kwoniella_europaea_PYCC6329	Fungi	1423913	Kwoniella europaea PYCC6329	Eukaryota	Fungi	Basidiomycota	Tremellomycetes	Tremellales	Cryptococcaceae	Kwoniella
Kwoniella_fici	Fungi	2878307	Kwoniella fici	Eukaryota	Fungi	Basidiomycota	Tremellomycetes	Tremellales	Cryptococcaceae	Kwoniella
Kwoniella_heveanensis_BCC8398	Fungi	1296120	Kwoniella heveanensis BCC8398	Eukaryota	Fungi	Basidiomycota	Tremellomycetes	Tremellales	Cryptococcaceae	Kwoniella
Kwoniella_mangroviensis_CBS_8507	Fungi	1296122	Kwoniella mangroviensis CBS 8507	Eukaryota	Fungi	Basidiomycota	Tremellomycetes	Tremellales	Cryptococcaceae	Kwoniella
Kwoniella_newhampshirensis	Fungi	1651941	Kwoniella newhampshirensis	Eukaryota	Fungi	Basidiomycota	Tremellomycetes	Tremellales	Cryptococcaceae	Kwoniella
Kwoniella_ovata	Fungi	2877729	Kwoniella ovata	Eukaryota	Fungi	Basidiomycota	Tremellomycetes	Tremellales	Cryptococcaceae	Kwoniella
Kwoniella_pini_CBS_10737	Fungi	1296096	Kwoniella pini CBS 10737	Eukaryota	Fungi	Basidiomycota	Tremellomycetes	Tremellales	Cryptococcaceae	Kwoniella
Kwoniella_shandongensis	Fungi	1734106	Kwoniella shandongensis	Eukaryota	Fungi	Basidiomycota	Tremellomycetes	Tremellales	Cryptococcaceae	Kwoniella
Kwoniella_shivajii	Fungi	564305	Kwoniella shivajii	Eukaryota	Fungi	Basidiomycota	Tremellomycetes	Tremellales	Cryptococcaceae	Kwoniella
Laccaria_amethystina_LaAM-08-1	Fungi	1095629	Laccaria amethystina LaAM-08-1	Eukaryota	Fungi	Basidiomycota	Agaricomycetes	Agaricales	Hydnangiaceae	Laccaria
Laccaria_amethystina_LaAM081	Fungi	89243	Laccaria amethystina	Eukaryota	Fungi	Basidiomycota	Agaricomycetes	Agaricales	Hydnangiaceae	Laccaria
Laccaria_bicolor_S238N-H82	Fungi	486041	Laccaria bicolor S238N-H82	Eukaryota	Fungi	Basidiomycota	Agaricomycetes	Agaricales	Hydnangiaceae	Laccaria
Laccaria_bicolor_S238NH82	Fungi	486041	Laccaria bicolor S238N-H82	Eukaryota	Fungi	Basidiomycota	Agaricomycetes	Agaricales	Hydnangiaceae	Laccaria
Lachancea_dasiensis	Fungi	1072105	Lachancea dasiensis	Eukaryota	Fungi	Ascomycota	Saccharomycetes	Saccharomycetales	Saccharomycetaceae	Lachancea
Lachancea_lanzarotensis	Fungi	1245769	Lachancea lanzarotensis	Eukaryota	Fungi	Ascomycota	Saccharomycetes	Saccharomycetales	Saccharomycetaceae	Lachancea
Lachancea_meyersii_CBS_8951	Fungi	1266667	Lachancea meyersii CBS 8951	Eukaryota	Fungi	Ascomycota	Saccharomycetes	Saccharomycetales	Saccharomycetaceae	Lachancea
Lachancea_mirantina	Fungi	1230905	Lachancea mirantina	Eukaryota	Fungi	Ascomycota	Saccharomycetes	Saccharomycetales	Saccharomycetaceae	Lachancea
Lachancea_nothofagi_CBS_11611	Fungi	1266666	Lachancea nothofagi CBS 11611	Eukaryota	Fungi	Ascomycota	Saccharomycetes	Saccharomycetales	Saccharomycetaceae	Lachancea
Lachancea_thermotolerans_CBS_6340	Fungi	559295	Lachancea thermotolerans CBS 6340	Eukaryota	Fungi	Ascomycota	Saccharomycetes	Saccharomycetales	Saccharomycetaceae	Lachancea
Lachnellula_arida	Fungi	1316785	Lachnellula arida	Eukaryota	Fungi	Ascomycota	Leotiomycetes	Helotiales	Lachnaceae	Lachnellula
Lachnellula_cervina	Fungi	1316786	Lachnellula cervina	Eukaryota	Fungi	Ascomycota	Leotiomycetes	Helotiales	Lachnaceae	Lachnellula
Lachnellula_hyalina	Fungi	1316788	Lachnellula hyalina	Eukaryota	Fungi	Ascomycota	Leotiomycetes	Helotiales	Lachnaceae	Lachnellula
Lachnellula_occidentalis	Fungi	215460	Lachnellula occidentalis	Eukaryota	Fungi	Ascomycota	Leotiomycetes	Helotiales	Lachnaceae	Lachnellula
Lachnellula_subtilissima	Fungi	602034	Lachnellula subtilissima	Eukaryota	Fungi	Ascomycota	Leotiomycetes	Helotiales	Lachnaceae	Lachnellula
Lachnellula_suecica	Fungi	602035	Lachnellula suecica	Eukaryota	Fungi	Ascomycota	Leotiomycetes	Helotiales	Lachnaceae	Lachnellula
Lachnellula_willkommii	Fungi	215461	Lachnellula willkommii	Eukaryota	Fungi	Ascomycota	Leotiomycetes	Helotiales	Lachnaceae	Lachnellula
Lactarius_akahatsu	Fungi	416441	Lactarius akahatsu	Eukaryota	Fungi	Basidiomycota	Agaricomycetes	Russulales	Russulaceae	Lactarius
Lactarius_deliciosus	Fungi	55514	Lactarius deliciosus	Eukaryota	Fungi	Basidiomycota	Agaricomycetes	Russulales	Russulaceae	Lactarius
Lactarius_hengduanensis	Fungi	1932122	Lactarius hengduanensis	Eukaryota	Fungi	Basidiomycota	Agaricomycetes	Russulales	Russulaceae	Lactarius
Lactarius_indigo	Fungi	222702	Lactarius indigo	Eukaryota	Fungi	Basidiomycota	Agaricomycetes	Russulales	Russulaceae	Lactarius
Lactarius_psammicola	Fungi	1907521	Lactarius psammicola	Eukaryota	Fungi	Basidiomycota	Agaricomycetes	Russulales	Russulaceae	Lactarius
Lactarius_pseudohatsudake	Fungi	1932123	Lactarius pseudohatsudake	Eukaryota	Fungi	Basidiomycota	Agaricomycetes	Russulales	Russulaceae	Lactarius
Lactarius_quietus	Fungi	111141	Lactarius quietus	Eukaryota	Fungi	Basidiomycota	Agaricomycetes	Russulales	Russulaceae	Lactarius
Lactarius_sanguifluus	Fungi	111137	Lactarius sanguifluus	Eukaryota	Fungi	Basidiomycota	Agaricomycetes	Russulales	Russulaceae	Lactarius
Lactarius_vividus	Fungi	1740625	Lactarius vividus	Eukaryota	Fungi	Basidiomycota	Agaricomycetes	Russulales	Russulaceae	Lactarius
Lactifluus_subvellereus	Fungi	1837270	Lactifluus subvellereus	Eukaryota	Fungi	Basidiomycota	Agaricomycetes	Russulales	Russulaceae	Lactifluus
Lactifluus_volemus	Fungi	71967	Lactifluus volemus	Eukaryota	Fungi	Basidiomycota	Agaricomycetes	Russulales	Russulaceae	Lactifluus
Lactuca_saligna	angiosperms	75948	Lactuca saligna	Eukaryota	Viridiplantae	Streptophyta	Magnoliopsida	Asterales	Asteraceae	Lactuca
Lactuca_sativa	angiosperms	4236	Lactuca sativa	Eukaryota	Viridiplantae	Streptophyta	Magnoliopsida	Asterales	Asteraceae	Lactuca
Lactuca_serriola	angiosperms	75943	Lactuca serriola	Eukaryota	Viridiplantae	Streptophyta	Magnoliopsida	Asterales	Asteraceae	Lactuca
Lactuca_virosa	angiosperms	75947	Lactuca virosa	Eukaryota	Viridiplantae	Streptophyta	Magnoliopsida	Asterales	Asteraceae	Lactuca
Lacydonia_sp._ET-2021	Metazoa	2863088	Lacydonia sp. ET-2021	Eukaryota	Metazoa	Annelida	Polychaeta	Phyllodocida	Phyllodocidae	Lacydonia
Laetiporus_sulphureus_93-53	Fungi	1314785	Laetiporus sulphureus 93-53	Eukaryota	Fungi	Basidiomycota	Agaricomycetes	Polyporales	Laetiporaceae	Laetiporus
Laetiporus_sulphureus_9353	Fungi	1314785	Laetiporus sulphureus 93-53	Eukaryota	Fungi	Basidiomycota	Agaricomycetes	Polyporales	Laetiporaceae	Laetiporus
Laetmonice_cf._iocasica_ET-2021	Metazoa	2863094	Laetmonice cf. iocasica ET-2021	Eukaryota	Metazoa	Annelida	Polychaeta	Phyllodocida	Aphroditidae	Laetmonice
Laevipilina_hyalina	Metazoa	651133	Laevipilina hyalina	Eukaryota	Metazoa	Mollusca	Monoplacophora	Tryblidiida	Neopilinidae	Laevipilina
Lambiella_insularis	Fungi	1397036	Lambiella insularis	Eukaryota	Fungi	Ascomycota	Lecanoromycetes	Baeomycetales	Xylographaceae	Lambiella
Lamellibrachia_satsuma	Metazoa	104711	Lamellibrachia satsuma	Eukaryota	Metazoa	Annelida	Polychaeta	Sabellida	Siboglinidae	Lamellibrachia
Laminaria_digitata	Protists	80365	Laminaria digitata	Eukaryota			Phaeophyceae	Laminariales	Laminariaceae	Laminaria
Lampea_sp._Ct11R	Metazoa	2584719	Lampea sp. Ct11R	Eukaryota	Metazoa	Ctenophora	Tentaculata	Cydippida	Lampeidae	Lampea
Lanistes_nyassanus	Metazoa	500758	Lanistes nyassanus	Eukaryota	Metazoa	Mollusca	Gastropoda	Architaenioglossa	Ampullariidae	Lanistes
Lanmaoa_asiatica	Fungi	1603062	Lanmaoa asiatica	Eukaryota	Fungi	Basidiomycota	Agaricomycetes	Boletales	Boletaceae	Lanmaoa
Laqueus_californianus	Metazoa	33478	Laqueus californianus	Eukaryota	Metazoa	Brachiopoda	Rhynchonellata	Terebratulida	Laqueidae	Laqueus
Lasiodiplodia_hormozganensis	Fungi	869390	Lasiodiplodia hormozganensis	Eukaryota	Fungi	Ascomycota	Dothideomycetes	Botryosphaeriales	Botryosphaeriaceae	Lasiodiplodia
Lasiodiplodia_mahajangana	Fungi	1108764	Lasiodiplodia mahajangana	Eukaryota	Fungi	Ascomycota	Dothideomycetes	Botryosphaeriales	Botryosphaeriaceae	Lasiodiplodia
Lasiodiplodia_theobromae	Fungi	45133	Lasiodiplodia theobromae	Eukaryota	Fungi	Ascomycota	Dothideomycetes	Botryosphaeriales	Botryosphaeriaceae	Lasiodiplodia
Lasiosphaeria_hispida	Fungi	260671	Lasiosphaeria hispida	Eukaryota	Fungi	Ascomycota	Sordariomycetes	Sordariales	Lasiosphaeriaceae	Lasiosphaeria
Lasiosphaeria_miniovina	Fungi	1954250	Lasiosphaeria miniovina	Eukaryota	Fungi	Ascomycota	Sordariomycetes	Sordariales	Lasiosphaeriaceae	Lasiosphaeria
Lasiosphaeria_ovina	Fungi	92902	Lasiosphaeria ovina	Eukaryota	Fungi	Ascomycota	Sordariomycetes	Sordariales	Lasiosphaeriaceae	Lasiosphaeria
Lasiosphaeris_hirsuta	Fungi	260670	Lasiosphaeris hirsuta	Eukaryota	Fungi	Ascomycota	Sordariomycetes	Sordariales	Lasiosphaeriaceae	Lasiosphaeris
Lathyrus_oleraceus	angiosperms	3888	Lathyrus oleraceus	Eukaryota	Viridiplantae	Streptophyta	Magnoliopsida	Fabales	Fabaceae	Lathyrus
Lathyrus_sativus	angiosperms	3860	Lathyrus sativus	Eukaryota	Viridiplantae	Streptophyta	Magnoliopsida	Fabales	Fabaceae	Lathyrus
Latimeria_chalumnae	Metazoa	7897	Latimeria chalumnae	Eukaryota	Metazoa	Chordata		Coelacanthiformes	Coelacanthidae	Latimeria
Latimeria_menadoensis	Metazoa	106881	Latimeria menadoensis	Eukaryota	Metazoa	Chordata		Coelacanthiformes	Coelacanthidae	Latimeria
Lecanora_helva	Fungi	1217787	Lecanora helva	Eukaryota	Fungi	Ascomycota	Lecanoromycetes	Lecanorales	Lecanoraceae	Lecanora
Lecanosticta_acicola	Fungi	111012	Lecanosticta acicola	Eukaryota	Fungi	Ascomycota	Dothideomycetes	Mycosphaerellales	Mycosphaerellaceae	Lecanosticta
Leiosporoceros_dussii	bryophytes	263836	Leiosporoceros dussii	Eukaryota	Viridiplantae	Streptophyta	Leiosporocerotopsida	Leiosporocerotales	Leiosporocerotaceae	Leiosporoceros
Leitoscoloplos_robustus	Metazoa	645995	Leitoscoloplos robustus	Eukaryota	Metazoa	Annelida	Polychaeta		Orbiniidae	Leitoscoloplos
Lentinula_aciculospora	Fungi	153920	Lentinula aciculospora	Eukaryota	Fungi	Basidiomycota	Agaricomycetes	Agaricales	Omphalotaceae	Lentinula
Lentinula_boryana	Fungi	40481	Lentinula boryana	Eukaryota	Fungi	Basidiomycota	Agaricomycetes	Agaricales	Omphalotaceae	Lentinula
Lentinula_detonsa	Fungi	2804962	Lentinula detonsa	Eukaryota	Fungi	Basidiomycota	Agaricomycetes	Agaricales	Omphalotaceae	Lentinula
Lentinula_edodes	Fungi	5353	Lentinula edodes	Eukaryota	Fungi	Basidiomycota	Agaricomycetes	Agaricales	Omphalotaceae	Lentinula
Lentinula_guzmanii	Fungi	2804957	Lentinula guzmanii	Eukaryota	Fungi	Basidiomycota	Agaricomycetes	Agaricales	Omphalotaceae	Lentinula
Lentinula_lateritia	Fungi	40482	Lentinula lateritia	Eukaryota	Fungi	Basidiomycota	Agaricomycetes	Agaricales	Omphalotaceae	Lentinula
Lentinula_novae-zelandiae	Fungi	42442	Lentinula novae-zelandiae	Eukaryota	Fungi	Basidiomycota	Agaricomycetes	Agaricales	Omphalotaceae	Lentinula
Lentinula_novaezelandiae	Fungi	42442	Lentinula novae-zelandiae	Eukaryota	Fungi	Basidiomycota	Agaricomycetes	Agaricales	Omphalotaceae	Lentinula
Lentinula_raphanica	Fungi	153919	Lentinula raphanica	Eukaryota	Fungi	Basidiomycota	Agaricomycetes	Agaricales	Omphalotaceae	Lentinula
Lentinus_tigrinus_ALCF2SS1-7	Fungi	1328758	Lentinus tigrinus ALCF2SS1-7	Eukaryota	Fungi	Basidiomycota	Agaricomycetes	Polyporales	Polyporaceae	Lentinus
Lentinus_tigrinus_ALCF2SS17	Fungi	1328758	Lentinus tigrinus ALCF2SS1-7	Eukaryota	Fungi	Basidiomycota	Agaricomycetes	Polyporales	Polyporaceae	Lentinus
Lentithecium_fluviatile_CBS_122367	Fungi	1168545	Lentithecium fluviatile CBS 122367	Eukaryota	Fungi	Ascomycota	Dothideomycetes	Pleosporales	Lentitheciaceae	Lentithecium
Lenzites_betulinus	Fungi	5632	Lenzites betulinus	Eukaryota	Fungi	Basidiomycota	Agaricomycetes	Polyporales	Polyporaceae	Lenzites
Lepicerus_sp._AD-2013	Metazoa	1323565	Lepicerus sp. AD-2013	Eukaryota	Metazoa	Arthropoda	Insecta	Coleoptera	Lepiceridae	Lepicerus
Lepidocampa_weberi	Metazoa	165470	Lepidocampa weberi	Eukaryota	Metazoa	Arthropoda	Diplura	Rhabdura	Campodeidae	Lepidocampa
Lepidogalaxias_salamandroides	Metazoa	89578	Lepidogalaxias salamandroides	Eukaryota	Metazoa	Chordata	Actinopteri	Lepidogalaxiiformes		Lepidogalaxias
Lepidonotopodium_sp._YZ-2016	Metazoa	1899226	Lepidonotopodium sp. YZ-2016	Eukaryota	Metazoa	Annelida	Polychaeta	Phyllodocida	Polynoidae	Lepidonotopodium
Lepidopterella_palustris_CBS_459.81	Fungi	1314670	Lepidopterella palustris CBS 459.81	Eukaryota	Fungi	Ascomycota	Dothideomycetes	Mytilinidiales	Argynnaceae	Lepidopterella
Lepidurus_apus_apus	Metazoa	217955	Lepidurus apus apus	Eukaryota	Metazoa	Arthropoda	Branchiopoda	Notostraca	Triopsidae	Lepidurus
Lepidurus_couessii	Metazoa	63726	Lepidurus couesii	Eukaryota	Metazoa	Arthropoda	Branchiopoda	Notostraca	Triopsidae	Lepidurus
Lepidurus_cryptus	Metazoa	1930656	Lepidurus cryptus	Eukaryota	Metazoa	Arthropoda	Branchiopoda	Notostraca	Triopsidae	Lepidurus
Lepisdosiren_pradoxa	Metazoa	7883	Lepidosiren paradoxa	Eukaryota	Metazoa	Chordata		Ceratodontiformes	Lepidosirenidae	Lepidosiren
Lepisosteus_oculatus	Metazoa	7918	Lepisosteus oculatus	Eukaryota	Metazoa	Chordata	Actinopteri	Semionotiformes	Lepisosteidae	Lepisosteus
Lepraria_finkii	Fungi	1340010	Lepraria finkii	Eukaryota	Fungi	Ascomycota	Lecanoromycetes	Lecanorales	Stereocaulaceae	Lepraria
Lepraria_neglecta	Fungi	209136	Lepraria neglecta	Eukaryota	Fungi	Ascomycota	Lecanoromycetes	Lecanorales	Stereocaulaceae	Lepraria
Leptestheria_dahalacensis	Metazoa	202083	Leptestheria dahalacensis	Eukaryota	Metazoa	Arthropoda	Branchiopoda	Diplostraca	Leptestheriidae	Leptestheria
Leptobrachium_leishanense	Metazoa	445787	Leptobrachium leishanense	Eukaryota	Metazoa	Chordata	Amphibia	Anura	Megophryidae	Leptobrachium
Leptochiton_rugatus	Metazoa	413421	Leptochiton rugatus	Eukaryota	Metazoa	Mollusca	Polyplacophora	Lepidopleurida	Lepidopleuridae	Leptochiton
Leptodius_sp._NTOU-LMT-BRA0070	Metazoa	2545259	Leptodius sp. NTOU-LMT-BRA0070	Eukaryota	Metazoa	Arthropoda	Malacostraca	Decapoda	Xanthidae	Leptodius
Leptonemertes_chalicophora	Metazoa	980089	Leptonemertes chalicophora	Eukaryota	Metazoa	Nemertea	Enopla	Monostilifera	Plectonemertidae	Leptonemertes
Leptoplana_tremellaris	Metazoa	107733	Leptoplana tremellaris	Eukaryota	Metazoa	Platyhelminthes		Polycladida	Leptoplanidae	Leptoplana
Leptotrombidium_deliense	Metazoa	299467	Leptotrombidium deliense	Eukaryota	Metazoa	Arthropoda	Arachnida	Trombidiformes	Trombiculidae	Leptotrombidium
Lernaea_cyprinacea	Metazoa	342429	Lernaea cyprinacea	Eukaryota	Metazoa	Arthropoda	Copepoda	Cyclopoida	Lernaeidae	Lernaea
Letharia_columbiana	Fungi	112416	Letharia columbiana	Eukaryota	Fungi	Ascomycota	Lecanoromycetes	Lecanorales	Parmeliaceae	Letharia
Letharia_lupina	Fungi	560253	Letharia lupina	Eukaryota	Fungi	Ascomycota	Lecanoromycetes	Lecanorales	Parmeliaceae	Letharia
Letrouitia_subvulpina	Fungi	1145321	Letrouitia subvulpina	Eukaryota	Fungi	Ascomycota	Lecanoromycetes	Teloschistales	Letrouitiaceae	Letrouitia
Letrouitia_transgressa	Fungi	1145322	Letrouitia transgressa	Eukaryota	Fungi	Ascomycota	Lecanoromycetes	Teloschistales	Letrouitiaceae	Letrouitia
Leucaena_leucocephala	angiosperms	3866	Leucaena leucocephala	Eukaryota	Viridiplantae	Streptophyta	Magnoliopsida	Fabales	Fabaceae	Leucaena
Leucocoprinus_birnbaumii	Fungi	56174	Leucocoprinus birnbaumii	Eukaryota	Fungi	Basidiomycota	Agaricomycetes	Agaricales	Agaricaceae	Leucocoprinus
Leucocoprinus_gongylophorus	Fungi	79220	Leucocoprinus gongylophorus	Eukaryota	Fungi	Basidiomycota	Agaricomycetes	Agaricales	Agaricaceae	Leucocoprinus
Leucocoprinus_leucothites	Fungi	201217	Leucocoprinus leucothites	Eukaryota	Fungi	Basidiomycota	Agaricomycetes	Agaricales	Agaricaceae	Leucocoprinus
Leucogyrophana_mollusca	Fungi	85980	Leucogyrophana mollusca	Eukaryota	Fungi	Basidiomycota	Agaricomycetes	Boletales		Leucogyrophana
Levipalatum_texanum	Metazoa	1486449	Levipalatum texanum	Eukaryota	Metazoa	Nematoda	Chromadorea	Rhabditida	Diplogasteridae	Levipalatum
Lichtheimia_hyalospora_FSU_10163	Fungi	1314789	Lichtheimia hyalospora FSU 10163	Eukaryota	Fungi	Mucoromycota	Mucoromycetes	Mucorales	Lichtheimiaceae	Lichtheimia
Lichtheimia_ornata	Fungi	688661	Lichtheimia ornata	Eukaryota	Fungi	Mucoromycota	Mucoromycetes	Mucorales	Lichtheimiaceae	Lichtheimia
Lightiella_incisa	Metazoa	703591	Lightiella incisa	Eukaryota	Metazoa	Arthropoda	Cephalocarida	Brachypoda	Hutchinsoniellidae	Lightiella
Ligia_exotica	Metazoa	142080	Ligia exotica	Eukaryota	Metazoa	Arthropoda	Malacostraca	Isopoda	Ligiidae	Ligia
Ligia_oceanica	Metazoa	96856	Ligia oceanica	Eukaryota	Metazoa	Arthropoda	Malacostraca	Isopoda	Ligiidae	Ligia
Lignoscripta_atroalba	Fungi	2918522	Lignoscripta atroalba	Eukaryota	Fungi	Ascomycota	Lecanoromycetes	Trapeliales	Trapeliaceae	Lignoscripta
Limacus_flavus	Metazoa	36461	Limacus flavus	Eukaryota	Metazoa	Mollusca	Gastropoda	Stylommatophora	Limacidae	Limacus
Limax_maximus	Metazoa	146086	Limax maximus	Eukaryota	Metazoa	Mollusca	Gastropoda	Stylommatophora	Limacidae	Limax
Limnognathia_maerski	Metazoa	195507	Limnognathia maerski	Eukaryota	Metazoa		Micrognathozoa	Limnognathida	Limnognathidae	Limnognathia
Limtongia_smithiae	Fungi	1125753	Limtongia smithiae	Eukaryota	Fungi	Ascomycota	Lipomycetes	Lipomycetales	Lipomycetaceae	Limtongia
Limulus_polyphemus	Metazoa	6850	Limulus polyphemus	Eukaryota	Metazoa	Arthropoda	Merostomata	Xiphosura	Limulidae	Limulus
Linderina_macrospora	Fungi	4868	Linderina macrospora	Eukaryota	Fungi	Kickxellomycota	Kickxellomycetes	Kickxellales	Kickxellaceae	Linderina
Linderina_pennispora	Fungi	61395	Linderina pennispora	Eukaryota	Fungi	Kickxellomycota	Kickxellomycetes	Kickxellales	Kickxellaceae	Linderina
Lindgomyces_ingoldianus	Fungi	673940	Lindgomyces ingoldianus	Eukaryota	Fungi	Ascomycota	Dothideomycetes	Pleosporales	Lindgomycetaceae	Lindgomyces
Lineolata_rhizophorae	Fungi	578093	Lineolata rhizophorae	Eukaryota	Fungi	Ascomycota	Dothideomycetes	Lineolatales	Lineolataceae	Lineolata
Lineus_longissimus	Metazoa	88925	Lineus longissimus	Eukaryota	Metazoa	Nemertea	Pilidiophora	Heteronemertea	Lineidae	Lineus
Lineus_sanguineus	Metazoa	187800	Lineus sanguineus	Eukaryota	Metazoa	Nemertea	Pilidiophora	Heteronemertea	Lineidae	Lineus
Lingula_anatina	Metazoa	7574	Lingula anatina	Eukaryota	Metazoa	Brachiopoda	Lingulata	Lingulida	Lingulidae	Lingula
Linhomoeidae	Metazoa	319958	Linhomoeidae	Eukaryota	Metazoa	Nematoda	Chromadorea	Monhysterida		
Linnemannia_elongata	Fungi	310910	Linnemannia elongata	Eukaryota	Fungi	Mortierellomycota	Mortierellomycetes	Mortierellales	Mortierellaceae	Linnemannia
Linnemannia_exigua	Fungi	604196	Linnemannia exigua	Eukaryota	Fungi	Mortierellomycota	Mortierellomycetes	Mortierellales	Mortierellaceae	Linnemannia
Linnemannia_gamsii	Fungi	64522	Linnemannia gamsii	Eukaryota	Fungi	Mortierellomycota	Mortierellomycetes	Mortierellales	Mortierellaceae	Linnemannia
Linnemannia_hyalina	Fungi	64524	Linnemannia hyalina	Eukaryota	Fungi	Mortierellomycota	Mortierellomycetes	Mortierellales	Mortierellaceae	Linnemannia
Linnemannia_zychae	Fungi	979765	Linnemannia zychae	Eukaryota	Fungi	Mortierellomycota	Mortierellomycetes	Mortierellales	Mortierellaceae	Linnemannia
Linum_grandiflorum	angiosperms	559336	Linum grandiflorum	Eukaryota	Viridiplantae	Streptophyta	Magnoliopsida	Malpighiales	Linaceae	Linum
Linum_perenne	angiosperms	35941	Linum perenne	Eukaryota	Viridiplantae	Streptophyta	Magnoliopsida	Malpighiales	Linaceae	Linum
Linum_tenue	angiosperms	586396	Linum tenue	Eukaryota	Viridiplantae	Streptophyta	Magnoliopsida	Malpighiales	Linaceae	Linum
Linum_trigynum	angiosperms	586398	Linum trigynum	Eukaryota	Viridiplantae	Streptophyta	Magnoliopsida	Malpighiales	Linaceae	Linum
Lipara_lucens	Metazoa	1323540	Lipara lucens	Eukaryota	Metazoa	Arthropoda	Insecta	Diptera	Chloropidae	Lipara
Liphistius_thaleban	Metazoa	1905330	Liphistius thaleban	Eukaryota	Metazoa	Arthropoda	Arachnida	Araneae	Liphistiidae	Liphistius
Lipomyces_arxii	Fungi	56418	Lipomyces arxii	Eukaryota	Fungi	Ascomycota	Lipomycetes	Lipomycetales	Lipomycetaceae	Lipomyces
Lipomyces_chichibuensis	Fungi	1546026	Lipomyces chichibuensis	Eukaryota	Fungi	Ascomycota	Lipomycetes	Lipomycetales	Lipomycetaceae	Lipomyces
Lipomyces_doorenjongii	Fungi	383834	Lipomyces doorenjongii	Eukaryota	Fungi	Ascomycota	Lipomycetes	Lipomycetales	Lipomycetaceae	Lipomyces
Lipomyces_japonicus	Fungi	56871	Lipomyces japonicus	Eukaryota	Fungi	Ascomycota	Lipomycetes	Lipomycetales	Lipomycetaceae	Lipomyces
Lipomyces_kononenkoae	Fungi	34357	Lipomyces kononenkoae	Eukaryota	Fungi	Ascomycota	Lipomycetes	Lipomycetales	Lipomycetaceae	Lipomyces
Lipomyces_mesembrius	Fungi	56874	Lipomyces mesembrius	Eukaryota	Fungi	Ascomycota	Lipomycetes	Lipomycetales	Lipomycetaceae	Lipomyces
Lipomyces_oligophaga	Fungi	45792	Lipomyces oligophaga	Eukaryota	Fungi	Ascomycota	Lipomycetes	Lipomycetales	Lipomycetaceae	Lipomyces
Lipomyces_tetrasporus	Fungi	54092	Lipomyces tetrasporus	Eukaryota	Fungi	Ascomycota	Lipomycetes	Lipomycetales	Lipomycetaceae	Lipomyces
Liposcelis_sp._PH-2016	Metazoa	1924920	Liposcelis sp. PH-2016	Eukaryota	Metazoa	Arthropoda	Insecta	Psocodea	Liposcelididae	Liposcelis
Liquidambar_formosana	angiosperms	63359	Liquidambar formosana	Eukaryota	Viridiplantae	Streptophyta	Magnoliopsida	Saxifragales	Altingiaceae	Liquidambar
Lirceus_culveri	Metazoa	2742979	Lirceus culveri	Eukaryota	Metazoa	Arthropoda	Malacostraca	Isopoda	Asellidae	Lirceus
Lithobius_niger	Metazoa	981152	Lithobius niger	Eukaryota	Metazoa	Arthropoda	Chilopoda	Lithobiomorpha	Lithobiidae	Lithobius
Lithocarpus_litseifolius	angiosperms	425828	Lithocarpus litseifolius	Eukaryota	Viridiplantae	Streptophyta	Magnoliopsida	Fagales	Fagaceae	Lithocarpus
Lithocolla_globosa	Protists	2511775	Lithocolla globosa	Eukaryota				Rotosphaerida		Lithocolla
Lithohypha_guttulata	Fungi	1690604	Lithohypha guttulata	Eukaryota	Fungi	Ascomycota	Eurotiomycetes	Chaetothyriales	Trichomeriaceae	Lithohypha
Lithospermum_erythrorhizon	angiosperms	34254	Lithospermum erythrorhizon	Eukaryota	Viridiplantae	Streptophyta	Magnoliopsida	Boraginales	Boraginaceae	Lithospermum
Lizonia_empirigonia	Fungi	1496277	Lizonia empirigonia	Eukaryota	Fungi	Ascomycota	Dothideomycetes		Pseudoperisporiaceae	Lizonia
Lobaria_immixta	Fungi	669869	Lobaria immixta	Eukaryota	Fungi	Ascomycota	Lecanoromycetes	Peltigerales	Lobariaceae	Lobaria
Lobiger_nevilli	Metazoa	2916554	Lobiger nevilli	Eukaryota	Metazoa	Mollusca	Gastropoda		Oxynoeidae	Lobiger
Lobosporangium_transversale	Fungi	64571	Lobosporangium transversale	Eukaryota	Fungi	Mortierellomycota	Mortierellomycetes	Mortierellales	Mortierellaceae	Lobosporangium
Lobulomyces_angularis	Fungi	109889	Lobulomyces angularis	Eukaryota	Fungi	Chytridiomycota	Chytridiomycetes	Lobulomycetales	Lobulomycetaceae	Lobulomyces
Locusta_migratoria_manilensis	Metazoa	229990	Locusta migratoria manilensis	Eukaryota	Metazoa	Arthropoda	Insecta	Orthoptera	Acrididae	Locusta
Lodderomyces_beijingensis	Fungi	1775926	Lodderomyces beijingensis	Eukaryota	Fungi	Ascomycota	Pichiomycetes	Serinales	Debaryomycetaceae	Lodderomyces
Lodderomyces_elongisporus	Fungi	36914	Lodderomyces elongisporus	Eukaryota	Fungi	Ascomycota	Pichiomycetes	Serinales	Debaryomycetaceae	Lodderomyces
Lojkania_enalia	Fungi	147567	Lojkania enalia	Eukaryota	Fungi	Ascomycota	Dothideomycetes	Pleosporales		Lojkania
Lolium_multiflorum	angiosperms	4521	Lolium multiflorum	Eukaryota	Viridiplantae	Streptophyta	Magnoliopsida	Poales	Poaceae	Lolium
Lolium_perenne	angiosperms	4522	Lolium perenne	Eukaryota	Viridiplantae	Streptophyta	Magnoliopsida	Poales	Poaceae	Lolium
Lolium_rigidum	angiosperms	89674	Lolium rigidum	Eukaryota	Viridiplantae	Streptophyta	Magnoliopsida	Poales	Poaceae	Lolium
Lonicera_macranthoides	angiosperms	638627	Lonicera macranthoides	Eukaryota	Viridiplantae	Streptophyta	Magnoliopsida	Dipsacales	Caprifoliaceae	Lonicera
Lopadorrhynchus_sp._ET-2021	Metazoa	2863092	Lopadorrhynchus sp. ET-2021	Eukaryota	Metazoa	Annelida	Polychaeta	Phyllodocida	Lopadorrhynchidae	Lopadorrhynchus
Lophiostoma_macrostomum_CBS_122681	Fungi	1314788	Lophiostoma macrostomum CBS 122681	Eukaryota	Fungi	Ascomycota	Dothideomycetes	Pleosporales	Lophiostomataceae	Lophiostoma
Lophiotrema_nucula	Fungi	690887	Lophiotrema nucula	Eukaryota	Fungi	Ascomycota	Dothideomycetes	Pleosporales	Lophiotremataceae	Lophiotrema
Lophium_mytilinum	Fungi	390894	Lophium mytilinum	Eukaryota	Fungi	Ascomycota	Dothideomycetes	Mytilinidiales	Mytilinidiaceae	Lophium
Lottia_gigantea	Metazoa	225164	Lottia gigantea	Eukaryota	Metazoa	Mollusca	Gastropoda		Lottiidae	Lottia
Lotus_japonicus	angiosperms	34305	Lotus japonicus	Eukaryota	Viridiplantae	Streptophyta	Magnoliopsida	Fabales	Fabaceae	Lotus
Loxomitra_sp._KK-2020	Metazoa	2718617	Loxomitra sp. KK-2020	Eukaryota	Metazoa	Entoprocta			Loxosomatidae	Loxomitra
Loxosceles_deserta	Metazoa	424440	Loxosceles deserta	Eukaryota	Metazoa	Arthropoda	Arachnida	Araneae	Sicariidae	Loxosceles
Loxosomella_nordgaardi	Metazoa	2718616	Loxosomella nordgaardi	Eukaryota	Metazoa	Entoprocta			Loxosomatidae	Loxosomella
Loxospora_ochrophaea	Fungi	400354	Loxospora ochrophaea	Eukaryota	Fungi	Ascomycota	Lecanoromycetes	Sarrameanales	Sarrameanaceae	Loxospora
Lucensosergia_lucens	Metazoa	2849048	Lucensosergia lucens	Eukaryota	Metazoa	Arthropoda	Malacostraca	Decapoda	Sergestidae	Lucensosergia
Lunasporangiospora_selenospora	Fungi	979761	Lunasporangiospora selenospora	Eukaryota	Fungi	Mortierellomycota	Mortierellomycetes	Mortierellales	Mortierellaceae	Lunasporangiospora
Lupinus_albus	angiosperms	3870	Lupinus albus	Eukaryota	Viridiplantae	Streptophyta	Magnoliopsida	Fabales	Fabaceae	Lupinus
Lupinus_angustifolius	angiosperms	3871	Lupinus angustifolius	Eukaryota	Viridiplantae	Streptophyta	Magnoliopsida	Fabales	Fabaceae	Lupinus
Lupinus_luteus	angiosperms	3873	Lupinus luteus	Eukaryota	Viridiplantae	Streptophyta	Magnoliopsida	Fabales	Fabaceae	Lupinus
Luteostriata_ernesti	Metazoa	1334170	Luteostriata ernesti	Eukaryota	Metazoa	Platyhelminthes		Tricladida	Geoplanidae	Luteostriata
Lycium_barbarum	angiosperms	112863	Lycium barbarum	Eukaryota	Viridiplantae	Streptophyta	Magnoliopsida	Solanales	Solanaceae	Lycium
Lycium_ferocissimum	angiosperms	112874	Lycium ferocissimum	Eukaryota	Viridiplantae	Streptophyta	Magnoliopsida	Solanales	Solanaceae	Lycium
Lymnaea_stagnalis	Metazoa	6523	Lymnaea stagnalis	Eukaryota	Metazoa	Mollusca	Gastropoda		Lymnaeidae	Lymnaea
Lynceus_sp._MCZ_IZ_141354	Metazoa	1930659	Lynceus sp. MCZ IZ 141354	Eukaryota	Metazoa	Arthropoda	Branchiopoda	Diplostraca	Lynceidae	Lynceus
Lyophyllum_atratum	Fungi	117065	Lyophyllum atratum	Eukaryota	Fungi	Basidiomycota	Agaricomycetes	Agaricales	Lyophyllaceae	Lyophyllum
Lyophyllum_shimeji	Fungi	47721	Lyophyllum shimeji	Eukaryota	Fungi	Basidiomycota	Agaricomycetes	Agaricales	Lyophyllaceae	Lyophyllum
Lysiosquilla_maculata	Metazoa	344752	Lysiosquillina maculata	Eukaryota	Metazoa	Arthropoda	Malacostraca	Stomatopoda	Lysiosquillidae	Lysiosquillina
Lysmata_wurdemanni	Metazoa	338206	Lysmata wurdemanni	Eukaryota	Metazoa	Arthropoda	Malacostraca	Decapoda	Hippolytidae	Lysmata
Lytechinus_variegatus	Metazoa	7654	Lytechinus variegatus	Eukaryota	Metazoa	Echinodermata	Echinoidea	Temnopleuroida	Toxopneustidae	Lytechinus
Macadamia_integrifolia	angiosperms	60698	Macadamia integrifolia	Eukaryota	Viridiplantae	Streptophyta	Magnoliopsida	Proteales	Proteaceae	Macadamia
Macellomenia_schanderi	Metazoa	1500390	Macellomenia schanderi	Eukaryota	Metazoa	Mollusca	Solenogastres	Pholidoskepia	Macellomeniidae	Macellomenia
Machilis_hrabei	Metazoa	438506	Machilis hrabei	Eukaryota	Metazoa	Arthropoda	Insecta	Archaeognatha	Machilidae	Machilis
Macleaya_cordata	angiosperms	56857	Macleaya cordata	Eukaryota	Viridiplantae	Streptophyta	Magnoliopsida	Ranunculales	Papaveraceae	Macleaya
Macrobrachium_nipponense	Metazoa	159736	Macrobrachium nipponense	Eukaryota	Metazoa	Arthropoda	Malacostraca	Decapoda	Palaemonidae	Macrobrachium
Macrolepiota_fuliginosa_MF-IS2	Fungi	1400762	Macrolepiota fuliginosa MF-IS2	Eukaryota	Fungi	Basidiomycota	Agaricomycetes	Agaricales	Agaricaceae	Macrolepiota
Macrolepiota_fuliginosa_MFIS2	Fungi	1400762	Macrolepiota fuliginosa MF-IS2	Eukaryota	Fungi	Basidiomycota	Agaricomycetes	Agaricales	Agaricaceae	Macrolepiota
Macroperipatus_torquatus	Metazoa	1454321	Macroperipatus torquatus	Eukaryota	Metazoa	Onychophora	Udeonychophora	Euonychophora	Peripatidae	Macroperipatus
Macrostomum_lignano	Metazoa	282301	Macrostomum lignano	Eukaryota	Metazoa	Platyhelminthes			Macrostomidae	Macrostomum
Macrotrichidae	Metazoa	77757	Macrotrichidae	Eukaryota	Metazoa	Arthropoda	Branchiopoda	Diplostraca		
Macroventuria_anomochaeta	Fungi	301207	Macroventuria anomochaeta	Eukaryota	Fungi	Ascomycota	Dothideomycetes	Pleosporales	Didymellaceae	Macroventuria
Madagascaria_erythrocladioides	Rhodophyta	753684	Madagascaria erythrocladioides	Eukaryota		Rhodophyta	Compsopogonophyceae	Erythropeltidales	Erythrotrichiaceae	Madagascaria
Madurella_fahalii	Fungi	1157608	Madurella fahalii	Eukaryota	Fungi	Ascomycota	Sordariomycetes	Sordariales		Madurella
Magallana_gigas	Metazoa	29159	Magallana gigas	Eukaryota	Metazoa	Mollusca	Bivalvia	Ostreida	Ostreidae	Magallana
Magallana_hongkongensis	Metazoa	2653900	Magallana hongkongensis	Eukaryota	Metazoa	Mollusca	Bivalvia	Ostreida	Ostreidae	Magallana
Magellania_venosa	Metazoa	406290	Magellania venosa	Eukaryota	Metazoa	Brachiopoda	Rhynchonellata	Terebratulida	Terebratellidae	Magellania
Magelona_pitelkai	Metazoa	1653079	Magelona pitelkai	Eukaryota	Metazoa	Annelida	Polychaeta	Spionida	Magelonidae	Magelona
Magnaporthiopsis_poae_ATCC_64411	Fungi	644358	Magnaporthiopsis poae ATCC 64411	Eukaryota	Fungi	Ascomycota	Sordariomycetes	Magnaporthales	Magnaporthaceae	Magnaporthiopsis
Magnolia_sinica	angiosperms	86752	Magnolia sinica	Eukaryota	Viridiplantae	Streptophyta	Magnoliopsida	Magnoliales	Magnoliaceae	Magnolia
Magnusiomyces_paraingens	Fungi	2606893	Magnusiomyces paraingens	Eukaryota	Fungi	Ascomycota	Dipodascomycetes	Dipodascales	Dipodascaceae	Magnusiomyces
Malacobdella_grossa	Metazoa	166027	Malacobdella grossa	Eukaryota	Metazoa	Nemertea	Enopla	Bdellonemertea	Malacobdellidae	Malacobdella
Malania_oleifera	angiosperms	397392	Malania oleifera	Eukaryota	Viridiplantae	Streptophyta	Magnoliopsida	Santalales	Ximeniaceae	Malania
Malassezia_arunalokei	Fungi	1514897	Malassezia arunalokei	Eukaryota	Fungi	Basidiomycota	Malasseziomycetes	Malasseziales	Malasseziaceae	Malassezia
Malassezia_brasiliensis	Fungi	1821822	Malassezia brasiliensis	Eukaryota	Fungi	Basidiomycota	Malasseziomycetes	Malasseziales	Malasseziaceae	Malassezia
Malassezia_caprae	Fungi	1381934	Malassezia caprae	Eukaryota	Fungi	Basidiomycota	Malasseziomycetes	Malasseziales	Malasseziaceae	Malassezia
Malassezia_cuniculi	Fungi	948313	Malassezia cuniculi	Eukaryota	Fungi	Basidiomycota	Malasseziomycetes	Malasseziales	Malasseziaceae	Malassezia
Malassezia_equina	Fungi	1381935	Malassezia equina	Eukaryota	Fungi	Basidiomycota	Malasseziomycetes	Malasseziales	Malasseziaceae	Malassezia
Malassezia_furfur	Fungi	55194	Malassezia furfur	Eukaryota	Fungi	Basidiomycota	Malasseziomycetes	Malasseziales	Malasseziaceae	Malassezia
Malassezia_globosa_CBS_7966	Fungi	425265	Malassezia globosa CBS 7966	Eukaryota	Fungi	Basidiomycota	Malasseziomycetes	Malasseziales	Malasseziaceae	Malassezia
Malassezia_japonica	Fungi	223818	Malassezia japonica	Eukaryota	Fungi	Basidiomycota	Malasseziomycetes	Malasseziales	Malasseziaceae	Malassezia
Malassezia_nana	Fungi	180528	Malassezia nana	Eukaryota	Fungi	Basidiomycota	Malasseziomycetes	Malasseziales	Malasseziaceae	Malassezia
Malassezia_obtusa	Fungi	76774	Malassezia obtusa	Eukaryota	Fungi	Basidiomycota	Malasseziomycetes	Malasseziales	Malasseziaceae	Malassezia
Malassezia_pachydermatis	Fungi	77020	Malassezia pachydermatis	Eukaryota	Fungi	Basidiomycota	Malasseziomycetes	Malasseziales	Malasseziaceae	Malassezia
Malassezia_psittaci	Fungi	1821823	Malassezia psittaci	Eukaryota	Fungi	Basidiomycota	Malasseziomycetes	Malasseziales	Malasseziaceae	Malassezia
Malassezia_restricta	Fungi	76775	Malassezia restricta	Eukaryota	Fungi	Basidiomycota	Malasseziomycetes	Malasseziales	Malasseziaceae	Malassezia
Malassezia_sympodialis_ATCC_42132	Fungi	1230383	Malassezia sympodialis ATCC 42132	Eukaryota	Fungi	Basidiomycota	Malasseziomycetes	Malasseziales	Malasseziaceae	Malassezia
Malassezia_vespertilionis	Fungi	2020962	Malassezia vespertilionis	Eukaryota	Fungi	Basidiomycota	Malasseziomycetes	Malasseziales	Malasseziaceae	Malassezia
Malassezia_yamatoensis	Fungi	253288	Malassezia yamatoensis	Eukaryota	Fungi	Basidiomycota	Malasseziomycetes	Malasseziales	Malasseziaceae	Malassezia
Malbranchea_cinnamomea	Fungi	5041	Malbranchea cinnamomea	Eukaryota	Fungi	Ascomycota	Eurotiomycetes	Onygenales	Malbrancheaceae	Malbranchea
Malus_domestica	angiosperms	3750	Malus domestica	Eukaryota	Viridiplantae	Streptophyta	Magnoliopsida	Rosales	Rosaceae	Malus
Malus_sylvestris	angiosperms	3752	Malus sylvestris	Eukaryota	Viridiplantae	Streptophyta	Magnoliopsida	Rosales	Rosaceae	Malus
Manayunkia_occidentalis	Metazoa	2704156	Manayunkia occidentalis	Eukaryota	Metazoa	Annelida	Polychaeta	Sabellida	Fabriciidae	Manayunkia
Mangifera_indica	angiosperms	29780	Mangifera indica	Eukaryota	Viridiplantae	Streptophyta	Magnoliopsida	Sapindales	Anacardiaceae	Mangifera
Manihot_esculenta	angiosperms	3983	Manihot esculenta	Eukaryota	Viridiplantae	Streptophyta	Magnoliopsida	Malpighiales	Euphorbiaceae	Manihot
Marasmius_crinis-equi	Fungi	585013	Marasmius crinis-equi	Eukaryota	Fungi	Basidiomycota	Agaricomycetes	Agaricales	Marasmiaceae	Marasmius
Marasmius_crinisequi	Fungi	585013	Marasmius crinis-equi	Eukaryota	Fungi	Basidiomycota	Agaricomycetes	Agaricales	Marasmiaceae	Marasmius
Marasmius_fiardii_PR-910	Fungi	1328756	Marasmius fiardii PR-910	Eukaryota	Fungi	Basidiomycota	Agaricomycetes	Agaricales	Marasmiaceae	Marasmius
Marasmius_fiardii_PR910	Fungi	1328756	Marasmius fiardii PR-910	Eukaryota	Fungi	Basidiomycota	Agaricomycetes	Agaricales	Marasmiaceae	Marasmius
Marasmius_oreades	Fungi	181124	Marasmius oreades	Eukaryota	Fungi	Basidiomycota	Agaricomycetes	Agaricales	Marasmiaceae	Marasmius
Marasmius_tenuissimus	Fungi	585030	Marasmius tenuissimus	Eukaryota	Fungi	Basidiomycota	Agaricomycetes	Agaricales	Marasmiaceae	Marasmius
Marchantia_paleacea	bryophytes	56867	Marchantia paleacea	Eukaryota	Viridiplantae	Streptophyta	Marchantiopsida	Marchantiales	Marchantiaceae	Marchantia
Marchantia_polymorpha	bryophytes	1480154	Marchantia polymorpha subsp. ruderalis	Eukaryota	Viridiplantae	Streptophyta	Marchantiopsida	Marchantiales	Marchantiaceae	Marchantia
Margaritifera_margaritifera	Metazoa	2505931	Margaritifera margaritifera	Eukaryota	Metazoa	Mollusca	Bivalvia	Unionida	Margaritiferidae	Margaritifera
Marisa_cornuarietis	Metazoa	75126	Marisa cornuarietis	Eukaryota	Metazoa	Mollusca	Gastropoda	Architaenioglossa	Ampullariidae	Marisa
Marteilia_pararefringens	Protists	2184066	Marteilia pararefringens	Eukaryota		Endomyxa	Ascetosporea	Paramyxida	Marteiliidae	Marteilia
Martensiomyces_pterosporus	Fungi	61414	Martensiomyces pterosporus	Eukaryota	Fungi	Kickxellomycota	Kickxellomycetes	Kickxellales	Kickxellaceae	Martensiomyces
Martiniozyma_asiatica_(nom._inval.)	Fungi	148097	Martiniozyma asiatica (nom. inval.)	Eukaryota	Fungi	Ascomycota	Pichiomycetes	Pichiales	Pichiaceae	Martiniozyma
Massarina_eburnea_CBS_473.64	Fungi	1395130	Massarina eburnea CBS 473.64	Eukaryota	Fungi	Ascomycota	Dothideomycetes	Pleosporales	Massarinaceae	Massarina
Massariosphaeria_phaeospora	Fungi	100035	Massariosphaeria phaeospora	Eukaryota	Fungi	Ascomycota	Dothideomycetes	Pleosporales		Massariosphaeria
Massospora_cicadina	Fungi	348617	Massospora cicadina	Eukaryota	Fungi	Entomophthoromycota	Entomophthoromycetes	Entomophthorales	Entomophthoraceae	Massospora
Mastacembelus_armatus	Metazoa	205130	Mastacembelus armatus	Eukaryota	Metazoa	Chordata	Actinopteri	Synbranchiformes	Mastacembelidae	Mastacembelus
Mastigoproctus_giganteus	Metazoa	58767	Mastigoproctus giganteus	Eukaryota	Metazoa	Arthropoda	Arachnida	Uropygi	Thelyphonidae	Mastigoproctus
Maudiozyma_barnettii	Fungi	61262	Maudiozyma barnettii	Eukaryota	Fungi	Ascomycota	Saccharomycetes	Saccharomycetales	Saccharomycetaceae	Maudiozyma
Maudiozyma_exigua	Fungi	34358	Maudiozyma exigua	Eukaryota	Fungi	Ascomycota	Saccharomycetes	Saccharomycetales	Saccharomycetaceae	Maudiozyma
Maudiozyma_humilis	Fungi	51915	Maudiozyma humilis	Eukaryota	Fungi	Ascomycota	Saccharomycetes	Saccharomycetales	Saccharomycetaceae	Maudiozyma
Maudiozyma_saulgeensis	Fungi	1789683	Maudiozyma saulgeensis	Eukaryota	Fungi	Ascomycota	Saccharomycetes	Saccharomycetales	Saccharomycetaceae	Maudiozyma
Mayamaea_pseudoterrestris	Protists	2872254	Mayamaea pseudoterrestris	Eukaryota		Bacillariophyta	Bacillariophyceae	Sellaphorales	Sellaphoraceae	Mayamaea
Meara_stichopi	Metazoa	84115	Meara stichopi	Eukaryota	Metazoa	Xenacoelomorpha		Nemertodermatida	Nemertodermatidae	Meara
Mecistocephalus_guildingii	Metazoa	126915	Mecistocephalus guildingii	Eukaryota	Metazoa	Arthropoda	Chilopoda	Geophilomorpha	Mecistocephalidae	Mecistocephalus
Medicago_truncatula	angiosperms	3880	Medicago truncatula	Eukaryota	Viridiplantae	Streptophyta	Magnoliopsida	Fabales	Fabaceae	Medicago
Mediolabrus_comicus	Protists	2590921	Mediolabrus comicus	Eukaryota		Bacillariophyta	Thalassiosirophyceae	Thalassiosirales	Thalassiosiraceae	Mediolabrus
Megaceros_flagellaris	bryophytes	263821	Megaceros flagellaris	Eukaryota	Viridiplantae	Streptophyta	Anthocerotopsida	Dendrocerotales	Dendrocerotaceae	Megaceros
Megacormus_gertschi	Metazoa	1843536	Megacormus gertschi	Eukaryota	Metazoa	Arthropoda	Arachnida	Scorpiones	Euscorpiidae	Megacormus
Megadrilus_sp._A5911	Metazoa	1654982	Megadrilus sp. A5911	Eukaryota	Metazoa	Annelida	Polychaeta		Protodrilidae	Megadrilus
Megahexura_fulva	Metazoa	389833	Megahexura fulva	Eukaryota	Metazoa	Arthropoda	Arachnida	Araneae	Mecicobothriidae	Megahexura
Megalops_cyprinoides	Metazoa	118141	Megalops cyprinoides	Eukaryota	Metazoa	Chordata	Actinopteri	Elopiformes	Megalopidae	Megalops
Meganyctiphanes_norvegica	Metazoa	48144	Meganyctiphanes norvegica	Eukaryota	Metazoa	Arthropoda	Malacostraca	Euphausiacea	Euphausiidae	Meganyctiphanes
Meghimatium_bilineatum	Metazoa	318265	Meghimatium bilineatum	Eukaryota	Metazoa	Mollusca	Gastropoda	Stylommatophora	Philomycidae	Meghimatium
Meghimatium_fruhstorferi	Metazoa	414506	Meghimatium fruhstorferi	Eukaryota	Metazoa	Mollusca	Gastropoda	Stylommatophora	Philomycidae	Meghimatium
Meiomenia_swedmarki	Metazoa	1500384	Meiomenia swedmarki	Eukaryota	Metazoa	Mollusca	Solenogastres	Pholidoskepia	Meiomeniidae	Meiomenia
Meira_miltonrushii	Fungi	1280837	Meira miltonrushii	Eukaryota	Fungi	Basidiomycota	Exobasidiomycetes	Exobasidiales	Brachybasidiaceae	Meira
Melampsora_americana	Fungi	2182807	Melampsora americana	Eukaryota	Fungi	Basidiomycota	Pucciniomycetes	Pucciniales	Melampsoraceae	Melampsora
Melampsora_larici-populina_98AG31	Fungi	747676	Melampsora larici-populina 98AG31	Eukaryota	Fungi	Basidiomycota	Pucciniomycetes	Pucciniales	Melampsoraceae	Melampsora
Melampsora_laricipopulina_98AG31	Fungi	747676	Melampsora larici-populina 98AG31	Eukaryota	Fungi	Basidiomycota	Pucciniomycetes	Pucciniales	Melampsoraceae	Melampsora
Melanogaster_broomeanus	Fungi	2655010	Melanogaster broomeanus	Eukaryota	Fungi	Basidiomycota	Agaricomycetes	Boletales	Melanogastraceae	Melanogaster
Melanomma_pulvis-pyrius_CBS_109.77	Fungi	1314802	Melanomma pulvis-pyrius CBS 109.77	Eukaryota	Fungi	Ascomycota	Dothideomycetes	Pleosporales	Melanommataceae	Melanomma
Melanomma_pulvispyrius_CBS_109.77	Fungi	1314802	Melanomma pulvis-pyrius CBS 109.77	Eukaryota	Fungi	Ascomycota	Dothideomycetes	Pleosporales	Melanommataceae	Melanomma
Melanopsichium_pennsylvanicum	Fungi	63383	Melanopsichium pennsylvanicum	Eukaryota	Fungi	Basidiomycota	Ustilaginomycetes	Ustilaginales		Melanopsichium
Melastoma_candidum	angiosperms	119954	Melastoma candidum	Eukaryota	Viridiplantae	Streptophyta	Magnoliopsida	Myrtales	Melastomataceae	Melastoma
Melia_azedarach	angiosperms	155640	Melia azedarach	Eukaryota	Viridiplantae	Streptophyta	Magnoliopsida	Sapindales	Meliaceae	Melia
Melibe_leonina	Metazoa	76178	Melibe leonina	Eukaryota	Metazoa	Mollusca	Gastropoda	Nudibranchia	Dendronotidae	Melibe
Melinna_oculata	Metazoa	2716577	Melinna oculata	Eukaryota	Metazoa	Annelida	Polychaeta	Terebellida	Melinnidae	Melinna
Melocanna_baccifera	angiosperms	104005	Melocanna baccifera	Eukaryota	Viridiplantae	Streptophyta	Magnoliopsida	Poales	Poaceae	Melocanna
Menidia_menidia	Metazoa	238744	Menidia menidia	Eukaryota	Metazoa	Chordata	Actinopteri	Atheriniformes	Atherinopsidae	Menidia
Menneus_sp._RK-2018	Metazoa	2080916	Menneus sp. RK-2018	Eukaryota	Metazoa	Arthropoda	Arachnida	Araneae	Deinopidae	Menneus
Menopon_gallinae	Metazoa	328185	Menopon gallinae	Eukaryota	Metazoa	Arthropoda	Insecta	Psocodea	Menoponidae	Menopon
Mercurialis_annua	angiosperms	3986	Mercurialis annua	Eukaryota	Viridiplantae	Streptophyta	Magnoliopsida	Malpighiales	Euphorbiaceae	Mercurialis
Meredithblackwellia_eburnea_MCA_4105	Fungi	1408158	Meredithblackwellia eburnea MCA 4105	Eukaryota	Fungi	Basidiomycota	Microbotryomycetes	Kriegeriales	Kriegeriaceae	Meredithblackwellia
Meripilus_lineatus	Fungi	2056292	Meripilus lineatus	Eukaryota	Fungi	Basidiomycota	Agaricomycetes	Polyporales	Meripilaceae	Meripilus
Meristemomyces_frigidus	Fungi	1508187	Meristemomyces frigidus	Eukaryota	Fungi	Ascomycota	Dothideomycetes	Mycosphaerellales	Teratosphaeriaceae	Meristemomyces
Mesobiotus_philippinicus	Metazoa	1867265	Mesobiotus philippinicus	Eukaryota	Metazoa	Tardigrada	Eutardigrada	Parachela	Macrobiotidae	Mesobiotus
Mesochaetopterus_minutus	Metazoa	1723709	Mesochaetopterus minutus	Eukaryota	Metazoa	Annelida	Polychaeta		Chaetopteridae	Mesochaetopterus
Mesodasys_laticaudatus	Metazoa	233130	Mesodasys laticaudatus	Eukaryota	Metazoa	Gastrotricha		Macrodasyida	Lepidodasyidae	Mesodasys
Mesostoma_lingua	Metazoa	99405	Mesostoma lingua	Eukaryota	Metazoa	Platyhelminthes		Rhabdocoela	Typhloplanidae	Mesostoma
Metaperipatus_inae	Metazoa	444703	Metaperipatus inae	Eukaryota	Metazoa	Onychophora	Udeonychophora	Euonychophora	Peripatopsidae	Metaperipatus
Metaphire_vulgaris	Metazoa	1196096	Metaphire vulgaris	Eukaryota	Metazoa	Annelida	Clitellata	Crassiclitellata	Megascolecidae	Metaphire
Metaplax_longipes	Metazoa	1550546	Metaplax longipes	Eukaryota	Metazoa	Arthropoda	Malacostraca	Decapoda	Varunidae	Metaplax
Metarhizium_acridum	Fungi	92637	Metarhizium acridum	Eukaryota	Fungi	Ascomycota	Sordariomycetes	Hypocreales	Clavicipitaceae	Metarhizium
Metarhizium_album_ARSEF_1941	Fungi	1081103	Metarhizium album ARSEF 1941	Eukaryota	Fungi	Ascomycota	Sordariomycetes	Hypocreales	Clavicipitaceae	Metarhizium
Metarhizium_anisopliae	Fungi	5530	Metarhizium anisopliae	Eukaryota	Fungi	Ascomycota	Sordariomycetes	Hypocreales	Clavicipitaceae	Metarhizium
Metarhizium_brunneum	Fungi	500148	Metarhizium brunneum	Eukaryota	Fungi	Ascomycota	Sordariomycetes	Hypocreales	Clavicipitaceae	Metarhizium
Metarhizium_guizhouense_ARSEF_977	Fungi	1276136	Metarhizium guizhouense ARSEF 977	Eukaryota	Fungi	Ascomycota	Sordariomycetes	Hypocreales	Clavicipitaceae	Metarhizium
Metarhizium_humberi	Fungi	2596975	Metarhizium humberi	Eukaryota	Fungi	Ascomycota	Sordariomycetes	Hypocreales	Clavicipitaceae	Metarhizium
Metarhizium_hybridum	Fungi	3151832	Metarhizium hybridum	Eukaryota	Fungi	Ascomycota	Sordariomycetes	Hypocreales	Clavicipitaceae	Metarhizium
Metarhizium_robertsii_ARSEF_23	Fungi	655844	Metarhizium robertsii ARSEF 23	Eukaryota	Fungi	Ascomycota	Sordariomycetes	Hypocreales	Clavicipitaceae	Metarhizium
Metasiro_americanus	Metazoa	397056	Metasiro americanus	Eukaryota	Metazoa	Arthropoda	Arachnida	Opiliones	Neogoveidae	Metasiro
Metopograpsus_frontalis	Metazoa	1036996	Metopograpsus frontalis	Eukaryota	Metazoa	Arthropoda	Malacostraca	Decapoda	Grapsidae	Metopograpsus
Metschnikowia_bicuspidata_var._bicuspidata_NRRL_YB-4993	Fungi	869754	Metschnikowia bicuspidata var. bicuspidata NRRL YB-4993	Eukaryota	Fungi	Ascomycota	Pichiomycetes	Serinales	Metschnikowiaceae	Metschnikowia
Metschnikowia_bicuspidata_var._bicuspidata_NRRL_YB4993	Fungi	869754	Metschnikowia bicuspidata var. bicuspidata NRRL YB-4993	Eukaryota	Fungi	Ascomycota	Pichiomycetes	Serinales	Metschnikowiaceae	Metschnikowia
Meyerozyma_guilliermondii_ATCC_6260	Fungi	294746	Meyerozyma guilliermondii ATCC 6260	Eukaryota	Fungi	Ascomycota	Pichiomycetes	Serinales	Debaryomycetaceae	Meyerozyma
Micractinium_conductrix	chlorophyta	554055	Micractinium conductrix	Eukaryota	Viridiplantae	Chlorophyta	Trebouxiophyceae	Chlorellales	Chlorellaceae	Micractinium
Micractinium_tetrahymenae	chlorophyta	2728915	Micractinium tetrahymenae	Eukaryota	Viridiplantae	Chlorophyta	Trebouxiophyceae	Chlorellales	Chlorellaceae	Micractinium
Microbotryum_saponariae	Fungi	289078	Microbotryum saponariae	Eukaryota	Fungi	Basidiomycota	Microbotryomycetes	Microbotryales	Microbotryaceae	Microbotryum
Microcaecilia_unicolor	Metazoa	1415580	Microcaecilia unicolor	Eukaryota	Metazoa	Chordata	Amphibia	Gymnophiona	Siphonopidae	Microcaecilia
Microdipoena_guttata	Metazoa	709022	Microdipoena guttata	Eukaryota	Metazoa	Arthropoda	Arachnida	Araneae	Mysmenidae	Microdipoena
Microdochium_bolleyi	Fungi	196109	Microdochium bolleyi	Eukaryota	Fungi	Ascomycota	Sordariomycetes	Xylariales	Microdochiaceae	Microdochium
Microdochium_majus	Fungi	647655	Microdochium majus	Eukaryota	Fungi	Ascomycota	Sordariomycetes	Xylariales	Microdochiaceae	Microdochium
Microdochium_nivale	Fungi	5520	Microdochium nivale	Eukaryota	Fungi	Ascomycota	Sordariomycetes	Xylariales	Microdochiaceae	Microdochium
Microdochium_trichocladiopsis	Fungi	1682393	Microdochium trichocladiopsis	Eukaryota	Fungi	Ascomycota	Sordariomycetes	Xylariales	Microdochiaceae	Microdochium
Microhyla_fissipes	Metazoa	387934	Microhyla fissipes	Eukaryota	Metazoa	Chordata	Amphibia	Anura	Microhylidae	Microhyla
Micromenia_fodiens	Metazoa	669226	Micromenia fodiens	Eukaryota	Metazoa	Mollusca	Solenogastres	Pholidoskepia	Dondersiidae	Micromenia
Micromonas_commoda	chlorophyta	296587	Micromonas commoda	Eukaryota	Viridiplantae	Chlorophyta	Mamiellophyceae	Mamiellales	Mamiellaceae	Micromonas
Micromonas_pusilla	chlorophyta	564608	Micromonas pusilla CCMP1545	Eukaryota	Viridiplantae	Chlorophyta	Mamiellophyceae	Mamiellales	Mamiellaceae	Micromonas
Microplana_groga	Metazoa	1520483	Microplana groga	Eukaryota	Metazoa	Platyhelminthes		Tricladida	Geoplanidae	Microplana
Microplana_nana	Metazoa	69517	Microplana nana	Eukaryota	Metazoa	Platyhelminthes		Tricladida	Geoplanidae	Microplana
Microplana_plurioculata	Metazoa	1820961	Microplana plurioculata	Eukaryota	Metazoa	Platyhelminthes		Tricladida	Geoplanidae	Microplana
Microplana_scharffi	Metazoa	391273	Microplana scharffi	Eukaryota	Metazoa	Platyhelminthes		Tricladida	Geoplanidae	Microplana
Microplana_terrestris	Metazoa	138674	Microplana terrestris	Eukaryota	Metazoa	Platyhelminthes		Tricladida	Geoplanidae	Microplana
Microsporum_canis_CBS_113480	Fungi	554155	Microsporum canis CBS 113480	Eukaryota	Fungi	Ascomycota	Eurotiomycetes	Onygenales	Arthrodermataceae	Microsporum
Microstomoeca_roanoka	Protists	1923864	Microstomoeca roanoka	Eukaryota			Choanoflagellata	Craspedida	Salpingoecidae	Microstomoeca
Microstomum_lineare	Metazoa	52057	Microstomum lineare	Eukaryota	Metazoa	Platyhelminthes		Dolichomicrostomida	Microstomidae	Microstomum
Microstroma_glucosiphilum	Fungi	1684307	Microstroma glucosiphilum	Eukaryota	Fungi	Basidiomycota	Exobasidiomycetes	Microstromatales	Microstromataceae	Microstroma
Microthlaspi_erraticum	angiosperms	1685480	Microthlaspi erraticum	Eukaryota	Viridiplantae	Streptophyta	Magnoliopsida	Brassicales	Brassicaceae	Microthlaspi
Microthyrium_microscopicum	Fungi	703497	Microthyrium microscopicum	Eukaryota	Fungi	Ascomycota	Dothideomycetes	Microthyriales	Microthyriaceae	Microthyrium
Mikania_cordata	angiosperms	207834	Mikania cordata	Eukaryota	Viridiplantae	Streptophyta	Magnoliopsida	Asterales	Asteraceae	Mikania
Mikania_micrantha	angiosperms	192012	Mikania micrantha	Eukaryota	Viridiplantae	Streptophyta	Magnoliopsida	Asterales	Asteraceae	Mikania
Mimosa_bimucronata	angiosperms	587864	Mimosa bimucronata	Eukaryota	Viridiplantae	Streptophyta	Magnoliopsida	Fabales	Fabaceae	Mimosa
Minona_ileanae	Metazoa	60013	Minona ileanae	Eukaryota	Metazoa	Platyhelminthes		Proseriata	Monocelididae	Minona
Miscanthus_floridulus	angiosperms	154761	Miscanthus floridulus	Eukaryota	Viridiplantae	Streptophyta	Magnoliopsida	Poales	Poaceae	Miscanthus
Miscanthus_lutarioriparius	angiosperms	422564	Miscanthus lutarioriparius	Eukaryota	Viridiplantae	Streptophyta	Magnoliopsida	Poales	Poaceae	Miscanthus
Mithraculus_sculptus	Metazoa	504429	Mithraculus sculptus	Eukaryota	Metazoa	Arthropoda	Malacostraca	Decapoda	Mithracidae	Mithraculus
Mitosporidium_daphniae	Fungi	1485682	Mitosporidium daphniae	Eukaryota	Fungi	Microsporidia				Mitosporidium
Mixia_osmundae_IAM_14324	Fungi	764103	Mixia osmundae IAM 14324	Eukaryota	Fungi	Basidiomycota	Mixiomycetes	Mixiales	Mixiaceae	Mixia
Mizuhopecten_(Patinopecten)_yessoensis	Metazoa	6573	Mizuhopecten yessoensis	Eukaryota	Metazoa	Mollusca	Bivalvia	Pectinida	Pectinidae	Mizuhopecten
Modicella_reniformis	Fungi	1440133	Modicella reniformis	Eukaryota	Fungi	Mortierellomycota	Mortierellomycetes	Mortierellales	Mortierellaceae	Modicella
Moelleriella_libera_RCEF_2490	Fungi	1081109	Moelleriella libera RCEF 2490	Eukaryota	Fungi	Ascomycota	Sordariomycetes	Hypocreales	Clavicipitaceae	Moelleriella
Moesziomyces_antarcticus	Fungi	84753	Moesziomyces antarcticus	Eukaryota	Fungi	Basidiomycota	Ustilaginomycetes	Ustilaginales	Ustilaginaceae	Moesziomyces
Moina_sp._MCZ_IZ_74079	Metazoa	1930661	Moina sp. MCZ IZ 74079	Eukaryota	Metazoa	Arthropoda	Branchiopoda	Diplostraca	Moinidae	Moina
Mollisia_scopiformis	Fungi	149040	Mollisia scopiformis	Eukaryota	Fungi	Ascomycota	Leotiomycetes	Helotiales	Mollisiaceae	Mollisia
Momordica_charantia	angiosperms	3673	Momordica charantia	Eukaryota	Viridiplantae	Streptophyta	Magnoliopsida	Cucurbitales	Cucurbitaceae	Momordica
Monascus_purpureus	Fungi	5098	Monascus purpureus	Eukaryota	Fungi	Ascomycota	Eurotiomycetes	Eurotiales	Aspergillaceae	Monascus
Moneuplotes_crassus	Protists	5936	Moneuplotes crassus	Eukaryota		Ciliophora	Spirotrichea	Euplotida	Euplotidae	Moneuplotes
Monilinia_fructicola	Fungi	38448	Monilinia fructicola	Eukaryota	Fungi	Ascomycota	Leotiomycetes	Helotiales	Sclerotiniaceae	Monilinia
Monilinia_fructigena	Fungi	38457	Monilinia fructigena	Eukaryota	Fungi	Ascomycota	Leotiomycetes	Helotiales	Sclerotiniaceae	Monilinia
Monilinia_laxa	Fungi	61186	Monilinia laxa	Eukaryota	Fungi	Ascomycota	Leotiomycetes	Helotiales	Sclerotiniaceae	Monilinia
Monilinia_vaccinii-corymbosi	Fungi	61207	Monilinia vaccinii-corymbosi	Eukaryota	Fungi	Ascomycota	Leotiomycetes	Helotiales	Sclerotiniaceae	Monilinia
Monilinia_vacciniicorymbosi	Fungi	61207	Monilinia vaccinii-corymbosi	Eukaryota	Fungi	Ascomycota	Leotiomycetes	Helotiales	Sclerotiniaceae	Monilinia
Moniliophthora_roreri	Fungi	221103	Moniliophthora roreri	Eukaryota	Fungi	Basidiomycota	Agaricomycetes	Agaricales	Marasmiaceae	Moniliophthora
Monodonta_labio	Metazoa	74046	Monodonta labio	Eukaryota	Metazoa	Mollusca	Gastropoda	Trochida	Trochidae	Monodonta
Monopterus_albus	Metazoa	43700	Monopterus albus	Eukaryota	Metazoa	Chordata	Actinopteri	Synbranchiformes	Synbranchidae	Monopterus
Monoraphidium_minutum	chlorophyta	39955	Monoraphidium minutum	Eukaryota	Viridiplantae	Chlorophyta	Chlorophyceae	Sphaeropleales	Selenastraceae	Monoraphidium
Monoraphidium_neglectum	chlorophyta	145388	Monoraphidium neglectum	Eukaryota	Viridiplantae	Chlorophyta	Chlorophyceae	Sphaeropleales	Selenastraceae	Monoraphidium
Monosiga_brevicollis	Protists	431895	Monosiga brevicollis MX1	Eukaryota			Choanoflagellata	Craspedida	Salpingoecidae	Monosiga
Monosporascus_cannonballus	Fungi	155416	Monosporascus cannonballus	Eukaryota	Fungi	Ascomycota	Sordariomycetes	Xylariales		Monosporascus
Monosporascus_ibericus	Fungi	155417	Monosporascus ibericus	Eukaryota	Fungi	Ascomycota	Sordariomycetes	Xylariales		Monosporascus
Monosporozyma_servazzii	Fungi	27293	Monosporozyma servazzii	Eukaryota	Fungi	Ascomycota	Saccharomycetes	Saccharomycetales	Saccharomycetaceae	Monosporozyma
Monosporozyma_unispora	Fungi	27294	Monosporozyma unispora	Eukaryota	Fungi	Ascomycota	Saccharomycetes	Saccharomycetales	Saccharomycetaceae	Monosporozyma
Mopalia_muscosa	Metazoa	256104	Mopalia muscosa	Eukaryota	Metazoa	Mollusca	Polyplacophora	Chitonida	Mopaliidae	Mopalia
Morbakka_virulenta	Metazoa	686327	Morbakka virulenta	Eukaryota	Metazoa	Cnidaria	Cubozoa	Carybdeida	Carukiidae	Morbakka
Morchella_americana	Fungi	1582323	Morchella americana	Eukaryota	Fungi	Ascomycota	Pezizomycetes	Pezizales	Morchellaceae	Morchella
Morchella_anatolica	Fungi	1582322	Morchella anatolica	Eukaryota	Fungi	Ascomycota	Pezizomycetes	Pezizales	Morchellaceae	Morchella
Morchella_angusticeps	Fungi	60347	Morchella angusticeps	Eukaryota	Fungi	Ascomycota	Pezizomycetes	Pezizales	Morchellaceae	Morchella
Morchella_arbutiphila	Fungi	1810715	Morchella arbutiphila	Eukaryota	Fungi	Ascomycota	Pezizomycetes	Pezizales	Morchellaceae	Morchella
Morchella_brunnea	Fungi	1174671	Morchella brunnea	Eukaryota	Fungi	Ascomycota	Pezizomycetes	Pezizales	Morchellaceae	Morchella
Morchella_diminutiva	Fungi	1174667	Morchella diminutiva	Eukaryota	Fungi	Ascomycota	Pezizomycetes	Pezizales	Morchellaceae	Morchella
Morchella_disparilis	Fungi	1810716	Morchella disparilis	Eukaryota	Fungi	Ascomycota	Pezizomycetes	Pezizales	Morchellaceae	Morchella
Morchella_dunalii	Fungi	1582327	Morchella dunalii	Eukaryota	Fungi	Ascomycota	Pezizomycetes	Pezizales	Morchellaceae	Morchella
Morchella_fluvialis	Fungi	1611433	Morchella fluvialis	Eukaryota	Fungi	Ascomycota	Pezizomycetes	Pezizales	Morchellaceae	Morchella
Morchella_hispaniolensis	Fungi	2382056	Morchella hispaniolensis	Eukaryota	Fungi	Ascomycota	Pezizomycetes	Pezizales	Morchellaceae	Morchella
Morchella_importuna	Fungi	1174673	Morchella importuna	Eukaryota	Fungi	Ascomycota	Pezizomycetes	Pezizales	Morchellaceae	Morchella
Morchella_kakiicolor	Fungi	2715921	Morchella kakiicolor	Eukaryota	Fungi	Ascomycota	Pezizomycetes	Pezizales	Morchellaceae	Morchella
Morchella_norvegiensis	Fungi	1582341	Morchella norvegiensis	Eukaryota	Fungi	Ascomycota	Pezizomycetes	Pezizales	Morchellaceae	Morchella
Morchella_populiphila	Fungi	1174669	Morchella populiphila	Eukaryota	Fungi	Ascomycota	Pezizomycetes	Pezizales	Morchellaceae	Morchella
Morchella_prava	Fungi	1174674	Morchella prava	Eukaryota	Fungi	Ascomycota	Pezizomycetes	Pezizales	Morchellaceae	Morchella
Morchella_pulchella	Fungi	1579549	Morchella pulchella	Eukaryota	Fungi	Ascomycota	Pezizomycetes	Pezizales	Morchellaceae	Morchella
Morchella_punctipes	Fungi	743780	Morchella punctipes	Eukaryota	Fungi	Ascomycota	Pezizomycetes	Pezizales	Morchellaceae	Morchella
Morchella_sextelata	Fungi	1174677	Morchella sextelata	Eukaryota	Fungi	Ascomycota	Pezizomycetes	Pezizales	Morchellaceae	Morchella
Morchella_snyderi	Fungi	1174678	Morchella snyderi	Eukaryota	Fungi	Ascomycota	Pezizomycetes	Pezizales	Morchellaceae	Morchella
Morchella_steppicola	Fungi	743781	Morchella steppicola	Eukaryota	Fungi	Ascomycota	Pezizomycetes	Pezizales	Morchellaceae	Morchella
Morella_rubra	angiosperms	262757	Morella rubra	Eukaryota	Viridiplantae	Streptophyta	Magnoliopsida	Fagales	Myricaceae	Morella
Morlockia_williamsi	Metazoa	1017258	Morlockia williamsi	Eukaryota	Metazoa	Arthropoda	Remipedia	Nectiopoda	Morlockiidae	Morlockia
Mortierella_alpina	Fungi	64518	Mortierella alpina	Eukaryota	Fungi	Mortierellomycota	Mortierellomycetes	Mortierellales	Mortierellaceae	Mortierella
Mortierella_antarctica	Fungi	979670	Mortierella antarctica	Eukaryota	Fungi	Mortierellomycota	Mortierellomycetes	Mortierellales	Mortierellaceae	Mortierella
Mortierella_claussenii	Fungi	1343614	Mortierella claussenii	Eukaryota	Fungi	Mortierellomycota	Mortierellomycetes	Mortierellales	Mortierellaceae	Mortierella
Mortierella_hygrophila	Fungi	979708	Mortierella hygrophila	Eukaryota	Fungi	Mortierellomycota	Mortierellomycetes	Mortierellales	Mortierellaceae	Mortierella
Mortierella_polycephala	Fungi	41804	Mortierella polycephala	Eukaryota	Fungi	Mortierellomycota	Mortierellomycetes	Mortierellales	Mortierellaceae	Mortierella
Morus_notabilis	angiosperms	981085	Morus notabilis	Eukaryota	Viridiplantae	Streptophyta	Magnoliopsida	Rosales	Moraceae	Morus
Mourgona_sp.5	Metazoa	2916548	Mourgona sp. 5 KMK-2022	Eukaryota	Metazoa	Mollusca	Gastropoda		Caliphyllidae	Mourgona
Mrakia_frigida	Fungi	29902	Mrakia frigida	Eukaryota	Fungi	Basidiomycota	Tremellomycetes	Cystofilobasidiales	Mrakiaceae	Mrakia
Mucidula_mucida	Fungi	139077	Mucidula mucida	Eukaryota	Fungi	Basidiomycota	Agaricomycetes	Agaricales	Physalacriaceae	Mucidula
Mucor_ambiguus	Fungi	91626	Mucor ambiguus	Eukaryota	Fungi	Mucoromycota	Mucoromycetes	Mucorales	Mucoraceae	Mucor
Mucor_atramentarius	Fungi	2021224	Mucor atramentarius	Eukaryota	Fungi	Mucoromycota	Mucoromycetes	Mucorales	Mucoraceae	Mucor
Mucor_bainieri	Fungi	1095379	Mucor bainieri	Eukaryota	Fungi	Mucoromycota	Mucoromycetes	Mucorales	Mucoraceae	Mucor
Mucor_circinelloides	Fungi	36080	Mucor circinelloides	Eukaryota	Fungi	Mucoromycota	Mucoromycetes	Mucorales	Mucoraceae	Mucor
Mucor_flavus	Fungi	439312	Mucor flavus	Eukaryota	Fungi	Mucoromycota	Mucoromycetes	Mucorales	Mucoraceae	Mucor
Mucor_fragilis	Fungi	64491	Mucor fragilis	Eukaryota	Fungi	Mucoromycota	Mucoromycetes	Mucorales	Mucoraceae	Mucor
Mucor_hiemalis	Fungi	64493	Mucor hiemalis	Eukaryota	Fungi	Mucoromycota	Mucoromycetes	Mucorales	Mucoraceae	Mucor
Mucor_lusitanicus	Fungi	29924	Mucor lusitanicus	Eukaryota	Fungi	Mucoromycota	Mucoromycetes	Mucorales	Mucoraceae	Mucor
Mucor_mucedo	Fungi	29922	Mucor mucedo	Eukaryota	Fungi	Mucoromycota	Mucoromycetes	Mucorales	Mucoraceae	Mucor
Mucor_plumbeus	Fungi	97098	Mucor plumbeus	Eukaryota	Fungi	Mucoromycota	Mucoromycetes	Mucorales	Mucoraceae	Mucor
Mucor_saturninus	Fungi	64648	Mucor saturninus	Eukaryota	Fungi	Mucoromycota	Mucoromycetes	Mucorales	Mucoraceae	Mucor
Mucor_velutinosus	Fungi	708070	Mucor velutinosus	Eukaryota	Fungi	Mucoromycota	Mucoromycetes	Mucorales	Mucoraceae	Mucor
Multifurca_ochricompacta	Fungi	376703	Multifurca ochricompacta	Eukaryota	Fungi	Basidiomycota	Agaricomycetes	Russulales	Russulaceae	Multifurca
Mus_musculus	Metazoa	10090	Mus musculus	Eukaryota	Metazoa	Chordata	Mammalia	Rodentia	Muridae	Mus
Musa_acuminata	angiosperms	214697	Musa acuminata AAA Group	Eukaryota	Viridiplantae	Streptophyta	Magnoliopsida	Zingiberales	Musaceae	Musa
Musa_balbisiana	angiosperms	52838	Musa balbisiana	Eukaryota	Viridiplantae	Streptophyta	Magnoliopsida	Zingiberales	Musaceae	Musa
Musa_banksii	angiosperms	213591	Musa banksii	Eukaryota	Viridiplantae	Streptophyta	Magnoliopsida	Zingiberales	Musaceae	Musa
Musa_textilis	angiosperms	228183	Musa textilis	Eukaryota	Viridiplantae	Streptophyta	Magnoliopsida	Zingiberales	Musaceae	Musa
Musa_troglodytarum	angiosperms	320322	Musa troglodytarum	Eukaryota	Viridiplantae	Streptophyta	Magnoliopsida	Zingiberales	Musaceae	Musa
Mya_arenaria	Metazoa	6604	Mya arenaria	Eukaryota	Metazoa	Mollusca	Bivalvia	Myida	Myidae	Mya
Mycena_albidolilacea	Fungi	1033008	Mycena albidolilacea	Eukaryota	Fungi	Basidiomycota	Agaricomycetes	Agaricales	Mycenaceae	Mycena
Mycena_alexandri	Fungi	1745969	Mycena alexandri	Eukaryota	Fungi	Basidiomycota	Agaricomycetes	Agaricales	Mycenaceae	Mycena
Mycena_amicta	Fungi	380012	Mycena amicta	Eukaryota	Fungi	Basidiomycota	Agaricomycetes	Agaricales	Mycenaceae	Mycena
Mycena_belliarum	Fungi	1033014	Mycena belliarum	Eukaryota	Fungi	Basidiomycota	Agaricomycetes	Agaricales	Mycenaceae	Mycena
Mycena_capillaripes	Fungi	230804	Mycena capillaripes	Eukaryota	Fungi	Basidiomycota	Agaricomycetes	Agaricales	Mycenaceae	Mycena
Mycena_chlorophos	Fungi	658473	Mycena chlorophos	Eukaryota	Fungi	Basidiomycota	Agaricomycetes	Agaricales	Mycenaceae	Mycena
Mycena_citricolor	Fungi	2018698	Mycena citricolor	Eukaryota	Fungi	Basidiomycota	Agaricomycetes	Agaricales	Mycenaceae	Mycena
Mycena_crocata	Fungi	220801	Mycena crocata	Eukaryota	Fungi	Basidiomycota	Agaricomycetes	Agaricales	Mycenaceae	Mycena
Mycena_epipterygia	Fungi	230806	Mycena epipterygia	Eukaryota	Fungi	Basidiomycota	Agaricomycetes	Agaricales	Mycenaceae	Mycena
Mycena_filopes	Fungi	858877	Mycena filopes	Eukaryota	Fungi	Basidiomycota	Agaricomycetes	Agaricales	Mycenaceae	Mycena
Mycena_floridula	Fungi	1033242	Mycena floridula	Eukaryota	Fungi	Basidiomycota	Agaricomycetes	Agaricales	Mycenaceae	Mycena
Mycena_galopus_ATCC_62051	Fungi	1314675	Mycena galopus ATCC 62051	Eukaryota	Fungi	Basidiomycota	Agaricomycetes	Agaricales	Mycenaceae	Mycena
Mycena_haematopus	Fungi	230807	Mycena haematopus	Eukaryota	Fungi	Basidiomycota	Agaricomycetes	Agaricales	Mycenaceae	Mycena
Mycena_indigotica	Fungi	2126181	Mycena indigotica	Eukaryota	Fungi	Basidiomycota	Agaricomycetes	Agaricales	Mycenaceae	Mycena
Mycena_kentingensis_(nom._inval.)	Fungi	1325293	Mycena kentingensis (nom. inval.)	Eukaryota	Fungi	Basidiomycota	Agaricomycetes	Agaricales	Mycenaceae	Mycena
Mycena_latifolia	Fungi	1033247	Mycena latifolia	Eukaryota	Fungi	Basidiomycota	Agaricomycetes	Agaricales	Mycenaceae	Mycena
Mycena_leptocephala	Fungi	230808	Mycena leptocephala	Eukaryota	Fungi	Basidiomycota	Agaricomycetes	Agaricales	Mycenaceae	Mycena
Mycena_maculata	Fungi	230809	Mycena maculata	Eukaryota	Fungi	Basidiomycota	Agaricomycetes	Agaricales	Mycenaceae	Mycena
Mycena_metata	Fungi	1033252	Mycena metata	Eukaryota	Fungi	Basidiomycota	Agaricomycetes	Agaricales	Mycenaceae	Mycena
Mycena_olivaceomarginata	Fungi	230810	Mycena olivaceomarginata	Eukaryota	Fungi	Basidiomycota	Agaricomycetes	Agaricales	Mycenaceae	Mycena
Mycena_polygramma	Fungi	230801	Mycena polygramma	Eukaryota	Fungi	Basidiomycota	Agaricomycetes	Agaricales	Mycenaceae	Mycena
Mycena_pura	Fungi	153505	Mycena pura	Eukaryota	Fungi	Basidiomycota	Agaricomycetes	Agaricales	Mycenaceae	Mycena
Mycena_rebaudengoi	Fungi	1045383	Mycena rebaudengoi	Eukaryota	Fungi	Basidiomycota	Agaricomycetes	Agaricales	Mycenaceae	Mycena
Mycena_rosella	Fungi	1033263	Mycena rosella	Eukaryota	Fungi	Basidiomycota	Agaricomycetes	Agaricales	Mycenaceae	Mycena
Mycena_sanguinolenta	Fungi	230812	Mycena sanguinolenta	Eukaryota	Fungi	Basidiomycota	Agaricomycetes	Agaricales	Mycenaceae	Mycena
Mycena_venus	Fungi	2733690	Mycena venus	Eukaryota	Fungi	Basidiomycota	Agaricomycetes	Agaricales	Mycenaceae	Mycena
Mycena_vitilis	Fungi	1033281	Mycena vitilis	Eukaryota	Fungi	Basidiomycota	Agaricomycetes	Agaricales	Mycenaceae	Mycena
Mycena_vulgaris	Fungi	1033282	Mycena vulgaris	Eukaryota	Fungi	Basidiomycota	Agaricomycetes	Agaricales	Mycenaceae	Mycena
Mycoblastus_sanguinarius	Fungi	312200	Mycoblastus sanguinarius	Eukaryota	Fungi	Ascomycota	Lecanoromycetes	Lecanorales	Mycoblastaceae	Mycoblastus
Mycoemilia_scoparia	Fungi	417184	Mycoemilia scoparia	Eukaryota	Fungi	Kickxellomycota	Kickxellomycetes	Kickxellales	Kickxellaceae	Mycoemilia
Mycosarcoma_maydis	Fungi	5270	Mycosarcoma maydis	Eukaryota	Fungi	Basidiomycota	Ustilaginomycetes	Ustilaginales		Mycosarcoma
Mycothermus_thermophilus	Fungi	85995	Mycothermus thermophilus	Eukaryota	Fungi	Ascomycota	Sordariomycetes	Sordariales	Chaetomiaceae	Mycothermus
Mycotypha_africana	Fungi	64632	Mycotypha africana	Eukaryota	Fungi	Mucoromycota	Mucoromycetes	Mucorales	Mycotyphaceae	Mycotypha
Mylnosiga_fluctuans	Protists	1928486	Mylnosiga fluctuans	Eukaryota			Choanoflagellata	Craspedida	Salpingoecidae	Mylnosiga
Myriangium_duriaei_CBS_260.36	Fungi	1168546	Myriangium duriaei CBS 260.36	Eukaryota	Fungi	Ascomycota	Dothideomycetes	Myriangiales	Myriangiaceae	Myriangium
Myriochele_heeri	Metazoa	1977846	Myriochele heeri	Eukaryota	Metazoa	Annelida	Polychaeta	Sabellida	Oweniidae	Myriochele
Myripristis_murdjan	Metazoa	586833	Myripristis murdjan	Eukaryota	Metazoa	Chordata	Actinopteri	Holocentriformes	Holocentridae	Myripristis
Myrmecia_bisecta	chlorophyta	41462	[Myrmecia] bisecta	Eukaryota	Viridiplantae	Chlorophyta	Trebouxiophyceae	Trebouxiales	Trebouxiaceae	Myrmecia
Myrothamnus_flabellifolius	angiosperms	83223	Myrothamnus flabellifolius	Eukaryota	Viridiplantae	Streptophyta	Magnoliopsida	Gunnerales	Myrothamnaceae	Myrothamnus
Mysmena_leichhardti	Metazoa	926011	Mysmena leichhardti	Eukaryota	Metazoa	Arthropoda	Arachnida	Araneae	Mysmenidae	Mysmena
Mytilinidion_resinicola	Fungi	574789	Mytilinidion resinicola	Eukaryota	Fungi	Ascomycota	Dothideomycetes	Mytilinidiales	Mytilinidiaceae	Mytilinidion
Mytilus_unguiculatus	Metazoa	42192	Mytilus coruscus	Eukaryota	Metazoa	Mollusca	Bivalvia	Mytilida	Mytilidae	Mytilus
Myxicola_infundibulum	Metazoa	76264	Myxicola infundibulum	Eukaryota	Metazoa	Annelida	Polychaeta	Sabellida	Sabellidae	Myxicola
Myxozyma_melibiosi	Fungi	54550	Myxozyma melibiosi	Eukaryota	Fungi	Ascomycota	Lipomycetes	Lipomycetales	Lipomycetaceae	Myxozyma
Nadsonia_fulvescens_var._elongata_DSM_6958	Fungi	857566	Nadsonia fulvescens var. elongata DSM 6958	Eukaryota	Fungi	Ascomycota	Dipodascomycetes	Dipodascales		Nadsonia
Naematelia_encephala	Fungi	71784	Naematelia encephala	Eukaryota	Fungi	Basidiomycota	Tremellomycetes	Tremellales	Naemateliaceae	Naematelia
Naganishia_cerealis	Fungi	610337	Naganishia cerealis	Eukaryota	Fungi	Basidiomycota	Tremellomycetes	Filobasidiales	Filobasidiaceae	Naganishia
Naganishia_friedmannii	Fungi	89922	Naganishia friedmannii	Eukaryota	Fungi	Basidiomycota	Tremellomycetes	Filobasidiales	Filobasidiaceae	Naganishia
Naganishia_liquefaciens	Fungi	104408	Naganishia liquefaciens	Eukaryota	Fungi	Basidiomycota	Tremellomycetes	Filobasidiales	Filobasidiaceae	Naganishia
Naganishia_onofrii	Fungi	1851511	Naganishia onofrii	Eukaryota	Fungi	Basidiomycota	Tremellomycetes	Filobasidiales	Filobasidiaceae	Naganishia
Naganishia_vaughanmartiniae	Fungi	1424756	Naganishia vaughanmartiniae	Eukaryota	Fungi	Basidiomycota	Tremellomycetes	Filobasidiales	Filobasidiaceae	Naganishia
Naineris_dendritica	Metazoa	273009	Theodisca dendritica	Eukaryota	Metazoa	Annelida	Polychaeta		Orbiniidae	Theodisca
Nakaseomyces_bracarensis	Fungi	273131	Nakaseomyces bracarensis	Eukaryota	Fungi	Ascomycota	Saccharomycetes	Saccharomycetales	Saccharomycetaceae	Nakaseomyces
Nakaseomyces_glabratus	Fungi	5478	Nakaseomyces glabratus	Eukaryota	Fungi	Ascomycota	Saccharomycetes	Saccharomycetales	Saccharomycetaceae	Nakaseomyces
Nannizzia_gypsea_CBS_118893	Fungi	535722	Nannizzia gypsea CBS 118893	Eukaryota	Fungi	Ascomycota	Eurotiomycetes	Onygenales	Arthrodermataceae	Nannizzia
Nannochloropsis_gaditana_CCMP526	Protists	1093141	Nannochloropsis gaditana CCMP526	Eukaryota			Eustigmatophyceae	Eustigmatales	Monodopsidaceae	Nannochloropsis
Nannochloropsis_salina_CCMP1776	Protists	1027361	Nannochloropsis salina CCMP1776	Eukaryota			Eustigmatophyceae	Eustigmatales	Monodopsidaceae	Microchloropsis
Nasonia_vitripennis	Metazoa	7425	Nasonia vitripennis	Eukaryota	Metazoa	Arthropoda	Insecta	Hymenoptera	Pteromalidae	Nasonia
Naumovozyma_castellii	Fungi	27288	Naumovozyma castellii	Eukaryota	Fungi	Ascomycota	Saccharomycetes	Saccharomycetales	Saccharomycetaceae	Naumovozyma
Naumovozyma_dairenensis_CBS_421	Fungi	1071378	Naumovozyma dairenensis CBS 421	Eukaryota	Fungi	Ascomycota	Saccharomycetes	Saccharomycetales	Saccharomycetaceae	Naumovozyma
Nautilus_pompilius	Metazoa	34573	Nautilus pompilius	Eukaryota	Metazoa	Mollusca	Cephalopoda	Nautilida	Nautilidae	Nautilus
Nebalia_bipes	Metazoa	1032909	Nebalia bipes	Eukaryota	Metazoa	Arthropoda	Malacostraca	Leptostraca	Nebaliidae	Nebalia
Nectonema_munidae	Metazoa	2528854	Nectonema munidae	Eukaryota	Metazoa	Nematomorpha	Nectonematoida		Nectonematidae	Nectonema
Neltuma_alba	angiosperms	207710	Neltuma alba	Eukaryota	Viridiplantae	Streptophyta	Magnoliopsida	Fabales	Fabaceae	Neltuma
Nelumbo_nucifera	angiosperms	4432	Nelumbo nucifera	Eukaryota	Viridiplantae	Streptophyta	Magnoliopsida	Proteales	Nelumbonaceae	Nelumbo
Nemania_abortiva	Fungi	561989	Nemania abortiva	Eukaryota	Fungi	Ascomycota	Sordariomycetes	Xylariales	Xylariaceae	Nemania
Nemania_bipapillata	Fungi	110536	Nemania bipapillata	Eukaryota	Fungi	Ascomycota	Sordariomycetes	Xylariales	Xylariaceae	Nemania
Nemania_serpens	Fungi	109381	Nemania serpens	Eukaryota	Fungi	Ascomycota	Sordariomycetes	Xylariales	Xylariaceae	Nemania
Nemastomella_dubia	Metazoa	43287	Nemastomella dubia	Eukaryota	Metazoa	Arthropoda	Arachnida	Opiliones	Nemastomatidae	Nemastomella
Nematocida_ausubeli	Fungi	1913371	Nematocida ausubeli	Eukaryota	Fungi	Microsporidia				Nematocida
Nematocida_displodere	Fungi	1805483	Nematocida displodere	Eukaryota	Fungi	Microsporidia				Nematocida
Nematocida_homosporus	Fungi	1912981	Nematocida homosporus	Eukaryota	Fungi	Microsporidia				Nematocida
Nematocida_major	Fungi	1912982	Nematocida major	Eukaryota	Fungi	Microsporidia				Nematocida
Nematocida_minor	Fungi	1912983	Nematocida minor	Eukaryota	Fungi	Microsporidia				Nematocida
Nematocida_parisii_ERTm1	Fungi	881290	Nematocida parisii ERTm1	Eukaryota	Fungi	Microsporidia				Nematocida
Nematolebias_whitei	Metazoa	451745	Nematolebias whitei	Eukaryota	Metazoa	Chordata	Actinopteri	Cyprinodontiformes	Rivulidae	Nematolebias
Nematoplana_coelogynoporoides	Metazoa	66743	Nematoplana coelogynoporoides	Eukaryota	Metazoa	Platyhelminthes		Proseriata	Nematoplanidae	Nematoplana
Nematostella_vectensis	Metazoa	45351	Nematostella vectensis	Eukaryota	Metazoa	Cnidaria	Anthozoa	Actiniaria	Edwardsiidae	Nematostella
Nemertoderma_westbladi	Metazoa	172109	Nemertoderma westbladi	Eukaryota	Metazoa	Xenacoelomorpha		Nemertodermatida	Nemertodermatidae	Nemertoderma
Nemophora_degeerella	Metazoa	233164	Nemophora degeerella	Eukaryota	Metazoa	Arthropoda	Insecta	Lepidoptera	Adelidae	Nemophora
Neoamphitrite_robusta	Metazoa	868091	Neoamphitrite robusta	Eukaryota	Metazoa	Annelida	Polychaeta	Terebellida	Terebellidae	Neoamphitrite
Neoarthrinium_moseri	Fungi	1658444	Neoarthrinium moseri	Eukaryota	Fungi	Ascomycota	Sordariomycetes	Amphisphaeriales	Apiosporaceae	Neoarthrinium
Neocallimastix_californiae	Fungi	1754190	Neocallimastix californiae	Eukaryota	Fungi	Neocallimastigomycota	Neocallimastigomycetes	Neocallimastigales	Neocallimastigaceae	Neocallimastix
Neocallimastix_lanati_(nom._inval.)	Fungi	2767002	Neocallimastix lanati (nom. inval.)	Eukaryota	Fungi	Neocallimastigomycota	Neocallimastigomycetes	Neocallimastigales	Neocallimastigaceae	Neocallimastix
Neocaridina_davidi	Metazoa	1592667	Neocaridina davidi	Eukaryota	Metazoa	Arthropoda	Malacostraca	Decapoda	Atyidae	Neocaridina
Neocaridina_denticulata	Metazoa	274642	Neocaridina denticulata	Eukaryota	Metazoa	Arthropoda	Malacostraca	Decapoda	Atyidae	Neocaridina
Neocarus_sp._MCZ_IZ_162194	Metazoa	2900495	Neocarus sp. MCZ IZ 162194	Eukaryota	Metazoa	Arthropoda	Arachnida	Opilioacarida	Opilioacaridae	Neocarus
Neochildia_fusca	Metazoa	66402	Neochildia fusca	Eukaryota	Metazoa	Xenacoelomorpha		Acoela	Anaperidae	Neochildia
Neoconidiobolus_thromboides_FSU_785	Fungi	1314799	Neoconidiobolus thromboides FSU 785	Eukaryota	Fungi	Entomophthoromycota	Entomophthoromycetes	Entomophthorales	Neoconidiobolaceae	Neoconidiobolus
Neocucurbitaria_cava	Fungi	798079	Neocucurbitaria cava	Eukaryota	Fungi	Ascomycota	Dothideomycetes	Pleosporales	Cucurbitariaceae	Neocucurbitaria
Neodothiora_populina	Fungi	2781224	Neodothiora populina	Eukaryota	Fungi	Ascomycota	Dothideomycetes	Dothideales	Dothioraceae	Neodothiora
Neofusicoccum_ribis	Fungi	45134	Neofusicoccum ribis	Eukaryota	Fungi	Ascomycota	Dothideomycetes	Botryosphaeriales	Botryosphaeriaceae	Neofusicoccum
Neohortaea_acidophila	Fungi	245834	Neohortaea acidophila	Eukaryota	Fungi	Ascomycota	Dothideomycetes	Mycosphaerellales	Teratosphaeriaceae	Neohortaea
Neolecta_irregularis_DAH-3	Fungi	1198029	Neolecta irregularis DAH-3	Eukaryota	Fungi	Ascomycota	Neolectomycetes	Neolectales	Neolectaceae	Neolecta
Neolecta_irregularis_DAH3	Fungi	1198029	Neolecta irregularis DAH-3	Eukaryota	Fungi	Ascomycota	Neolectomycetes	Neolectales	Neolectaceae	Neolecta
Neolentinus_lepideus_HHB14362_ss-1	Fungi	1314782	Neolentinus lepideus HHB14362 ss-1	Eukaryota	Fungi	Basidiomycota	Agaricomycetes	Gloeophyllales	Gloeophyllaceae	Neolentinus
Neolentinus_lepideus_HHB14362_ss1	Fungi	1314782	Neolentinus lepideus HHB14362 ss-1	Eukaryota	Fungi	Basidiomycota	Agaricomycetes	Gloeophyllales	Gloeophyllaceae	Neolentinus
Neonectria_magnoliae	Fungi	2732573	Neonectria magnoliae	Eukaryota	Fungi	Ascomycota	Sordariomycetes	Hypocreales	Nectriaceae	Neonectria
Neonectria_punicea	Fungi	979145	Neonectria punicea	Eukaryota	Fungi	Ascomycota	Sordariomycetes	Hypocreales	Nectriaceae	Neonectria
Neopestalotiopsis_clavispora	Fungi	289240	Neopestalotiopsis clavispora	Eukaryota	Fungi	Ascomycota	Sordariomycetes	Amphisphaeriales	Sporocadaceae	Neopestalotiopsis
Neophaeococcomyces_mojaviensis	Fungi	3383035	Neophaeococcomyces mojaviensis	Eukaryota	Fungi	Ascomycota	Eurotiomycetes	Chaetothyriales		Neophaeococcomyces
Neophaeotheca_triangularis	Fungi	92988	Neophaeotheca triangularis	Eukaryota	Fungi	Ascomycota	Dothideomycetes	Neophaeothecales	Neophaeothecaceae	Neophaeotheca
Neosarmatium_indicum	Metazoa	2870673	Neosarmatium indicum	Eukaryota	Metazoa	Arthropoda	Malacostraca	Decapoda	Sesarmidae	Neosarmatium
Neoscona_arabesca	Metazoa	336594	Neoscona arabesca	Eukaryota	Metazoa	Arthropoda	Arachnida	Araneae	Araneidae	Neoscona
Neospora_caninum_Liverpool	Protists	29176	Neospora caninum	Eukaryota		Apicomplexa	Conoidasida	Eucoccidiorida	Sarcocystidae	Neospora
Nepenthes_gracilis	angiosperms	150966	Nepenthes gracilis	Eukaryota	Viridiplantae	Streptophyta	Magnoliopsida	Caryophyllales	Nepenthaceae	Nepenthes
Nephroselmis_pyriformis	chlorophyta	156128	Nephroselmis pyriformis	Eukaryota	Viridiplantae	Chlorophyta	Nephroselmidophyceae	Nephroselmidales	Nephroselmidaceae	Nephroselmis
Nephtys_sp._ET-2021	Metazoa	2863093	Nephtys sp. ET-2021	Eukaryota	Metazoa	Annelida	Polychaeta	Phyllodocida	Nephtyidae	Nephtys
Nerita_albicilla	Metazoa	52928	Nerita albicilla	Eukaryota	Metazoa	Mollusca	Gastropoda	Cycloneritida	Neritidae	Nerita
Neritina_pulligera	Metazoa	537799	Neritina pulligera	Eukaryota	Metazoa	Mollusca	Gastropoda	Cycloneritida	Neritidae	Neritina
Neurospora_crassa_OR74A	Fungi	367110	Neurospora crassa OR74A	Eukaryota	Fungi	Ascomycota	Sordariomycetes	Sordariales	Sordariaceae	Neurospora
Neurospora_hispaniola	Fungi	588809	Neurospora hispaniola	Eukaryota	Fungi	Ascomycota	Sordariomycetes	Sordariales	Sordariaceae	Neurospora
Neurospora_tetrasperma_FGSC_2508	Fungi	510951	Neurospora tetrasperma FGSC 2508	Eukaryota	Fungi	Ascomycota	Sordariomycetes	Sordariales	Sordariaceae	Neurospora
Neurospora_tetraspora	Fungi	94610	Neurospora tetraspora	Eukaryota	Fungi	Ascomycota	Sordariomycetes	Sordariales	Sordariaceae	Neurospora
Newportia_adisi	Metazoa	1418190	Newportia adisi	Eukaryota	Metazoa	Arthropoda	Chilopoda	Scolopendromorpha	Scolopocryptopidae	Newportia
Nicodamidae_sp._2_RK-2018	Metazoa	2080922	Nicodamidae sp. 2 RK-2018	Eukaryota	Metazoa	Arthropoda	Arachnida	Araneae	Nicodamidae	
Nicotiana_attenuata	angiosperms	49451	Nicotiana attenuata	Eukaryota	Viridiplantae	Streptophyta	Magnoliopsida	Solanales	Solanaceae	Nicotiana
Nicotiana_benthamiana	angiosperms	4100	Nicotiana benthamiana	Eukaryota	Viridiplantae	Streptophyta	Magnoliopsida	Solanales	Solanaceae	Nicotiana
Nicotiana_sylvestris	angiosperms	4096	Nicotiana sylvestris	Eukaryota	Viridiplantae	Streptophyta	Magnoliopsida	Solanales	Solanaceae	Nicotiana
Nicotiana_tabacum	angiosperms	4097	Nicotiana tabacum	Eukaryota	Viridiplantae	Streptophyta	Magnoliopsida	Solanales	Solanaceae	Nicotiana
Nicotiana_tomentosiformis	angiosperms	4098	Nicotiana tomentosiformis	Eukaryota	Viridiplantae	Streptophyta	Magnoliopsida	Solanales	Solanaceae	Nicotiana
Nilaparvata_lugens	Metazoa	108931	Nilaparvata lugens	Eukaryota	Metazoa	Arthropoda	Insecta	Hemiptera	Delphacidae	Nilaparvata
Ninoe_nigripes	Metazoa	318790	Ninoe nigripes	Eukaryota	Metazoa	Annelida	Polychaeta	Eunicida	Lumbrineridae	Ninoe
Niphargus_hrabei	Metazoa	556197	Niphargus hrabei	Eukaryota	Metazoa	Arthropoda	Malacostraca	Amphipoda	Niphargidae	Niphargus
Niphotrichum_japonicum	bryophytes	254109	Niphotrichum japonicum	Eukaryota	Viridiplantae	Streptophyta	Bryopsida	Grimmiales	Grimmiaceae	Niphotrichum
Niponia_nodulosa	Metazoa	1325555	Niponia nodulosa	Eukaryota	Metazoa	Arthropoda	Diplopoda	Polydesmida	Cryptodesmidae	Niponia
Nipponacmea_fuscoviridis	Metazoa	225302	Nipponacmea fuscoviridis	Eukaryota	Metazoa	Mollusca	Gastropoda		Lottiidae	Nipponacmea
Nipponentomon_nippon	Metazoa	1314697	Nipponentomon nippon	Eukaryota	Metazoa	Arthropoda	Protura	Acerentomata	Acerentomidae	Nipponentomon
Nitzschia_inconspicua	Protists	303405	Nitzschia inconspicua	Eukaryota		Bacillariophyta	Bacillariophyceae	Bacillariales	Bacillariaceae	Nitzschia
Niveomyces_insectorum_RCEF_264	Fungi	1081102	Niveomyces insectorum RCEF 264	Eukaryota	Fungi	Ascomycota	Sordariomycetes	Hypocreales	Cordycipitaceae	Niveomyces
Noccaea_brachypetala	angiosperms	1520948	Noccaea brachypetala	Eukaryota	Viridiplantae	Streptophyta	Magnoliopsida	Brassicales	Brassicaceae	Noccaea
Noccaea_rotundifolia	angiosperms	1230357	Noccaea rotundifolia	Eukaryota	Viridiplantae	Streptophyta	Magnoliopsida	Brassicales	Brassicaceae	Noccaea
Norana_najaformis	Metazoa	991102	Norana najaformis	Eukaryota	Metazoa	Annelida	Clitellata	Crassiclitellata	Hormogastridae	Norana
Nosema_bombycis_CQ1	Fungi	578461	Nosema bombycis CQ1	Eukaryota	Fungi	Microsporidia			Nosematidae	Nosema
Nosema_granulosis	Fungi	83296	Nosema granulosis	Eukaryota	Fungi	Microsporidia			Nosematidae	Nosema
Nothophoma_quercina	Fungi	749835	Nothophoma quercina	Eukaryota	Fungi	Ascomycota	Dothideomycetes	Pleosporales	Didymellaceae	Nothophoma
Nothrus_palustris	Metazoa	198293	Nothrus palustris	Eukaryota	Metazoa	Arthropoda	Arachnida	Sarcoptiformes	Nothridae	Nothrus
Notiphilides_grandis	Metazoa	1816494	Notiphilides grandis	Eukaryota	Metazoa	Arthropoda	Chilopoda	Geophilomorpha	Oryidae	Notiphilides
Notodromas_monacha	Metazoa	399045	Notodromas monacha	Eukaryota	Metazoa	Arthropoda	Ostracoda	Podocopida	Cyprididae	Notodromas
Notospermus_geniculatus	Metazoa	416868	Notospermus geniculatus	Eukaryota	Metazoa	Nemertea	Pilidiophora	Heteronemertea	Lineidae	Notospermus
Notostira_elongata	Metazoa	537464	Notostira elongata	Eukaryota	Metazoa	Arthropoda	Insecta	Hemiptera	Miridae	Notostira
Notothylas_orbicularis	bryophytes	93617	Notothylas orbicularis	Eukaryota	Viridiplantae	Streptophyta	Anthocerotopsida	Notothyladales	Notothyladaceae	Notothylas
Novanapis_sp._RK-2018	Metazoa	2080923	Novanapis sp. RK-2018	Eukaryota	Metazoa	Arthropoda	Arachnida	Araneae	Anapidae	Novanapis
Novocrania_anomala	Metazoa	317945	Novocrania anomala	Eukaryota	Metazoa	Brachiopoda	Craniata	Craniida	Craniidae	Novocrania
Nuclearia_delicatula	Metazoa	154968	Nuclearia delicatula	Eukaryota				Rotosphaerida	Nucleariidae	Nuclearia
Nucleospora_cyclopteri	Fungi	1300064	Nucleospora cyclopteri	Eukaryota	Fungi	Microsporidia			Enterocytozoonidae	Nucleospora
Nucula_tumidula	Metazoa	437803	Nucula tumidula	Eukaryota	Metazoa	Mollusca	Bivalvia	Nuculida	Nuculidae	Nucula
Nuttallochiton_mirandus	Metazoa	256062	Nuttallochiton mirandus	Eukaryota	Metazoa	Mollusca	Polyplacophora	Chitonida	Mopaliidae	Nuttallochiton
Nylanderia_fulva	Metazoa	613905	Nylanderia fulva	Eukaryota	Metazoa	Arthropoda	Insecta	Hymenoptera	Formicidae	Nylanderia
Nymphaea_colorata	angiosperms	210225	Nymphaea colorata	Eukaryota	Viridiplantae	Streptophyta	Magnoliopsida	Nymphaeales	Nymphaeaceae	Nymphaea
Nymphaea_thermarum	angiosperms	419125	Nymphaea thermarum	Eukaryota	Viridiplantae	Streptophyta	Magnoliopsida	Nymphaeales	Nymphaeaceae	Nymphaea
Nymphon_gracile	Metazoa	136195	Nymphon gracile	Eukaryota	Metazoa	Arthropoda	Pycnogonida	Pantopoda	Nymphonidae	Nymphon
Nymphon_molleri	Metazoa	2138377	Nymphon molleri	Eukaryota	Metazoa	Arthropoda	Pycnogonida	Pantopoda	Nymphonidae	Nymphon
Nyssa_sinensis	angiosperms	561372	Nyssa sinensis	Eukaryota	Viridiplantae	Streptophyta	Magnoliopsida	Cornales	Nyssaceae	Nyssa
Oasisia_alvinae	Metazoa	53619	Oasisia alvinae	Eukaryota	Metazoa	Annelida	Polychaeta	Sabellida	Siboglinidae	Oasisia
Obama_braunsi	Metazoa	1336527	Obama braunsi	Eukaryota	Metazoa	Platyhelminthes		Tricladida	Geoplanidae	Obama
Obama_carinata	Metazoa	1336530	Obama carinata	Eukaryota	Metazoa	Platyhelminthes		Tricladida	Geoplanidae	Obama
Obama_nungara	Metazoa	1826298	Obama nungara	Eukaryota	Metazoa	Platyhelminthes		Tricladida	Geoplanidae	Obama
Obba_rivulosa	Fungi	1052685	Obba rivulosa	Eukaryota	Fungi	Basidiomycota	Agaricomycetes	Polyporales	Gelatoporiaceae	Obba
Obelidium_mucronatum	Fungi	110081	Obelidium mucronatum	Eukaryota	Fungi	Chytridiomycota	Chytridiomycetes	Chytridiales	Chytriomycetaceae	Obelidium
Occasjapyx_japonicus	Metazoa	289462	Occasjapyx japonicus	Eukaryota	Metazoa	Arthropoda	Diplura	Dicellurata	Japygidae	Occasjapyx
Occiperipatoides_gilesii	Metazoa	1454325	Occiperipatoides gilesii	Eukaryota	Metazoa	Onychophora	Udeonychophora	Euonychophora	Peripatopsidae	Occiperipatoides
Ochyrocera_sp._RK-2018	Metazoa	2080925	Ochyrocera sp. RK-2018	Eukaryota	Metazoa	Arthropoda	Arachnida	Araneae	Ochyroceratidae	Ochyrocera
Octopoteuthis_deletron	Metazoa	1582096	Octopoteuthis deletron	Eukaryota	Metazoa	Mollusca	Cephalopoda	Oegopsida	Octopoteuthidae	Octopoteuthis
Octopus_bimaculoides	Metazoa	37653	Octopus bimaculoides	Eukaryota	Metazoa	Mollusca	Cephalopoda	Octopoda	Octopodidae	Octopus
Octopus_sinensis	Metazoa	2607531	Octopus sinensis	Eukaryota	Metazoa	Mollusca	Cephalopoda	Octopoda	Octopodidae	Octopus
Octostigma_sinensis	Metazoa	211997	Octostigma sinensis	Eukaryota	Metazoa	Arthropoda	Diplura	Rhabdura	Octostigmatidae	Octostigma
Oculimacula_yallundae	Fungi	86028	Oculimacula yallundae	Eukaryota	Fungi	Ascomycota	Leotiomycetes	Helotiales	Ploettnerulaceae	Oculimacula
Ocypode_ceratophthalmus	Metazoa	373423	Ocypode ceratophthalmus	Eukaryota	Metazoa	Arthropoda	Malacostraca	Decapoda	Ocypodidae	Ocypode
Oecobius_cellariorum	Metazoa	198414	Oecobius cellariorum	Eukaryota	Metazoa	Arthropoda	Arachnida	Araneae	Oecobiidae	Oecobius
Ogataea_angusta	Fungi	870730	Ogataea angusta	Eukaryota	Fungi	Ascomycota	Pichiomycetes	Pichiales	Pichiaceae	Ogataea
Ogataea_haglerorum	Fungi	1937702	Ogataea haglerorum	Eukaryota	Fungi	Ascomycota	Pichiomycetes	Pichiales	Pichiaceae	Ogataea
Ogataea_parapolymorpha_DL-1	Fungi	871575	Ogataea parapolymorpha DL-1	Eukaryota	Fungi	Ascomycota	Pichiomycetes	Pichiales	Pichiaceae	Ogataea
Ogataea_parapolymorpha_DL1	Fungi	871575	Ogataea parapolymorpha DL-1	Eukaryota	Fungi	Ascomycota	Pichiomycetes	Pichiales	Pichiaceae	Ogataea
Ogataea_philodendri	Fungi	1378263	Ogataea philodendri	Eukaryota	Fungi	Ascomycota	Pichiomycetes	Pichiales	Pichiaceae	Ogataea
Ogataea_polymorpha	Fungi	460523	Ogataea polymorpha	Eukaryota	Fungi	Ascomycota	Pichiomycetes	Pichiales	Pichiaceae	Ogataea
Oidiodendron_maius_Zn	Fungi	913774	Oidiodendron maius Zn	Eukaryota	Fungi	Ascomycota	Leotiomycetes		Myxotrichaceae	Oidiodendron
Oikopleura_dioica	Metazoa	34765	Oikopleura dioica	Eukaryota	Metazoa	Chordata	Appendicularia	Copelata	Oikopleuridae	Oikopleura
Olavius_sp._CE14538	Metazoa	2562122	Olavius sp. CE14538	Eukaryota	Metazoa	Annelida	Clitellata	Tubificida	Naididae	Olavius
Oldenlandia_corymbosa	angiosperms	529605	Oldenlandia corymbosa var. corymbosa	Eukaryota	Viridiplantae	Streptophyta	Magnoliopsida	Gentianales	Rubiaceae	Oldenlandia
Olea_europaea	angiosperms	158386	Olea europaea var. sylvestris	Eukaryota	Viridiplantae	Streptophyta	Magnoliopsida	Lamiales	Oleaceae	Olea
Olea_hansineensis	Metazoa	1522364	Olea hansineensis	Eukaryota	Metazoa	Mollusca	Gastropoda		Limapontiidae	Olea
Oleoguttula_mirabilis	Fungi	1507867	Oleoguttula mirabilis	Eukaryota	Fungi	Ascomycota	Dothideomycetes	Mycosphaerellales	Teratosphaeriaceae	Oleoguttula
Olpidium_bornovanus	Fungi	278681	Olpidium bornovanus	Eukaryota	Fungi	Olpidiomycota	Olpidiomycetes	Olpidiales	Olpidiaceae	Olpidium
Olyra_latifolia	angiosperms	38716	Olyra latifolia	Eukaryota	Viridiplantae	Streptophyta	Magnoliopsida	Poales	Poaceae	Olyra
Onchidella_floridana	Metazoa	259645	Onchidella floridana	Eukaryota	Metazoa	Mollusca	Gastropoda	Systellommatophora	Onchidiidae	Onchidella
Onchidium_reevesii	Metazoa	2547651	Onchidium reevesii	Eukaryota	Metazoa	Mollusca	Gastropoda	Systellommatophora	Onchidiidae	Onchidium
Onchidium_verrucosum	Metazoa	259646	Onchidium verrucosum	Eukaryota	Metazoa	Mollusca	Gastropoda	Systellommatophora	Onchidiidae	Onchidium
Oncomelania_hupensis	Metazoa	56141	Oncomelania hupensis	Eukaryota	Metazoa	Mollusca	Gastropoda	Littorinimorpha	Pomatiopsidae	Oncomelania
Onthophagus_taurus	Metazoa	166361	Onthophagus taurus	Eukaryota	Metazoa	Arthropoda	Insecta	Coleoptera	Scarabaeidae	Onthophagus
Onychoteuthis_banksii	Metazoa	392296	Onychoteuthis banksii	Eukaryota	Metazoa	Mollusca	Cephalopoda	Oegopsida	Onychoteuthidae	Onychoteuthis
Oopsacas_minuta	Metazoa	111878	Oopsacas minuta	Eukaryota	Metazoa	Porifera	Hexactinellida	Lyssacinosida	Leucopsacidae	Oopsacas
Ophelina_acuminata	Metazoa	190468	Ophelina acuminata	Eukaryota	Metazoa	Annelida	Polychaeta		Opheliidae	Ophelina
Ophidiomyces_ophidiicola	Fungi	1387563	Ophidiomyces ophidiicola	Eukaryota	Fungi	Ascomycota	Eurotiomycetes	Onygenales	Onygenaceae	Ophidiomyces
Ophiobolus_disseminans	Fungi	1469910	Ophiobolus disseminans	Eukaryota	Fungi	Ascomycota	Dothideomycetes	Pleosporales	Phaeosphaeriaceae	Ophiobolus
Ophiocordyceps_australis	Fungi	1399860	Ophiocordyceps australis	Eukaryota	Fungi	Ascomycota	Sordariomycetes	Hypocreales	Ophiocordycipitaceae	Ophiocordyceps
Ophiocordyceps_camponoti-floridani	Fungi	2030778	Ophiocordyceps camponoti-floridani	Eukaryota	Fungi	Ascomycota	Sordariomycetes	Hypocreales	Ophiocordycipitaceae	Ophiocordyceps
Ophiocordyceps_camponoti-leonardi_(nom._inval.)	Fungi									
Ophiocordyceps_camponoti-rufipedis	Fungi	2004952	Ophiocordyceps camponoti-rufipedis	Eukaryota	Fungi	Ascomycota	Sordariomycetes	Hypocreales	Ophiocordycipitaceae	Ophiocordyceps
Ophiocordyceps_camponoti-saundersi_(nom._inval.)	Fungi									
Ophiocordyceps_camponotifloridani	Fungi	2030778	Ophiocordyceps camponoti-floridani	Eukaryota	Fungi	Ascomycota	Sordariomycetes	Hypocreales	Ophiocordycipitaceae	Ophiocordyceps
Ophiocordyceps_camponotirufipedis	Fungi	2004952	Ophiocordyceps camponoti-rufipedis	Eukaryota	Fungi	Ascomycota	Sordariomycetes	Hypocreales	Ophiocordycipitaceae	Ophiocordyceps
Ophiocordyceps_polyrhachis-furcata_BCC_54312	Fungi	1330021	Ophiocordyceps polyrhachis-furcata BCC 54312	Eukaryota	Fungi	Ascomycota	Sordariomycetes	Hypocreales	Ophiocordycipitaceae	Ophiocordyceps
Ophiocordyceps_polyrhachisfurcata_BCC_54312	Fungi	1330021	Ophiocordyceps polyrhachis-furcata BCC 54312	Eukaryota	Fungi	Ascomycota	Sordariomycetes	Hypocreales	Ophiocordycipitaceae	Ophiocordyceps
Ophiocordyceps_sinensis	Fungi	72228	Ophiocordyceps sinensis	Eukaryota	Fungi	Ascomycota	Sordariomycetes	Hypocreales	Ophiocordycipitaceae	Ophiocordyceps
Ophiocordyceps_unilateralis	Fungi	268505	Ophiocordyceps unilateralis	Eukaryota	Fungi	Ascomycota	Sordariomycetes	Hypocreales	Ophiocordycipitaceae	Ophiocordyceps
Ophryotrocha_xiamen	Metazoa	2741705	Ophryotrocha xiamen	Eukaryota	Metazoa	Annelida	Polychaeta	Eunicida	Dorvilleidae	Ophryotrocha
Opilioacaridae_sp._CSL-2018	Metazoa	2480684	Opilioacaridae sp. CSL-2018	Eukaryota	Metazoa	Arthropoda	Arachnida	Opilioacarida	Opilioacaridae	
Opilioacarus_texanus	Metazoa	91343	Neocarus texanus	Eukaryota	Metazoa	Arthropoda	Arachnida	Opilioacarida	Opilioacaridae	Neocarus
Opisthopatus_kwazululandi	Metazoa	2448284	Opisthopatus kwazululandi	Eukaryota	Metazoa	Onychophora	Udeonychophora	Euonychophora	Peripatopsidae	Opisthopatus
Opopaea_sp._RK-2018	Metazoa	2080926	Opopaea sp. RK-2018	Eukaryota	Metazoa	Arthropoda	Arachnida	Araneae	Oonopidae	Opopaea
Oratosquilla_oratoria	Metazoa	337810	Oratosquilla oratoria	Eukaryota	Metazoa	Arthropoda	Malacostraca	Stomatopoda	Squillidae	Oratosquilla
Orbilia_blumenaviensis	Fungi	1796055	Orbilia blumenaviensis	Eukaryota	Fungi	Ascomycota	Orbiliomycetes	Orbiliales	Orbiliaceae	Orbilia
Orbilia_brochopaga	Fungi	3140254	Orbilia brochopaga	Eukaryota	Fungi	Ascomycota	Orbiliomycetes	Orbiliales	Orbiliaceae	Orbilia
Orbilia_ellipsospora	Fungi	2528407	Orbilia ellipsospora	Eukaryota	Fungi	Ascomycota	Orbiliomycetes	Orbiliales	Orbiliaceae	Orbilia
Orbilia_javanica	Fungi	47235	Orbilia javanica	Eukaryota	Fungi	Ascomycota	Orbiliomycetes	Orbiliales	Orbiliaceae	Orbilia
Orbilia_oligospora_ATCC_24927	Fungi	756982	Orbilia oligospora ATCC 24927	Eukaryota	Fungi	Ascomycota	Orbiliomycetes	Orbiliales	Orbiliaceae	Orbilia
Orchesella_cincta	Metazoa	48709	Orchesella cincta	Eukaryota	Metazoa	Arthropoda	Collembola	Entomobryomorpha	Orchesellidae	Orchesella
Orchestia_grillus	Metazoa	1859082	Orchestia grillus	Eukaryota	Metazoa	Arthropoda	Malacostraca	Amphipoda	Talitridae	Orchestia
Ordospora_colligata_OC4	Fungi	1354746	Ordospora colligata OC4	Eukaryota	Fungi	Microsporidia			Ordosporidae	Ordospora
Ordospora_pajunii	Fungi	3039483	Ordospora pajunii	Eukaryota	Fungi	Microsporidia			Ordosporidae	Ordospora
Ornithodoros_rostratus	Metazoa	360320	Ornithodoros rostratus	Eukaryota	Metazoa	Arthropoda	Arachnida	Ixodida	Argasidae	Ornithodoros
Ornithorhynchus_anatinus	Metazoa	9258	Ornithorhynchus anatinus	Eukaryota	Metazoa	Chordata	Mammalia	Monotremata	Ornithorhynchidae	Ornithorhynchus
Orobanche_gracilis	angiosperms	223107	Orobanche gracilis	Eukaryota	Viridiplantae	Streptophyta	Magnoliopsida	Lamiales	Orobanchaceae	Orobanche
Orobanche_minor	angiosperms	36748	Orobanche minor	Eukaryota	Viridiplantae	Streptophyta	Magnoliopsida	Lamiales	Orobanchaceae	Orobanche
Orsolobidae_sp._RK-2018	Metazoa	2080927	Orsolobidae sp. RK-2018	Eukaryota	Metazoa	Arthropoda	Arachnida	Araneae	Orsolobidae	
Oryza_brachyantha	angiosperms	4533	Oryza brachyantha	Eukaryota	Viridiplantae	Streptophyta	Magnoliopsida	Poales	Poaceae	Oryza
Oryza_glaberrima	angiosperms	4538	Oryza glaberrima	Eukaryota	Viridiplantae	Streptophyta	Magnoliopsida	Poales	Poaceae	Oryza
Oryza_sativa	angiosperms	39947	Oryza sativa Japonica Group	Eukaryota	Viridiplantae	Streptophyta	Magnoliopsida	Poales	Poaceae	Oryza
Oscheius_tipulae	Metazoa	141969	Oscheius tipulae	Eukaryota	Metazoa	Nematoda	Chromadorea	Rhabditida	Rhabditidae	Oscheius
Osedax_frankpressi	Metazoa	283776	Osedax frankpressi	Eukaryota	Metazoa	Annelida	Polychaeta	Sabellida	Siboglinidae	Osedax
Ostrea_edulis	Metazoa	37623	Ostrea edulis	Eukaryota	Metazoa	Mollusca	Bivalvia	Ostreida	Ostreidae	Ostrea
Ostreobium_quekettii	chlorophyta	121088	Ostreobium quekettii	Eukaryota	Viridiplantae	Chlorophyta	Ulvophyceae	Bryopsidales	Ostreobiaceae	Ostreobium
Ostreococcus_lucimarinus	chlorophyta	436017	Ostreococcus lucimarinus CCE9901	Eukaryota	Viridiplantae	Chlorophyta	Mamiellophyceae	Mamiellales	Bathycoccaceae	Ostreococcus
Ostreococcus_tauri	chlorophyta	70448	Ostreococcus tauri	Eukaryota	Viridiplantae	Chlorophyta	Mamiellophyceae	Mamiellales	Bathycoccaceae	Ostreococcus
Otatea_glauca	angiosperms	464970	Otatea glauca	Eukaryota	Viridiplantae	Streptophyta	Magnoliopsida	Poales	Poaceae	Otatea
Owenia_fusiformis	Metazoa	6347	Owenia fusiformis	Eukaryota	Metazoa	Annelida	Polychaeta	Sabellida	Oweniidae	Owenia
Oxalis_oulophora	angiosperms	53806	Oxalis oulophora	Eukaryota	Viridiplantae	Streptophyta	Magnoliopsida	Oxalidales	Oxalidaceae	Oxalis
Oxystele_tabularis	Metazoa	336183	Oxystele tabularis	Eukaryota	Metazoa	Mollusca	Gastropoda	Trochida	Trochidae	Oxystele
Oxytricha_trifallax	Protists	1172189	Oxytricha trifallax	Eukaryota		Ciliophora	Spirotrichea	Sporadotrichida	Oxytrichidae	Oxytricha
Ozestheria_pilosa	Metazoa	1930649	Ozestheria pilosa	Eukaryota	Metazoa	Arthropoda	Branchiopoda	Diplostraca	Cyzicidae	Ozestheria
Ozestheria_rubra	Metazoa	1897130	Ozestheria rubra	Eukaryota	Metazoa	Arthropoda	Branchiopoda	Diplostraca	Cyzicidae	Ozestheria
Pachygrapsus_marmoratus	Metazoa	135190	Pachygrapsus marmoratus	Eukaryota	Metazoa	Arthropoda	Malacostraca	Decapoda	Grapsidae	Pachygrapsus
Pachysolen_tannophilus_NRRL_Y-2460	Fungi	669874	Pachysolen tannophilus NRRL Y-2460	Eukaryota	Fungi	Ascomycota	Pichiomycetes	Alaninales	Pachysolenaceae	Pachysolen
Pachysolen_tannophilus_NRRL_Y2460	Fungi	669874	Pachysolen tannophilus NRRL Y-2460	Eukaryota	Fungi	Ascomycota	Pichiomycetes	Alaninales	Pachysolenaceae	Pachysolen
Paecilomyces_variotii	Fungi	264951	Paecilomyces variotii	Eukaryota	Fungi	Ascomycota	Eurotiomycetes	Eurotiales	Thermoascaceae	Paecilomyces
Pallenella_flava	Metazoa	2138384	Meridionale flava	Eukaryota	Metazoa	Arthropoda	Pycnogonida	Pantopoda	Callipallenidae	Meridionale
Palmaria_palmata	Rhodophyta	2822	Palmaria palmata	Eukaryota		Rhodophyta	Florideophyceae	Palmariales	Palmariaceae	Palmaria
Panaeolus_cyanescens	Fungi	181874	Panaeolus cyanescens	Eukaryota	Fungi	Basidiomycota	Agaricomycetes	Agaricales		Panaeolus
Panaeolus_papilionaceus	Fungi	330517	Panaeolus papilionaceus	Eukaryota	Fungi	Basidiomycota	Agaricomycetes	Agaricales		Panaeolus
Panagrellus_redivivus	Metazoa	6233	Panagrellus redivivus	Eukaryota	Metazoa	Nematoda	Chromadorea	Rhabditida	Panagrolaimidae	Panagrellus
Pancytospora_epiphaga	Fungi	1938578	Pancytospora epiphaga	Eukaryota	Fungi	Microsporidia				Pancytospora
Pancytospora_philotis	Fungi	1923975	Pancytospora philotis	Eukaryota	Fungi	Microsporidia				Pancytospora
Pandinus_imperator	Metazoa	55084	Pandinus imperator	Eukaryota	Metazoa	Arthropoda	Arachnida	Scorpiones	Scorpionidae	Pandinus
Panicum_hallii	angiosperms	206008	Panicum hallii	Eukaryota	Viridiplantae	Streptophyta	Magnoliopsida	Poales	Poaceae	Panicum
Panicum_virgatum	angiosperms	38727	Panicum virgatum	Eukaryota	Viridiplantae	Streptophyta	Magnoliopsida	Poales	Poaceae	Panicum
Panonychus_citri	Metazoa	50023	Panonychus citri	Eukaryota	Metazoa	Arthropoda	Arachnida	Trombidiformes	Tetranychidae	Panonychus
Panulirus_ornatus	Metazoa	150431	Panulirus ornatus	Eukaryota	Metazoa	Arthropoda	Malacostraca	Decapoda	Palinuridae	Panulirus
Panus_rudis_PR-1116_ss-1	Fungi	1314784	Panus rudis PR-1116 ss-1	Eukaryota	Fungi	Basidiomycota	Agaricomycetes	Polyporales	Panaceae	Panus
Panus_rudis_PR1116_ss1	Fungi	1314784	Panus rudis PR-1116 ss-1	Eukaryota	Fungi	Basidiomycota	Agaricomycetes	Polyporales	Panaceae	Panus
Papaver_armeniacum	angiosperms	357465	Papaver armeniacum	Eukaryota	Viridiplantae	Streptophyta	Magnoliopsida	Ranunculales	Papaveraceae	Papaver
Papaver_atlanticum	angiosperms	357466	Papaver atlanticum	Eukaryota	Viridiplantae	Streptophyta	Magnoliopsida	Ranunculales	Papaveraceae	Papaver
Papaver_bracteatum	angiosperms	215227	Papaver bracteatum	Eukaryota	Viridiplantae	Streptophyta	Magnoliopsida	Ranunculales	Papaveraceae	Papaver
Papaver_californicum	angiosperms	74822	Papaver californicum	Eukaryota	Viridiplantae	Streptophyta	Magnoliopsida	Ranunculales	Papaveraceae	Papaver
Papaver_nudicaule	angiosperms	74823	Papaver nudicaule	Eukaryota	Viridiplantae	Streptophyta	Magnoliopsida	Ranunculales	Papaveraceae	Papaver
Papaver_somniferum	angiosperms	3469	Papaver somniferum	Eukaryota	Viridiplantae	Streptophyta	Magnoliopsida	Ranunculales	Papaveraceae	Papaver
Papiliotrema_laurentii	Fungi	5418	Papiliotrema laurentii	Eukaryota	Fungi	Basidiomycota	Tremellomycetes	Tremellales	Rhynchogastremaceae	Papiliotrema
Paracentrophyes_quadridentatus	Metazoa	1564076	Paracentrophyes quadridentatus	Eukaryota	Metazoa	Kinorhyncha	Allomalorhagida		Neocentrophyidae	Paracentrophyes
Parachaetomium_inaequale	Fungi	2588326	Parachaetomium inaequale	Eukaryota	Fungi	Ascomycota	Sordariomycetes	Sordariales	Chaetomiaceae	Parachaetomium
Parachelifer_persimilis	Metazoa	2590497	Parachelifer persimilis	Eukaryota	Metazoa	Arthropoda	Arachnida	Pseudoscorpiones	Cheliferidae	Parachelifer
Parachlorella_kessleri	chlorophyta	3074	Parachlorella kessleri	Eukaryota	Viridiplantae	Chlorophyta	Trebouxiophyceae	Chlorellales	Chlorellaceae	Parachlorella
Paracoccidioides_brasiliensis_Pb18	Fungi	502780	Paracoccidioides brasiliensis Pb18	Eukaryota	Fungi	Ascomycota	Eurotiomycetes	Onygenales	Ajellomycetaceae	Paracoccidioides
Paracoccidioides_lutzii_Pb01	Fungi	502779	Paracoccidioides lutzii Pb01	Eukaryota	Fungi	Ascomycota	Eurotiomycetes	Onygenales	Ajellomycetaceae	Paracoccidioides
Paraescarpia_echinospica	Metazoa	2080241	Paraescarpia echinospica	Eukaryota	Metazoa	Annelida	Polychaeta	Sabellida	Siboglinidae	Paraescarpia
Paraglomus_brasilianum	Fungi	144538	Paraglomus brasilianum	Eukaryota	Fungi	Glomeromycota	Glomeromycetes	Paraglomerales	Paraglomeraceae	Paraglomus
Paraglomus_occultum	Fungi	144539	Paraglomus occultum	Eukaryota	Fungi	Glomeromycota	Glomeromycetes	Paraglomerales	Paraglomeraceae	Paraglomus
Paragordius_varius	Metazoa	190579	Paragordius varius	Eukaryota	Metazoa	Nematomorpha	Gordioida	Gordea	Gordiidae	Paragordius
Parahya_submersa	Metazoa	534673	Parahya submersa	Eukaryota	Metazoa	Arthropoda	Arachnida	Pseudoscorpiones	Parahyidae	Parahya
Parahypoxylon_ruwenzoriense	Fungi	3127341	Parahypoxylon ruwenzoriense	Eukaryota	Fungi	Ascomycota	Sordariomycetes	Xylariales	Hypoxylaceae	Parahypoxylon
Parajaminaea_phylloscopi	Fungi	1463510	Parajaminaea phylloscopi	Eukaryota	Fungi	Basidiomycota	Exobasidiomycetes	Microstromatales		Parajaminaea
Paralamyctes_validus	Metazoa	126942	Paralamyctes validus	Eukaryota	Metazoa	Arthropoda	Chilopoda	Lithobiomorpha	Henicopidae	Paralamyctes
Paralimnadia_urukhai	Metazoa	1747217	Paralimnadia urukhai	Eukaryota	Metazoa	Arthropoda	Branchiopoda	Diplostraca	Limnadiidae	Paralimnadia
Paralithodes_camtschaticus	Metazoa	6741	Paralithodes camtschaticus	Eukaryota	Metazoa	Arthropoda	Malacostraca	Decapoda	Lithodidae	Paralithodes
Paramacrobiotus_metropolitanus	Metazoa	2943436	Paramacrobiotus metropolitanus	Eukaryota	Metazoa	Tardigrada	Eutardigrada	Parachela	Macrobiotidae	Paramacrobiotus
Paramacrobiotus_richtersi	Metazoa	697321	Paramacrobiotus richtersi	Eukaryota	Metazoa	Tardigrada	Eutardigrada	Parachela	Macrobiotidae	Paramacrobiotus
Paramarasmius_palmivorus	Fungi	297713	Paramarasmius palmivorus	Eukaryota	Fungi	Basidiomycota	Agaricomycetes	Agaricales	Marasmiaceae	Paramarasmius
Paramarteilia_canceri	Protists	2844372	Paramarteilia canceri	Eukaryota		Endomyxa	Ascetosporea	Paramyxida	Marteiliidae	Paramarteilia
Paramatachia_sp._RK-2018	Metazoa	2080958	Paramatachia sp. RK-2018	Eukaryota	Metazoa	Arthropoda	Arachnida	Araneae	Desidae	Paramatachia
Paramecium_bursaria	Protists	74790	Paramecium bursaria	Eukaryota		Ciliophora	Oligohymenophorea	Peniculida	Parameciidae	Paramecium
Paramecium_sonneborni	Protists	65129	Paramecium sonneborni	Eukaryota		Ciliophora	Oligohymenophorea	Peniculida	Parameciidae	Paramecium
Paramecium_tetraurelia	Protists	5888	Paramecium tetraurelia	Eukaryota		Ciliophora	Oligohymenophorea	Peniculida	Parameciidae	Paramecium
Paramicrosporidium_saccamoebae	Fungi	1246581	Paramicrosporidium saccamoebae	Eukaryota	Fungi	Rozellomycota				Paramicrosporidium
Paramyrothecium_foliicola	Fungi	1859967	Paramyrothecium foliicola	Eukaryota	Fungi	Ascomycota	Sordariomycetes	Hypocreales	Stachybotryaceae	Paramyrothecium
Paranais_sp._DSW-2020	Metazoa	2705234	Paranais sp. DSW-2020	Eukaryota	Metazoa	Annelida	Clitellata	Tubificida	Naididae	Paranais
Paraphaeosphaeria_minitans	Fungi	565426	Paraphaeosphaeria minitans	Eukaryota	Fungi	Ascomycota	Dothideomycetes	Pleosporales	Didymosphaeriaceae	Paraphaeosphaeria
Paraphaeosphaeria_sporulosa	Fungi	1460663	Paraphaeosphaeria sporulosa	Eukaryota	Fungi	Ascomycota	Dothideomycetes	Pleosporales	Didymosphaeriaceae	Paraphaeosphaeria
Paraphoma_chrysanthemicola	Fungi	798071	Paraphoma chrysanthemicola	Eukaryota	Fungi	Ascomycota	Dothideomycetes	Pleosporales	Phaeosphaeriaceae	Paraphoma
Paraphymatoceros_pearsonii	bryophytes	319835	Paraphymatoceros pearsonii	Eukaryota	Viridiplantae	Streptophyta	Anthocerotopsida	Notothyladales	Notothyladaceae	Paraphymatoceros
Paraphysoderma_sedebokerense	Fungi	1500003	Paraphysoderma sedebokerense	Eukaryota	Fungi	Blastocladiomycota	Physodermatomycetes	Physodermatales	Physodermataceae	Paraphysoderma
Paraplatyarthrus_subterraneus	Metazoa	1778624	Paraplatyarthrus subterraneus	Eukaryota	Metazoa	Arthropoda	Malacostraca	Isopoda	Paraplatyarthridae	Paraplatyarthrus
Parapristionchus_giblindavisi	Metazoa	1187980	Parapristionchus giblindavisi	Eukaryota	Metazoa	Nematoda	Chromadorea	Rhabditida	Diplogasteridae	Parapristionchus
Pararchaea_alba	Metazoa	1654964	Pararchaea alba	Eukaryota	Metazoa	Arthropoda	Arachnida	Araneae	Pararchaeidae	Pararchaea
Parasagitta_elegans	Metazoa	1562708	Parasagitta elegans	Eukaryota	Metazoa	Chaetognatha	Sagittoidea	Aphragmophora	Sagittidae	Parasagitta
Parasagitta_setosa	Metazoa	366441	Parasagitta setosa	Eukaryota	Metazoa	Chaetognatha	Sagittoidea	Aphragmophora	Sagittidae	Parasagitta
Parascedosporium_putredinis	Fungi	1442378	Parascedosporium putredinis	Eukaryota	Fungi	Ascomycota	Sordariomycetes	Microascales	Microascaceae	Parascedosporium
Parasergestes_armatus	Metazoa	2283577	Parasergestes armatus	Eukaryota	Metazoa	Arthropoda	Malacostraca	Decapoda	Sergestidae	Parasergestes
Parasesarma_affine	Metazoa	1550548	Parasesarma affine	Eukaryota	Metazoa	Arthropoda	Malacostraca	Decapoda	Sesarmidae	Parasesarma
Parasitella_parasitica	Fungi	35722	Parasitella parasitica	Eukaryota	Fungi	Mucoromycota	Mucoromycetes	Mucorales	Mucoraceae	Parasitella
Paraspadella_gotoi	Metazoa	34758	Paraspadella gotoi	Eukaryota	Metazoa	Chaetognatha	Sagittoidea	Phragmophora	Spadellidae	Paraspadella
Parasponia_andersonii	angiosperms	3476	Parasponia andersonii	Eukaryota	Viridiplantae	Streptophyta	Magnoliopsida	Rosales	Cannabaceae	Parasponia
Parastagonospora_nodorum_SN15	Fungi	321614	Parastagonospora nodorum SN15	Eukaryota	Fungi	Ascomycota	Dothideomycetes	Pleosporales	Phaeosphaeriaceae	Parastagonospora
Parasteatoda_tepidariorum	Metazoa	114398	Parasteatoda tepidariorum	Eukaryota	Metazoa	Arthropoda	Arachnida	Araneae	Theridiidae	Parasteatoda
Parathielavia_appendiculata	Fungi	2587402	Parathielavia appendiculata	Eukaryota	Fungi	Ascomycota	Sordariomycetes	Sordariales	Chaetomiaceae	Parathielavia
Parathielavia_hyrcaniae	Fungi	113614	Parathielavia hyrcaniae	Eukaryota	Fungi	Ascomycota	Sordariomycetes	Sordariales	Chaetomiaceae	Parathielavia
Paratomella_rubra	Metazoa	90914	Paratomella rubra	Eukaryota	Metazoa	Xenacoelomorpha		Acoela	Paratomellidae	Paratomella
Paratya_australiensis	Metazoa	159741	Paratya australiensis	Eukaryota	Metazoa	Arthropoda	Malacostraca	Decapoda	Atyidae	Paratya
Parergodrilus_heideri	Metazoa	152569	Parergodrilus heideri	Eukaryota	Metazoa	Annelida	Polychaeta		Parergodrilidae	Parergodrilus
Pareurythoe_californica	Metazoa	1633897	Pareurythoe californica	Eukaryota	Metazoa	Annelida	Polychaeta	Eunicida	Amphinomidae	Pareurythoe
Parhyale_hawaiensis	Metazoa	317513	Parhyale hawaiensis	Eukaryota	Metazoa	Arthropoda	Malacostraca	Amphipoda	Hyalidae	Parhyale
Parides_eurimedes	Metazoa	299019	Parides eurimedes	Eukaryota	Metazoa	Arthropoda	Insecta	Lepidoptera	Papilionidae	Parides
Paruroctonus_baergi	Metazoa	1897136	Paranesidea sp. MS-2016	Eukaryota	Metazoa	Arthropoda	Ostracoda	Podocopida	Bairdiidae	Paranesidea
Parvidrilus_meyssonnieri	Metazoa	1171980	Parvidrilus meyssonnieri	Eukaryota	Metazoa	Annelida	Clitellata	Parvidrilida	Parvidrilidae	Parvidrilus
Parvularia_atlantis	Protists	1993908	Parvularia atlantis	Eukaryota				Rotosphaerida		Parvularia
Patella_ulyssiponensis	Metazoa	334708	Patella ulyssiponensis	Eukaryota	Metazoa	Mollusca	Gastropoda		Patellidae	Patella
Patellaria_atrata_CBS_101060	Fungi	1346257	Patellaria atrata CBS 101060	Eukaryota	Fungi	Ascomycota	Dothideomycetes	Patellariales	Patellariaceae	Patellaria
Patelloida_saccharina	Metazoa	72694	Patelloida saccharina	Eukaryota	Metazoa	Mollusca	Gastropoda		Lottiidae	Patelloida
Pauropus_huxleyi	Metazoa	2043368	Pauropus huxleyi	Eukaryota	Metazoa	Arthropoda	Pauropoda	Tetramerocerata	Pauropodidae	Pauropus
Paxillus_ammoniavirescens	Fungi	1132860	Paxillus ammoniavirescens	Eukaryota	Fungi	Basidiomycota	Agaricomycetes	Boletales	Paxillaceae	Paxillus
Paxillus_involutus_ATCC_200175	Fungi	664439	Paxillus involutus ATCC 200175	Eukaryota	Fungi	Basidiomycota	Agaricomycetes	Boletales	Paxillaceae	Paxillus
Paxillus_rubicundulus_Ve08.2h10	Fungi	930991	Paxillus rubicundulus Ve08.2h10	Eukaryota	Fungi	Basidiomycota	Agaricomycetes	Boletales	Paxillaceae	Paxillus
Pecten_maximus	Metazoa	6579	Pecten maximus	Eukaryota	Metazoa	Mollusca	Bivalvia	Pectinida	Pectinidae	Pecten
Pectinatella_magnifica	Metazoa	350071	Pectinatella magnifica	Eukaryota	Metazoa	Bryozoa	Phylactolaemata		Pectinatellidae	Pectinatella
Pedicellina_cernua	Metazoa	43123	Pedicellina cernua	Eukaryota	Metazoa	Entoprocta			Pedicellinidae	Pedicellina
Pediculus_humanus	Metazoa	121224	Pediculus humanus corporis	Eukaryota	Metazoa	Arthropoda	Insecta	Psocodea	Pediculidae	Pediculus
Pelagomonas_calceolata	Protists	35677	Pelagomonas calceolata	Eukaryota			Pelagophyceae	Pelagomonadales	Pelagomonadaceae	Pelagomonas
Pellobunus_sp._RF-2017	Metazoa	1955543	Pellobunus sp. RF-2017	Eukaryota	Metazoa	Arthropoda	Arachnida	Opiliones	Samoidae	Pellobunus
Pelodrilus_sp._HAPS2	Metazoa	1963180	Pelodrilus sp. HAPS2	Eukaryota	Metazoa	Annelida	Clitellata	Haplotaxida	Haplotaxidae	Pelodrilus
Peltaster_fructicola	Fungi	286661	Peltaster fructicola	Eukaryota	Fungi	Ascomycota	Dothideomycetes			Peltaster
Peltigera_leucophlebia	Fungi	52883	Peltigera leucophlebia	Eukaryota	Fungi	Ascomycota	Lecanoromycetes	Peltigerales	Peltigeraceae	Peltigera
Penaeus_monodon	Metazoa	6687	Penaeus monodon	Eukaryota	Metazoa	Arthropoda	Malacostraca	Decapoda	Penaeidae	Penaeus
Penaeus_vannamei	Metazoa	6689	Penaeus vannamei	Eukaryota	Metazoa	Arthropoda	Malacostraca	Decapoda	Penaeidae	Penaeus
Penicilliopsis_zonata_CBS_506.65	Fungi	1073090	Penicilliopsis zonata CBS 506.65	Eukaryota	Fungi	Ascomycota	Eurotiomycetes	Eurotiales	Aspergillaceae	Penicilliopsis
Penicillium_alfredii	Fungi	1506179	Penicillium alfredii	Eukaryota	Fungi	Ascomycota	Eurotiomycetes	Eurotiales	Aspergillaceae	Penicillium
Penicillium_angulare	Fungi	116970	Penicillium angulare	Eukaryota	Fungi	Ascomycota	Eurotiomycetes	Eurotiales	Aspergillaceae	Penicillium
Penicillium_antarcticum	Fungi	416450	Penicillium antarcticum	Eukaryota	Fungi	Ascomycota	Eurotiomycetes	Eurotiales	Aspergillaceae	Penicillium
Penicillium_argentinense	Fungi	1131581	Penicillium argentinense	Eukaryota	Fungi	Ascomycota	Eurotiomycetes	Eurotiales	Aspergillaceae	Penicillium
Penicillium_arizonense	Fungi	1835702	Penicillium arizonense	Eukaryota	Fungi	Ascomycota	Eurotiomycetes	Eurotiales	Aspergillaceae	Penicillium
Penicillium_atrosanguineum	Fungi	1132637	Penicillium atrosanguineum	Eukaryota	Fungi	Ascomycota	Eurotiomycetes	Eurotiales	Aspergillaceae	Penicillium
Penicillium_bovifimosum	Fungi	126998	Penicillium bovifimosum	Eukaryota	Fungi	Ascomycota	Eurotiomycetes	Eurotiales	Aspergillaceae	Penicillium
Penicillium_brasilianum	Fungi	104259	Penicillium brasilianum	Eukaryota	Fungi	Ascomycota	Eurotiomycetes	Eurotiales	Aspergillaceae	Penicillium
Penicillium_brevicompactum	Fungi	5074	Penicillium brevicompactum	Eukaryota	Fungi	Ascomycota	Eurotiomycetes	Eurotiales	Aspergillaceae	Penicillium
Penicillium_canariense	Fungi	189055	Penicillium canariense	Eukaryota	Fungi	Ascomycota	Eurotiomycetes	Eurotiales	Aspergillaceae	Penicillium
Penicillium_canescens	Fungi	5083	Penicillium canescens	Eukaryota	Fungi	Ascomycota	Eurotiomycetes	Eurotiales	Aspergillaceae	Penicillium
Penicillium_capsulatum	Fungi	69766	Penicillium capsulatum	Eukaryota	Fungi	Ascomycota	Eurotiomycetes	Eurotiales	Aspergillaceae	Penicillium
Penicillium_cataractarum	Fungi	2100454	Penicillium cataractarum	Eukaryota	Fungi	Ascomycota	Eurotiomycetes	Eurotiales	Aspergillaceae	Penicillium
Penicillium_chermesinum	Fungi	63820	Penicillium chermesinum	Eukaryota	Fungi	Ascomycota	Eurotiomycetes	Eurotiales	Aspergillaceae	Penicillium
Penicillium_chrysogenum	Fungi	5076	Penicillium chrysogenum	Eukaryota	Fungi	Ascomycota	Eurotiomycetes	Eurotiales	Aspergillaceae	Penicillium
Penicillium_cinerascens	Fungi	70096	Penicillium cinerascens	Eukaryota	Fungi	Ascomycota	Eurotiomycetes	Eurotiales	Aspergillaceae	Penicillium
Penicillium_citrinum	Fungi	5077	Penicillium citrinum	Eukaryota	Fungi	Ascomycota	Eurotiomycetes	Eurotiales	Aspergillaceae	Penicillium
Penicillium_concentricum	Fungi	293559	Penicillium concentricum	Eukaryota	Fungi	Ascomycota	Eurotiomycetes	Eurotiales	Aspergillaceae	Penicillium
Penicillium_coprophilum	Fungi	36646	Penicillium coprophilum	Eukaryota	Fungi	Ascomycota	Eurotiomycetes	Eurotiales	Aspergillaceae	Penicillium
Penicillium_cosmopolitanum	Fungi	1131564	Penicillium cosmopolitanum	Eukaryota	Fungi	Ascomycota	Eurotiomycetes	Eurotiales	Aspergillaceae	Penicillium
Penicillium_crustosum	Fungi	36656	Penicillium crustosum	Eukaryota	Fungi	Ascomycota	Eurotiomycetes	Eurotiales	Aspergillaceae	Penicillium
Penicillium_daleae	Fungi	63821	Penicillium daleae	Eukaryota	Fungi	Ascomycota	Eurotiomycetes	Eurotiales	Aspergillaceae	Penicillium
Penicillium_desertorum	Fungi	1303715	Penicillium desertorum	Eukaryota	Fungi	Ascomycota	Eurotiomycetes	Eurotiales	Aspergillaceae	Penicillium
Penicillium_diatomitis	Fungi	2819901	Penicillium diatomitis	Eukaryota	Fungi	Ascomycota	Eurotiomycetes	Eurotiales	Aspergillaceae	Penicillium
Penicillium_digitatum	Fungi	36651	Penicillium digitatum	Eukaryota	Fungi	Ascomycota	Eurotiomycetes	Eurotiales	Aspergillaceae	Penicillium
Penicillium_discolor	Fungi	74830	Penicillium discolor	Eukaryota	Fungi	Ascomycota	Eurotiomycetes	Eurotiales	Aspergillaceae	Penicillium
Penicillium_egyptiacum	Fungi	1303716	Penicillium egyptiacum	Eukaryota	Fungi	Ascomycota	Eurotiomycetes	Eurotiales	Aspergillaceae	Penicillium
Penicillium_expansum	Fungi	27334	Penicillium expansum	Eukaryota	Fungi	Ascomycota	Eurotiomycetes	Eurotiales	Aspergillaceae	Penicillium
Penicillium_fimorum	Fungi	1882269	Penicillium fimorum	Eukaryota	Fungi	Ascomycota	Eurotiomycetes	Eurotiales	Aspergillaceae	Penicillium
Penicillium_flavigenum	Fungi	254877	Penicillium flavigenum	Eukaryota	Fungi	Ascomycota	Eurotiomycetes	Eurotiales	Aspergillaceae	Penicillium
Penicillium_freii	Fungi	48697	Penicillium freii	Eukaryota	Fungi	Ascomycota	Eurotiomycetes	Eurotiales	Aspergillaceae	Penicillium
Penicillium_frequentans	Fungi	3151616	Penicillium frequentans	Eukaryota	Fungi	Ascomycota	Eurotiomycetes	Eurotiales	Aspergillaceae	Penicillium
Penicillium_glandicola	Fungi	197659	Penicillium glandicola	Eukaryota	Fungi	Ascomycota	Eurotiomycetes	Eurotiales	Aspergillaceae	Penicillium
Penicillium_griseofulvum	Fungi	5078	Penicillium griseofulvum	Eukaryota	Fungi	Ascomycota	Eurotiomycetes	Eurotiales	Aspergillaceae	Penicillium
Penicillium_hetheringtonii	Fungi	911720	Penicillium hetheringtonii	Eukaryota	Fungi	Ascomycota	Eurotiomycetes	Eurotiales	Aspergillaceae	Penicillium
Penicillium_hispanicum	Fungi	1080232	Penicillium hispanicum	Eukaryota	Fungi	Ascomycota	Eurotiomycetes	Eurotiales	Aspergillaceae	Penicillium
Penicillium_hordei	Fungi	40994	Penicillium hordei	Eukaryota	Fungi	Ascomycota	Eurotiomycetes	Eurotiales	Aspergillaceae	Penicillium
Penicillium_lagena	Fungi	94218	Penicillium lagena	Eukaryota	Fungi	Ascomycota	Eurotiomycetes	Eurotiales	Aspergillaceae	Penicillium
Penicillium_lividum	Fungi	70099	Penicillium lividum	Eukaryota	Fungi	Ascomycota	Eurotiomycetes	Eurotiales	Aspergillaceae	Penicillium
Penicillium_longicatenatum	Fungi	1561947	Penicillium longicatenatum	Eukaryota	Fungi	Ascomycota	Eurotiomycetes	Eurotiales	Aspergillaceae	Penicillium
Penicillium_maclennaniae	Fungi	1343394	Penicillium maclennaniae	Eukaryota	Fungi	Ascomycota	Eurotiomycetes	Eurotiales	Aspergillaceae	Penicillium
Penicillium_macrosclerotiorum	Fungi	303699	Penicillium macrosclerotiorum	Eukaryota	Fungi	Ascomycota	Eurotiomycetes	Eurotiales	Aspergillaceae	Penicillium
Penicillium_majusculum	Fungi	2972122	Penicillium majusculum	Eukaryota	Fungi	Ascomycota	Eurotiomycetes	Eurotiales	Aspergillaceae	Penicillium
Penicillium_malachiteum	Fungi	1324776	Penicillium malachiteum	Eukaryota	Fungi	Ascomycota	Eurotiomycetes	Eurotiales	Aspergillaceae	Penicillium
Penicillium_manginii	Fungi	203109	Penicillium manginii	Eukaryota	Fungi	Ascomycota	Eurotiomycetes	Eurotiales	Aspergillaceae	Penicillium
Penicillium_mononematosum	Fungi	268346	Penicillium mononematosum	Eukaryota	Fungi	Ascomycota	Eurotiomycetes	Eurotiales	Aspergillaceae	Penicillium
Penicillium_nalgiovense	Fungi	60175	Penicillium nalgiovense	Eukaryota	Fungi	Ascomycota	Eurotiomycetes	Eurotiales	Aspergillaceae	Penicillium
Penicillium_nucicola	Fungi	1850975	Penicillium nucicola	Eukaryota	Fungi	Ascomycota	Eurotiomycetes	Eurotiales	Aspergillaceae	Penicillium
Penicillium_occitanis_(nom._inval.)	Fungi	290292	Penicillium occitanis (nom. inval.)	Eukaryota	Fungi	Ascomycota	Eurotiomycetes	Eurotiales	Aspergillaceae	Penicillium
Penicillium_odoratum	Fungi	1167516	Penicillium odoratum	Eukaryota	Fungi	Ascomycota	Eurotiomycetes	Eurotiales	Aspergillaceae	Penicillium
Penicillium_olsonii	Fungi	99116	Penicillium olsonii	Eukaryota	Fungi	Ascomycota	Eurotiomycetes	Eurotiales	Aspergillaceae	Penicillium
Penicillium_oxalicum	Fungi	69781	Penicillium oxalicum	Eukaryota	Fungi	Ascomycota	Eurotiomycetes	Eurotiales	Aspergillaceae	Penicillium
Penicillium_pancosmium	Fungi	1131562	Penicillium pancosmium	Eukaryota	Fungi	Ascomycota	Eurotiomycetes	Eurotiales	Aspergillaceae	Penicillium
Penicillium_paradoxum	Fungi	176176	Penicillium paradoxum	Eukaryota	Fungi	Ascomycota	Eurotiomycetes	Eurotiales	Aspergillaceae	Penicillium
Penicillium_psychrofluorescens	Fungi	3158075	Penicillium psychrofluorescens	Eukaryota	Fungi	Ascomycota	Eurotiomycetes	Eurotiales	Aspergillaceae	Penicillium
Penicillium_psychrosexuale	Fungi	1002107	Penicillium psychrosexuale	Eukaryota	Fungi	Ascomycota	Eurotiomycetes	Eurotiales	Aspergillaceae	Penicillium
Penicillium_pulvis	Fungi	1562058	Penicillium pulvis	Eukaryota	Fungi	Ascomycota	Eurotiomycetes	Eurotiales	Aspergillaceae	Penicillium
Penicillium_riverlandense	Fungi	1903569	Penicillium riverlandense	Eukaryota	Fungi	Ascomycota	Eurotiomycetes	Eurotiales	Aspergillaceae	Penicillium
Penicillium_robsamsonii	Fungi	1792511	Penicillium robsamsonii	Eukaryota	Fungi	Ascomycota	Eurotiomycetes	Eurotiales	Aspergillaceae	Penicillium
Penicillium_rolfsii	Fungi	69785	Penicillium rolfsii	Eukaryota	Fungi	Ascomycota	Eurotiomycetes	Eurotiales	Aspergillaceae	Penicillium
Penicillium_roqueforti	Fungi	5082	Penicillium roqueforti	Eukaryota	Fungi	Ascomycota	Eurotiomycetes	Eurotiales	Aspergillaceae	Penicillium
Penicillium_rubens	Fungi	1108849	Penicillium rubens	Eukaryota	Fungi	Ascomycota	Eurotiomycetes	Eurotiales	Aspergillaceae	Penicillium
Penicillium_salamii	Fungi	1612424	Penicillium salamii	Eukaryota	Fungi	Ascomycota	Eurotiomycetes	Eurotiales	Aspergillaceae	Penicillium
Penicillium_samsonianum	Fungi	1882272	Penicillium samsonianum	Eukaryota	Fungi	Ascomycota	Eurotiomycetes	Eurotiales	Aspergillaceae	Penicillium
Penicillium_solitum	Fungi	60172	Penicillium solitum	Eukaryota	Fungi	Ascomycota	Eurotiomycetes	Eurotiales	Aspergillaceae	Penicillium
Penicillium_soppii	Fungi	69789	Penicillium soppii	Eukaryota	Fungi	Ascomycota	Eurotiomycetes	Eurotiales	Aspergillaceae	Penicillium
Penicillium_subrubescens	Fungi	1316194	Penicillium subrubescens	Eukaryota	Fungi	Ascomycota	Eurotiomycetes	Eurotiales	Aspergillaceae	Penicillium
Penicillium_tannophilum	Fungi	2972123	Penicillium tannophilum	Eukaryota	Fungi	Ascomycota	Eurotiomycetes	Eurotiales	Aspergillaceae	Penicillium
Penicillium_taxi	Fungi	168475	Penicillium taxi	Eukaryota	Fungi	Ascomycota	Eurotiomycetes	Eurotiales	Aspergillaceae	Penicillium
Penicillium_thymicola	Fungi	293382	Penicillium thymicola	Eukaryota	Fungi	Ascomycota	Eurotiomycetes	Eurotiales	Aspergillaceae	Penicillium
Penicillium_ucsense	Fungi	2839758	Penicillium ucsense	Eukaryota	Fungi	Ascomycota	Eurotiomycetes	Eurotiales	Aspergillaceae	Penicillium
Penicillium_verhagenii	Fungi	1562060	Penicillium verhagenii	Eukaryota	Fungi	Ascomycota	Eurotiomycetes	Eurotiales	Aspergillaceae	Penicillium
Penicillium_verrucosum	Fungi	60171	Penicillium verrucosum	Eukaryota	Fungi	Ascomycota	Eurotiomycetes	Eurotiales	Aspergillaceae	Penicillium
Penicillium_viridicatum	Fungi	60134	Penicillium viridicatum	Eukaryota	Fungi	Ascomycota	Eurotiomycetes	Eurotiales	Aspergillaceae	Penicillium
Penicillium_vulpinum	Fungi	29845	Penicillium vulpinum	Eukaryota	Fungi	Ascomycota	Eurotiomycetes	Eurotiales	Aspergillaceae	Penicillium
Penicillium_waksmanii	Fungi	69791	Penicillium waksmanii	Eukaryota	Fungi	Ascomycota	Eurotiomycetes	Eurotiales	Aspergillaceae	Penicillium
Penstemon_davidsonii	angiosperms	160366	Penstemon davidsonii	Eukaryota	Viridiplantae	Streptophyta	Magnoliopsida	Lamiales	Plantaginaceae	Penstemon
Penstemon_smallii	angiosperms	265156	Penstemon smallii	Eukaryota	Viridiplantae	Streptophyta	Magnoliopsida	Lamiales	Plantaginaceae	Penstemon
Periconia_digitata	Fungi	1303443	Periconia digitata	Eukaryota	Fungi	Ascomycota	Dothideomycetes	Pleosporales	Periconiaceae	Periconia
Periconia_macrospinosa	Fungi	97972	Periconia macrospinosa	Eukaryota	Fungi	Ascomycota	Dothideomycetes	Pleosporales	Periconiaceae	Periconia
Perinereis_aibuhitensis	Metazoa	126650	Perinereis aibuhitensis	Eukaryota	Metazoa	Annelida	Polychaeta	Phyllodocida	Nereididae	Perinereis
Periophthalmus_magnuspinnatus	Metazoa	409849	Periophthalmus magnuspinnatus	Eukaryota	Metazoa	Chordata	Actinopteri	Gobiiformes	Gobiidae	Periophthalmus
Peripatidae_sp._Panama_MCZ_IZ_141128_/_Epiperipatus_bernali	Metazoa	2806636	Peripatidae sp. Panama MCZ IZ 141128	Eukaryota	Metazoa	Onychophora	Udeonychophora	Euonychophora	Peripatidae	
Peripatopsis_bolandi	Metazoa	2448286	Peripatopsis bolandi	Eukaryota	Metazoa	Onychophora	Udeonychophora	Euonychophora	Peripatopsidae	Peripatopsis
Peripatus_(Epiperipatus)_solorzanoi	Metazoa	1633879	Peripatus solorzanoi	Eukaryota	Metazoa	Onychophora	Udeonychophora	Euonychophora	Peripatidae	Peripatus
Periplaneta_americana	Metazoa	6978	Periplaneta americana	Eukaryota	Metazoa	Arthropoda	Insecta	Blattodea	Blattidae	Periplaneta
Perkinsus_chesapeaki	Protists	330153	Perkinsus chesapeaki	Eukaryota		Perkinsozoa		Perkinsida	Perkinsidae	Perkinsus
Perkinsus_marinus_ATCC_50983	Protists	423536	Perkinsus marinus ATCC 50983	Eukaryota		Perkinsozoa		Perkinsida	Perkinsidae	Perkinsus
Perkinsus_olseni	Protists	32597	Perkinsus olseni	Eukaryota		Perkinsozoa		Perkinsida	Perkinsidae	Perkinsus
Peronosclerospora_sorghi	Protists	230839	Peronosclerospora sorghi	Eukaryota		Oomycota	Peronosporomycetes	Peronosporales	Peronosporaceae	Peronosclerospora
Peronospora_belbahrii	Protists	622444	Peronospora belbahrii	Eukaryota		Oomycota	Peronosporomycetes	Peronosporales	Peronosporaceae	Peronospora
Peronospora_effusa	Protists	542832	Peronospora effusa	Eukaryota		Oomycota	Peronosporomycetes	Peronosporales	Peronosporaceae	Peronospora
Peronospora_farinosa	Protists	134698	Peronospora farinosa	Eukaryota		Oomycota	Peronosporomycetes	Peronosporales	Peronosporaceae	Peronospora
Persea_americana	angiosperms	3435	Persea americana	Eukaryota	Viridiplantae	Streptophyta	Magnoliopsida	Laurales	Lauraceae	Persea
Pestalotiopsis_fici_W106-1	Fungi	1229662	Pestalotiopsis fici W106-1	Eukaryota	Fungi	Ascomycota	Sordariomycetes	Amphisphaeriales	Sporocadaceae	Pestalotiopsis
Pestalotiopsis_fici_W1061	Fungi	1229662	Pestalotiopsis fici W106-1	Eukaryota	Fungi	Ascomycota	Sordariomycetes	Amphisphaeriales	Sporocadaceae	Pestalotiopsis
Petrobunus_schwendingeri	Metazoa	1007617	Petrobunus schwendingeri	Eukaryota	Metazoa	Arthropoda	Arachnida	Opiliones	Petrobunidae	Petrobunus
Petrolisthes_lamarckii	Metazoa	2545256	Petrolisthes lamarckii	Eukaryota	Metazoa	Arthropoda	Malacostraca	Decapoda	Porcellanidae	Petrolisthes
Petromyzon_marinus	Metazoa	7757	Petromyzon marinus	Eukaryota	Metazoa	Chordata	Hyperoartia	Petromyzontiformes	Petromyzontidae	Petromyzon
Petunia_x_hybrida	angiosperms	4102	Petunia x hybrida	Eukaryota	Viridiplantae	Streptophyta	Magnoliopsida	Solanales	Solanaceae	Petunia
Peziza_echinospora	Fungi	61495	Peziza echinospora	Eukaryota	Fungi	Ascomycota	Pezizomycetes	Pezizales	Pezizaceae	Peziza
Phaeoacremonium_minimum_UCRPA7	Fungi	1286976	Phaeoacremonium minimum UCRPA7	Eukaryota	Fungi	Ascomycota	Sordariomycetes	Togniniales	Togniniaceae	Phaeoacremonium
Phaeoceros_carolinianus	bryophytes	185665	Phaeoceros carolinianus	Eukaryota	Viridiplantae	Streptophyta	Anthocerotopsida	Notothyladales	Notothyladaceae	Phaeoceros
Phaeodactylum_tricornutum_CCAP_1055/1	Protists	556484	Phaeodactylum tricornutum CCAP 1055/1	Eukaryota		Bacillariophyta	Bacillariophyceae	Surirellales	Neidiaceae	Phaeodactylum
Phaeomegaceros_chiloensis	bryophytes	249525	Phaeomegaceros chiloensis	Eukaryota	Viridiplantae	Streptophyta	Anthocerotopsida	Dendrocerotales	Dendrocerotaceae	Phaeomegaceros
Phaeomoniella_chlamydospora	Fungi	158046	Phaeomoniella chlamydospora	Eukaryota	Fungi	Ascomycota	Eurotiomycetes	Phaeomoniellales	Phaeomoniellaceae	Phaeomoniella
Phaeothamnion_confervicola	Protists	77034	Phaeothamnion confervicola	Eukaryota			Phaeothamniophyceae	Phaeothamniales	Phaeothamniaceae	Phaeothamnion
Phagocata_gracilis	Metazoa	1354672	Phagocata gracilis	Eukaryota	Metazoa	Platyhelminthes		Tricladida	Planariidae	Phagocata
Phagocata_morgani	Metazoa	1820202	Phagocata morgani	Eukaryota	Metazoa	Platyhelminthes		Tricladida	Planariidae	Phagocata
Phagocata_velata	Metazoa	1969971	Phagocata velata	Eukaryota	Metazoa	Platyhelminthes		Tricladida	Planariidae	Phagocata
Phagodrilus_sp._DSW-2020	Metazoa	2705235	Phagodrilus sp. DSW-2020	Eukaryota	Metazoa	Annelida	Clitellata	Lumbriculida	Lumbriculidae	Phagodrilus
Phalaenopsis_equestris	angiosperms	78828	Phalaenopsis equestris	Eukaryota	Viridiplantae	Streptophyta	Magnoliopsida	Asparagales	Orchidaceae	Phalaenopsis
Phalangium_opilio	Metazoa	118624	Phalangium opilio	Eukaryota	Metazoa	Arthropoda	Arachnida	Opiliones	Phalangiidae	Phalangium
Phallomedusa_solida	Metazoa	929610	Phallomedusa solida	Eukaryota	Metazoa	Mollusca	Gastropoda		Phallomedusidae	Phallomedusa
Phanerochaete_carnosa_HHB-10118-sp	Fungi	650164	Phanerochaete carnosa HHB-10118-sp	Eukaryota	Fungi	Basidiomycota	Agaricomycetes	Polyporales	Phanerochaetaceae	Phanerochaete
Phanerochaete_carnosa_HHB10118sp	Fungi	650164	Phanerochaete carnosa HHB-10118-sp	Eukaryota	Fungi	Basidiomycota	Agaricomycetes	Polyporales	Phanerochaetaceae	Phanerochaete
Phanerochaete_sordida	Fungi	48140	Phanerochaete sordida	Eukaryota	Fungi	Basidiomycota	Agaricomycetes	Polyporales	Phanerochaetaceae	Phanerochaete
Phascolomyces_articulosus	Fungi	60185	Phascolomyces articulosus	Eukaryota	Fungi	Mucoromycota	Mucoromycetes	Mucorales	Lichtheimiaceae	Phascolomyces
Phascolopsis_gouldii	Metazoa	6442	Phascolopsis gouldii	Eukaryota	Metazoa	Annelida	Sipuncula	Golfingiida	Sipunculidae	Phascolopsis
Phascolosoma_agassizii	Metazoa	360543	Phascolosoma agassizii	Eukaryota	Metazoa	Annelida	Sipuncula	Phascolosomatiformes	Phascolosomatidae	Phascolosoma
Phascolosoma_granulatum	Metazoa	41797	Phascolosoma granulatum	Eukaryota	Metazoa	Annelida	Sipuncula	Phascolosomatiformes	Phascolosomatidae	Phascolosoma
Phaseolus_coccineus	angiosperms	3886	Phaseolus coccineus	Eukaryota	Viridiplantae	Streptophyta	Magnoliopsida	Fabales	Fabaceae	Phaseolus
Phaseolus_vulgaris	angiosperms	3885	Phaseolus vulgaris	Eukaryota	Viridiplantae	Streptophyta	Magnoliopsida	Fabales	Fabaceae	Phaseolus
Phasianella_ventricosa	Metazoa	335755	Phasianella ventricosa	Eukaryota	Metazoa	Mollusca	Gastropoda	Trochida	Phasianellidae	Phasianella
Phellinidium_pouzarii	Fungi	167371	Phellinidium pouzarii	Eukaryota	Fungi	Basidiomycota	Agaricomycetes	Hymenochaetales	Hymenochaetaceae	Phellinidium
Phellopilus_nigrolimitatus	Fungi	127956	Phellopilus nigrolimitatus	Eukaryota	Fungi	Basidiomycota	Agaricomycetes	Hymenochaetales	Hymenochaetaceae	Phellopilus
Phenoliferia_psychrophenolica	Fungi	418498	Phenoliferia psychrophenolica	Eukaryota	Fungi	Basidiomycota	Microbotryomycetes	Kriegeriales	Kriegeriaceae	Phenoliferia
Phialemonium_atrogriseum	Fungi	1093897	Phialemonium atrogriseum	Eukaryota	Fungi	Ascomycota	Sordariomycetes	Cephalothecales	Cephalothecaceae	Phialemonium
Phialemonium_thermophilum	Fungi	223376	Phialemonium thermophilum	Eukaryota	Fungi	Ascomycota	Sordariomycetes	Cephalothecales	Cephalothecaceae	Phialemonium
Phialocephala_subalpina	Fungi	576137	Phialocephala subalpina	Eukaryota	Fungi	Ascomycota	Leotiomycetes	Helotiales	Mollisiaceae	Phialocephala
Phialophora_macrospora	Fungi	1851006	Phialophora macrospora	Eukaryota	Fungi	Ascomycota	Eurotiomycetes	Chaetothyriales	Herpotrichiellaceae	Phialophora
Phlebia_brevispora	Fungi	194682	Phlebia brevispora	Eukaryota	Fungi	Basidiomycota	Agaricomycetes	Polyporales	Meruliaceae	Phlebia
Phlebiopsis_gigantea_11061_1_CR5-6	Fungi	745531	Phlebiopsis gigantea 11061_1 CR5-6	Eukaryota	Fungi	Basidiomycota	Agaricomycetes	Polyporales	Phanerochaetaceae	Phlebiopsis
Phlebiopsis_gigantea_11061_1_CR56	Fungi	745531	Phlebiopsis gigantea 11061_1 CR5-6	Eukaryota	Fungi	Basidiomycota	Agaricomycetes	Polyporales	Phanerochaetaceae	Phlebiopsis
Phlegmacium_glaucopus	Fungi	171480	Phlegmacium glaucopus	Eukaryota	Fungi	Basidiomycota	Agaricomycetes	Agaricales	Cortinariaceae	Phlegmacium
Phlomoides_rotata	angiosperms	572115	Phlomoides rotata	Eukaryota	Viridiplantae	Streptophyta	Magnoliopsida	Lamiales	Lamiaceae	Phlomoides
Phlyctema_vagabunda	Fungi	108571	Phlyctema vagabunda	Eukaryota	Fungi	Ascomycota	Leotiomycetes	Helotiales	Dermateaceae	Phlyctema
Phlyctochytrium_arcticum	Fungi	1117335	Phlyctochytrium arcticum	Eukaryota	Fungi	Chytridiomycota	Chytridiomycetes	Chytridiales	Chytridiaceae	Phlyctochytrium
Phlyctochytrium_bullatum	Fungi	1352834	Phlyctochytrium bullatum	Eukaryota	Fungi	Chytridiomycota	Chytridiomycetes	Chytridiales	Chytridiaceae	Phlyctochytrium
Phlyctochytrium_planicorne	Fungi	261098	Phlyctochytrium planicorne	Eukaryota	Fungi	Chytridiomycota	Chytridiomycetes	Chytridiales	Chytridiaceae	Phlyctochytrium
Phoenix_dactylifera	angiosperms	42345	Phoenix dactylifera	Eukaryota	Viridiplantae	Streptophyta	Magnoliopsida	Arecales	Arecaceae	Phoenix
Pholcus_manueli	Metazoa	393849	Pholcus manueli	Eukaryota	Metazoa	Arthropoda	Arachnida	Araneae	Pholcidae	Pholcus
Pholiota_conissans	Fungi	109636	Pholiota conissans	Eukaryota	Fungi	Basidiomycota	Agaricomycetes	Agaricales	Strophariaceae	Pholiota
Pholiota_molesta	Fungi	2066989	Pholiota molesta	Eukaryota	Fungi	Basidiomycota	Agaricomycetes	Agaricales	Strophariaceae	Pholiota
Pholoe_baltica	Metazoa	318818	Pholoe baltica	Eukaryota	Metazoa	Annelida	Polychaeta	Phyllodocida	Pholoidae	Pholoe
Phorcus_turbinatus	Metazoa	43341	Phorcus turbinatus	Eukaryota	Metazoa	Mollusca	Gastropoda	Trochida	Trochidae	Phorcus
Phoronis_australis	Metazoa	115415	Phoronis australis	Eukaryota	Metazoa	Phoronida			Phoronidae	Phoronis
Phoronis_ijimai	Metazoa	672013	Phoronis vancouverensis	Eukaryota	Metazoa	Phoronida			Phoronidae	Phoronis
Phoronis_psammophila	Metazoa	67897	Phoronis psammophila	Eukaryota	Metazoa	Phoronida			Phoronidae	Phoronis
Phoronopsis_harmeri	Metazoa	490051	Phoronopsis harmeri	Eukaryota	Metazoa	Phoronida			Phoronidae	Phoronopsis
Photeros_annecohenae	Metazoa	2696923	Photeros annecohenae	Eukaryota	Metazoa	Arthropoda	Ostracoda	Myodocopida	Cypridinidae	Photeros
Photinus_pyralis	Metazoa	7054	Photinus pyralis	Eukaryota	Metazoa	Arthropoda	Insecta	Coleoptera	Lampyridae	Photinus
Phoxichilidium_cf._femoratum_JB-2020	Metazoa	2792819	Phoxichilidium cf. femoratum JB-2020	Eukaryota	Metazoa	Arthropoda	Pycnogonida	Pantopoda	Phoxichilidiidae	Phoxichilidium
Phragmites_australis	angiosperms	29695	Phragmites australis	Eukaryota	Viridiplantae	Streptophyta	Magnoliopsida	Poales	Poaceae	Phragmites
Phreodrilidae_sp._A_DSW-2020	Metazoa	2705236	Phreodrilidae sp. A DSW-2020	Eukaryota	Metazoa	Annelida	Clitellata	Tubificida	Phreodrilidae	
Phreodrilidae_sp._C_DSW-2020	Metazoa	2705238	Phreodrilidae sp. C DSW-2020	Eukaryota	Metazoa	Annelida	Clitellata	Tubificida	Phreodrilidae	
Phrynus_marginemaculatus	Metazoa	118542	Phrynus marginemaculatus	Eukaryota	Metazoa	Arthropoda	Arachnida	Amblypygi	Phrynidae	Phrynus
Phtheirospermum_japonicum	angiosperms	374723	Phtheirospermum japonicum	Eukaryota	Viridiplantae	Streptophyta	Magnoliopsida	Lamiales	Orobanchaceae	Phtheirospermum
Phycomyces_blakesleeanus_NRRL_1555(-)	Fungi	763407	Phycomyces blakesleeanus NRRL 1555(-)	Eukaryota	Fungi	Mucoromycota	Mucoromycetes	Mucorales	Phycomycetaceae	Phycomyces
Phyllachora_maydis	Fungi	1825666	Phyllachora maydis	Eukaryota	Fungi	Ascomycota	Sordariomycetes	Phyllachorales	Phyllachoraceae	Phyllachora
Phylliroe_bucephala	Metazoa	1903125	Phylliroe bucephala	Eukaryota	Metazoa	Mollusca	Gastropoda	Nudibranchia	Phylliroidae	Phylliroe
Phylliscum_demangeonii	Fungi	318774	Phylliscum demangeonii	Eukaryota	Fungi	Ascomycota	Lichinomycetes	Lichinales	Phylliscaceae	Phylliscum
Phyllochaetopterus_sp._KMH-2014	Metazoa	1490214	Phyllochaetopterus sp. KMH-2014	Eukaryota	Metazoa	Annelida	Polychaeta		Chaetopteridae	Phyllochaetopterus
Phyllodoce_medipapillata	Metazoa	868040	Phyllodoce medipapillata	Eukaryota	Metazoa	Annelida	Polychaeta	Phyllodocida	Phyllodocidae	Phyllodoce
Phyllostachys_edulis	angiosperms	38705	Phyllostachys edulis	Eukaryota	Viridiplantae	Streptophyta	Magnoliopsida	Poales	Poaceae	Phyllostachys
Phyllosticta_capitalensis	Fungi	121624	Phyllosticta capitalensis	Eukaryota	Fungi	Ascomycota	Dothideomycetes	Botryosphaeriales	Phyllostictaceae	Phyllosticta
Phyllosticta_citriasiana	Fungi	595635	Phyllosticta citriasiana	Eukaryota	Fungi	Ascomycota	Dothideomycetes	Botryosphaeriales	Phyllostictaceae	Phyllosticta
Phyllosticta_citribraziliensis	Fungi	989973	Phyllosticta citribraziliensis	Eukaryota	Fungi	Ascomycota	Dothideomycetes	Botryosphaeriales	Phyllostictaceae	Phyllosticta
Phyllosticta_citricarpa	Fungi	55181	Phyllosticta citricarpa	Eukaryota	Fungi	Ascomycota	Dothideomycetes	Botryosphaeriales	Phyllostictaceae	Phyllosticta
Phyllosticta_citrichinensis	Fungi	1130410	Phyllosticta citrichinensis	Eukaryota	Fungi	Ascomycota	Dothideomycetes	Botryosphaeriales	Phyllostictaceae	Phyllosticta
Phyllosticta_paracitricarpa	Fungi	2016321	Phyllosticta paracitricarpa	Eukaryota	Fungi	Ascomycota	Dothideomycetes	Botryosphaeriales	Phyllostictaceae	Phyllosticta
Phymatoceros_phymatodes	bryophytes	405425	Phymatoceros phymatodes	Eukaryota	Viridiplantae	Streptophyta	Anthocerotopsida	Phymatocerotales	Phymatocerotaceae	Phymatoceros
Physcia_stellaris	Fungi	116821	Physcia stellaris	Eukaryota	Fungi	Ascomycota	Lecanoromycetes	Caliciales	Physciaceae	Physcia
Physcomitrium_patens	bryophytes	3218	Physcomitrium patens	Eukaryota	Viridiplantae	Streptophyta	Bryopsida	Funariales	Funariaceae	Physcomitrium
Physella_acuta	Metazoa	109671	Physella acuta	Eukaryota	Metazoa	Mollusca	Gastropoda		Physidae	Physella
Physocladia_obscura	Fungi	109957	Physocladia obscura	Eukaryota	Fungi	Chytridiomycota	Chytridiomycetes	Chytridiales	Chytriomycetaceae	Physocladia
Phytophthora_aleatoria	Protists	2496075	Phytophthora aleatoria	Eukaryota		Oomycota	Peronosporomycetes	Peronosporales	Peronosporaceae	Phytophthora
Phytophthora_cinnamomi	Protists	4785	Phytophthora cinnamomi	Eukaryota		Oomycota	Peronosporomycetes	Peronosporales	Peronosporaceae	Phytophthora
Phytophthora_citrophthora	Protists	4793	Phytophthora citrophthora	Eukaryota		Oomycota	Peronosporomycetes	Peronosporales	Peronosporaceae	Phytophthora
Phytophthora_fragariaefolia	Protists	1490495	Phytophthora fragariaefolia	Eukaryota		Oomycota	Peronosporomycetes	Peronosporales	Peronosporaceae	Phytophthora
Phytophthora_idaei	Protists	53986	Phytophthora idaei	Eukaryota		Oomycota	Peronosporomycetes	Peronosporales	Peronosporaceae	Phytophthora
Phytophthora_infestans_T30-4	Protists	403677	Phytophthora infestans T30-4	Eukaryota		Oomycota	Peronosporomycetes	Peronosporales	Peronosporaceae	Phytophthora
Phytophthora_infestans_T304	Fungi	403677	Phytophthora infestans T30-4	Eukaryota		Oomycota	Peronosporomycetes	Peronosporales	Peronosporaceae	Phytophthora
Phytophthora_lilii	Protists	2077276	Phytophthora lilii	Eukaryota		Oomycota	Peronosporomycetes	Peronosporales	Peronosporaceae	Phytophthora
Phytophthora_megakarya	Protists	4795	Phytophthora megakarya	Eukaryota		Oomycota	Peronosporomycetes	Peronosporales	Peronosporaceae	Phytophthora
Phytophthora_nicotianae_INRA-310	Protists	761204	Phytophthora nicotianae INRA-310	Eukaryota		Oomycota	Peronosporomycetes	Peronosporales	Peronosporaceae	Phytophthora
Phytophthora_nicotianae_INRA310	Fungi	761204	Phytophthora nicotianae INRA-310	Eukaryota		Oomycota	Peronosporomycetes	Peronosporales	Peronosporaceae	Phytophthora
Phytophthora_oleae	Protists	2107226	Phytophthora oleae	Eukaryota		Oomycota	Peronosporomycetes	Peronosporales	Peronosporaceae	Phytophthora
Phytophthora_pseudosyringae	Protists	221518	Phytophthora pseudosyringae	Eukaryota		Oomycota	Peronosporomycetes	Peronosporales	Peronosporaceae	Phytophthora
Phytophthora_ramorum	Protists	164328	Phytophthora ramorum	Eukaryota		Oomycota	Peronosporomycetes	Peronosporales	Peronosporaceae	Phytophthora
Phytophthora_sojae	Protists	67593	Phytophthora sojae	Eukaryota		Oomycota	Peronosporomycetes	Peronosporales	Peronosporaceae	Phytophthora
Piccolia_ochrophora	Fungi	2939412	Piccolia ochrophora	Eukaryota	Fungi	Ascomycota				Piccolia
Pichia_inconspicua	Fungi	52247	Pichia inconspicua	Eukaryota	Fungi	Ascomycota	Pichiomycetes	Pichiales	Pichiaceae	Pichia
Pichia_kudriavzevii	Fungi	4909	Pichia kudriavzevii	Eukaryota	Fungi	Ascomycota	Pichiomycetes	Pichiales	Pichiaceae	Pichia
Pichia_membranifaciens_NRRL_Y-2026	Fungi	763406	Pichia membranifaciens NRRL Y-2026	Eukaryota	Fungi	Ascomycota	Pichiomycetes	Pichiales	Pichiaceae	Pichia
Pichia_membranifaciens_NRRL_Y2026	Fungi	763406	Pichia membranifaciens NRRL Y-2026	Eukaryota	Fungi	Ascomycota	Pichiomycetes	Pichiales	Pichiaceae	Pichia
Picomonas_judraskeda	Protists	1315715	Picomonas judraskeda	Eukaryota		Picozoa	Picomonadea	Picomonadida	Picomonadidae	Picomonas
Picozoa_sp_Boothbay-MS584-11	Protists	2316534	Picozoa sp.	Eukaryota		Picozoa				
Picozoa_sp_COSAG01	Protists	2316534	Picozoa sp.	Eukaryota		Picozoa				
Picozoa_sp_COSAG02	Protists	2316534	Picozoa sp.	Eukaryota		Picozoa				
Picozoa_sp_COSAG04	Protists	2316534	Picozoa sp.	Eukaryota		Picozoa				
Picozoa_sp_COSAG05	Protists	2316534	Picozoa sp.	Eukaryota		Picozoa				
Picozoa_sp_COSAG06	Protists	2316534	Picozoa sp.	Eukaryota		Picozoa				
Picozoa_sp_SAG11	Protists	2316534	Picozoa sp.	Eukaryota		Picozoa				
Picozoa_sp_SAG22	Protists	2316534	Picozoa sp.	Eukaryota		Picozoa				
Picozoa_sp_SAG25	Protists	2316534	Picozoa sp.	Eukaryota		Picozoa				
Picozoa_sp_SAG31	Protists	2316534	Picozoa sp.	Eukaryota		Picozoa				
Piedraia_hortae_CBS_480.64	Fungi	1314780	Piedraia hortae CBS 480.64	Eukaryota	Fungi	Ascomycota	Dothideomycetes	Capnodiales	Piedraiaceae	Piedraia
Pigoraptor_chileana	Protists	2006546	Pigoraptor chileana	Eukaryota			Filasterea			Pigoraptor
Pigoraptor_vietnamica	Protists	2006545	Pigoraptor vietnamica	Eukaryota			Filasterea			Pigoraptor
Pilaira_anomala	Fungi	64641	Pilaira anomala	Eukaryota	Fungi	Mucoromycota	Mucoromycetes	Mucorales	Mucoraceae	Pilaira
Pilargis_verrucosa	Metazoa	1818081	Pilargis verrucosa	Eukaryota	Metazoa	Annelida	Polychaeta	Phyllodocida	Pilargidae	Pilargis
Pilatotrama_ljubarskyi	Fungi	2735509	Pilatotrama ljubarskyi	Eukaryota	Fungi	Basidiomycota	Agaricomycetes	Polyporales	Polyporaceae	Pilatotrama
Pilobolus_umbonatus	Fungi	101123	Pilobolus umbonatus	Eukaryota	Fungi	Mucoromycota	Mucoromycetes	Mucorales	Pilobolaceae	Pilobolus
Piloderma_croceum_F_1598	Fungi	765440	Piloderma croceum F 1598	Eukaryota	Fungi	Basidiomycota	Agaricomycetes	Atheliales	Atheliaceae	Piloderma
Pinus_longaeva	gymnosperms	3344	Pinus longaeva	Eukaryota	Viridiplantae	Streptophyta	Pinopsida	Pinales	Pinaceae	Pinus
Pinus_taeda	gymnosperms	3352	Pinus taeda	Eukaryota	Viridiplantae	Streptophyta	Pinopsida	Pinales	Pinaceae	Pinus
Piper_nigrum	angiosperms	13216	Piper nigrum	Eukaryota	Viridiplantae	Streptophyta	Magnoliopsida	Piperales	Piperaceae	Piper
Piptocephalis_cylindrospora	Fungi	1907219	Piptocephalis cylindrospora	Eukaryota	Fungi	Zoopagomycota	Zoopagomycetes	Zoopagales	Piptocephalidaceae	Piptocephalis
Piptocephalis_tieghemiana	Fungi	1286916	Piptocephalis tieghemiana	Eukaryota	Fungi	Zoopagomycota	Zoopagomycetes	Zoopagales	Piptocephalidaceae	Piptocephalis
Piromyces_finnis	Fungi	1754191	Piromyces finnis	Eukaryota	Fungi	Neocallimastigomycota	Neocallimastigomycetes	Neocallimastigales	Neocallimastigaceae	Piromyces
Pirum_gemmata	Protists	749231	Pirum gemmata	Eukaryota			Ichthyosporea			Pirum
Pisolithus_albus	Fungi	178870	Pisolithus albus	Eukaryota	Fungi	Basidiomycota	Agaricomycetes	Boletales	Pisolithaceae	Pisolithus
Pisolithus_croceorrhizus	Fungi	2060934	Pisolithus croceorrhizus	Eukaryota	Fungi	Basidiomycota	Agaricomycetes	Boletales	Pisolithaceae	Pisolithus
Pisolithus_marmoratus	Fungi	178871	Pisolithus marmoratus	Eukaryota	Fungi	Basidiomycota	Agaricomycetes	Boletales	Pisolithaceae	Pisolithus
Pisolithus_microcarpus	Fungi	178872	Pisolithus microcarpus	Eukaryota	Fungi	Basidiomycota	Agaricomycetes	Boletales	Pisolithaceae	Pisolithus
Pisolithus_orientalis	Fungi	936130	Pisolithus orientalis	Eukaryota	Fungi	Basidiomycota	Agaricomycetes	Boletales	Pisolithaceae	Pisolithus
Pisolithus_thermaeus	Fungi	2136032	Pisolithus thermaeus	Eukaryota	Fungi	Basidiomycota	Agaricomycetes	Boletales	Pisolithaceae	Pisolithus
Pisolithus_tinctorius	Fungi	37468	Pisolithus tinctorius	Eukaryota	Fungi	Basidiomycota	Agaricomycetes	Boletales	Pisolithaceae	Pisolithus
Pistacia_atlantica	angiosperms	434234	Pistacia atlantica	Eukaryota	Viridiplantae	Streptophyta	Magnoliopsida	Sapindales	Anacardiaceae	Pistacia
Pistacia_integerrima	angiosperms	434235	Pistacia integerrima	Eukaryota	Viridiplantae	Streptophyta	Magnoliopsida	Sapindales	Anacardiaceae	Pistacia
Pistacia_vera	angiosperms	55513	Pistacia vera	Eukaryota	Viridiplantae	Streptophyta	Magnoliopsida	Sapindales	Anacardiaceae	Pistacia
Pisum_sativum	angiosperms	3888	Lathyrus oleraceus	Eukaryota	Viridiplantae	Streptophyta	Magnoliopsida	Fabales	Fabaceae	Lathyrus
Placida_kingstoni	Metazoa	749936	Placida kingstoni	Eukaryota	Metazoa	Mollusca	Gastropoda		Limapontiidae	Placida
Plagusia_squamosa	Metazoa	157785	Plagusia squamosa	Eukaryota	Metazoa	Arthropoda	Malacostraca	Decapoda	Plagusiidae	Plagusia
Plakobranchus_ianthobapsus	Metazoa	2050001	Plakobranchus ianthobapsus	Eukaryota	Metazoa	Mollusca	Gastropoda		Plakobranchidae	Plakobranchus
Planaria_torva	Metazoa	2066000	Planaria torva	Eukaryota	Metazoa	Platyhelminthes		Tricladida	Planariidae	Planaria
Plasmodiophora_brassicae	Protists	37360	Plasmodiophora brassicae	Eukaryota		Endomyxa	Phytomyxea	Plasmodiophorida	Plasmodiophoridae	Plasmodiophora
Plasmodium_adleri_(nom._inval.)	Protists	880535	Plasmodium adleri (nom. inval.)	Eukaryota		Apicomplexa	Aconoidasida	Haemosporida	Plasmodiidae	Plasmodium
Plasmodium_berghei_ANKA	Protists	5823	Plasmodium berghei ANKA	Eukaryota		Apicomplexa	Aconoidasida	Haemosporida	Plasmodiidae	Plasmodium
Plasmodium_blacklocki_(nom._inval.)	Protists	880536	Plasmodium blacklocki (nom. inval.)	Eukaryota		Apicomplexa	Aconoidasida	Haemosporida	Plasmodiidae	Plasmodium
Plasmodium_brasilianum	Protists	5824	Plasmodium brasilianum	Eukaryota		Apicomplexa	Aconoidasida	Haemosporida	Plasmodiidae	Plasmodium
Plasmodium_chabaudi_chabaudi	Protists	31271	Plasmodium chabaudi chabaudi	Eukaryota		Apicomplexa	Aconoidasida	Haemosporida	Plasmodiidae	Plasmodium
Plasmodium_coatneyi	Protists	208452	Plasmodium coatneyi	Eukaryota		Apicomplexa	Aconoidasida	Haemosporida	Plasmodiidae	Plasmodium
Plasmodium_cynomolgi_strain_B	Protists	1120755	Plasmodium cynomolgi strain B	Eukaryota		Apicomplexa	Aconoidasida	Haemosporida	Plasmodiidae	Plasmodium
Plasmodium_falciparum_3D7	Protists	36329	Plasmodium falciparum 3D7	Eukaryota		Apicomplexa	Aconoidasida	Haemosporida	Plasmodiidae	Plasmodium
Plasmodium_fragile	Protists	5857	Plasmodium fragile	Eukaryota		Apicomplexa	Aconoidasida	Haemosporida	Plasmodiidae	Plasmodium
Plasmodium_gaboni	Protists	647221	Plasmodium gaboni	Eukaryota		Apicomplexa	Aconoidasida	Haemosporida	Plasmodiidae	Plasmodium
Plasmodium_gallinaceum	Protists	5849	Plasmodium gallinaceum	Eukaryota		Apicomplexa	Aconoidasida	Haemosporida	Plasmodiidae	Plasmodium
Plasmodium_gonderi	Protists	77519	Plasmodium gonderi	Eukaryota		Apicomplexa	Aconoidasida	Haemosporida	Plasmodiidae	Plasmodium
Plasmodium_inui_San_Antonio_1	Protists	1237626	Plasmodium inui San Antonio 1	Eukaryota		Apicomplexa	Aconoidasida	Haemosporida	Plasmodiidae	Plasmodium
Plasmodium_knowlesi_strain_H	Protists	5851	Plasmodium knowlesi strain H	Eukaryota		Apicomplexa	Aconoidasida	Haemosporida	Plasmodiidae	Plasmodium
Plasmodium_malariae	Protists	5858	Plasmodium malariae	Eukaryota		Apicomplexa	Aconoidasida	Haemosporida	Plasmodiidae	Plasmodium
Plasmodium_reichenowi	Protists	5854	Plasmodium reichenowi	Eukaryota		Apicomplexa	Aconoidasida	Haemosporida	Plasmodiidae	Plasmodium
Plasmodium_relictum	Protists	85471	Plasmodium relictum	Eukaryota		Apicomplexa	Aconoidasida	Haemosporida	Plasmodiidae	Plasmodium
Plasmodium_vinckei_vinckei	Protists	54757	Plasmodium vinckei vinckei	Eukaryota		Apicomplexa	Aconoidasida	Haemosporida	Plasmodiidae	Plasmodium
Plasmodium_vivax	Protists	5855	Plasmodium vivax	Eukaryota		Apicomplexa	Aconoidasida	Haemosporida	Plasmodiidae	Plasmodium
Plasmodium_yoelii	Protists	5861	Plasmodium yoelii	Eukaryota		Apicomplexa	Aconoidasida	Haemosporida	Plasmodiidae	Plasmodium
Plasmopara_halstedii	Protists	4781	Plasmopara halstedii	Eukaryota		Oomycota	Peronosporomycetes	Peronosporales	Peronosporaceae	Plasmopara
Platanthera_guangdongensis	angiosperms	2320717	Platanthera guangdongensis	Eukaryota	Viridiplantae	Streptophyta	Magnoliopsida	Asparagales	Orchidaceae	Platanthera
Platanthera_zijinensis	angiosperms	2320716	Platanthera zijinensis	Eukaryota	Viridiplantae	Streptophyta	Magnoliopsida	Asparagales	Orchidaceae	Platanthera
Platorchestia_sp.	Metazoa	2950139	Platorchestia sp.	Eukaryota	Metazoa	Arthropoda	Malacostraca	Amphipoda	Talitridae	Platorchestia
Platynereis_dumerilii	Metazoa	6359	Platynereis dumerilii	Eukaryota	Metazoa	Annelida	Polychaeta	Phyllodocida	Nereididae	Platynereis
Platynothrus_peltifer	Metazoa	128015	Platynothrus peltifer	Eukaryota	Metazoa	Arthropoda	Arachnida	Sarcoptiformes	Camisiidae	Platynothrus
Plectosphaerella_cucumerina	Fungi	40658	Plectosphaerella cucumerina	Eukaryota	Fungi	Ascomycota	Sordariomycetes	Glomerellales	Plectosphaerellaceae	Plectosphaerella
Plectosphaerella_plurivora	Fungi	936078	Plectosphaerella plurivora	Eukaryota	Fungi	Ascomycota	Sordariomycetes	Glomerellales	Plectosphaerellaceae	Plectosphaerella
Plectotropis_quelpartensis	Metazoa	1399213	Plectotropis quelpartensis	Eukaryota	Metazoa	Mollusca	Gastropoda	Stylommatophora	Camaenidae	Plectotropis
Plectranthus_ornatus	angiosperms	2171726	Plectranthus ornatus	Eukaryota	Viridiplantae	Streptophyta	Magnoliopsida	Lamiales	Lamiaceae	Plectranthus
Plectus_sambesii	Metazoa	2011161	Plectus sambesii	Eukaryota	Metazoa	Nematoda	Chromadorea	Plectida	Plectidae	Plectus
Plenodomus_biglobosus	Fungi	220672	Plenodomus biglobosus	Eukaryota	Fungi	Ascomycota	Dothideomycetes	Pleosporales	Leptosphaeriaceae	Plenodomus
Plenodomus_lindquistii	Fungi	301713	Plenodomus lindquistii	Eukaryota	Fungi	Ascomycota	Dothideomycetes	Pleosporales	Leptosphaeriaceae	Plenodomus
Plenodomus_lingam	Fungi	5022	Plenodomus lingam	Eukaryota	Fungi	Ascomycota	Dothideomycetes	Pleosporales	Leptosphaeriaceae	Plenodomus
Plenodomus_tracheiphilus_IPT5	Fungi	1408161	Plenodomus tracheiphilus IPT5	Eukaryota	Fungi	Ascomycota	Dothideomycetes	Pleosporales	Leptosphaeriaceae	Plenodomus
Pleodorina_starrii	chlorophyta	330485	Pleodorina starrii	Eukaryota	Viridiplantae	Chlorophyta	Chlorophyceae	Chlamydomonadales	Volvocaceae	Pleodorina
Pleomassaria_siparia_CBS_279.74	Fungi	1314801	Pleomassaria siparia CBS 279.74	Eukaryota	Fungi	Ascomycota	Dothideomycetes	Pleosporales	Pleomassariaceae	Pleomassaria
Pleomothra_apletocheles	Metazoa	588424	Pleomothra apletocheles	Eukaryota	Metazoa	Arthropoda	Remipedia	Nectiopoda	Godzilliidae	Pleomothra
Pleopsidium_flavum	Fungi	318763	Pleopsidium flavum	Eukaryota	Fungi	Ascomycota	Lecanoromycetes	Acarosporales	Acarosporaceae	Pleopsidium
Plethodon_cinereus	Metazoa	141976	Plethodon cinereus	Eukaryota	Metazoa	Chordata	Amphibia	Caudata	Plethodontidae	Plethodon
Pleurobranchaea_californica	Metazoa	404816	Pleurobranchaea californica	Eukaryota	Metazoa	Mollusca	Gastropoda	Pleurobranchida	Pleurobranchidae	Pleurobranchaea
Pleurostoma_richardsiae	Fungi	41990	Pleurostoma richardsiae	Eukaryota	Fungi	Ascomycota	Sordariomycetes	Calosphaeriales	Pleurostomataceae	Pleurostoma
Pleurotus_cornucopiae	Fungi	5321	Pleurotus cornucopiae	Eukaryota	Fungi	Basidiomycota	Agaricomycetes	Agaricales	Pleurotaceae	Pleurotus
Pleurotus_djamor	Fungi	34470	Pleurotus djamor	Eukaryota	Fungi	Basidiomycota	Agaricomycetes	Agaricales	Pleurotaceae	Pleurotus
Pleurotus_ostreatus	Fungi	5322	Pleurotus ostreatus	Eukaryota	Fungi	Basidiomycota	Agaricomycetes	Agaricales	Pleurotaceae	Pleurotus
Pleurotus_pulmonarius	Fungi	28995	Pleurotus pulmonarius	Eukaryota	Fungi	Basidiomycota	Agaricomycetes	Agaricales	Pleurotaceae	Pleurotus
Plicaturopsis_crispa_FD-325_SS-3	Fungi	944288	Plicaturopsis crispa FD-325 SS-3	Eukaryota	Fungi	Basidiomycota	Agaricomycetes	Amylocorticiales	Amylocorticiaceae	Plicatura
Plicaturopsis_crispa_FD325_SS3	Fungi	944288	Plicaturopsis crispa FD-325 SS-3	Eukaryota	Fungi	Basidiomycota	Agaricomycetes	Amylocorticiales	Amylocorticiaceae	Plicatura
Pluteus_cervinus	Fungi	181527	Pluteus cervinus	Eukaryota	Fungi	Basidiomycota	Agaricomycetes	Agaricales	Pluteaceae	Pluteus
Pneumocystis_canis	Fungi	2698477	Pneumocystis canis	Eukaryota	Fungi	Ascomycota	Pneumocystomycetes	Pneumocystales	Pneumocystaceae	Pneumocystis
Pneumocystis_carinii_B80	Fungi	1408658	Pneumocystis carinii B80	Eukaryota	Fungi	Ascomycota	Pneumocystomycetes	Pneumocystales	Pneumocystaceae	Pneumocystis
Pneumocystis_jirovecii_RU7	Fungi	1408657	Pneumocystis jirovecii RU7	Eukaryota	Fungi	Ascomycota	Pneumocystomycetes	Pneumocystales	Pneumocystaceae	Pneumocystis
Pneumocystis_murina_B123	Fungi	1069680	Pneumocystis murina B123	Eukaryota	Fungi	Ascomycota	Pneumocystomycetes	Pneumocystales	Pneumocystaceae	Pneumocystis
Pneumocystis_oryctolagi	Fungi	42067	Pneumocystis oryctolagi	Eukaryota	Fungi	Ascomycota	Pneumocystomycetes	Pneumocystales	Pneumocystaceae	Pneumocystis
Pneumocystis_wakefieldiae	Fungi	38082	Pneumocystis wakefieldiae	Eukaryota	Fungi	Ascomycota	Pneumocystomycetes	Pneumocystales	Pneumocystaceae	Pneumocystis
Pochonia_chlamydosporia_170	Fungi	1380566	Pochonia chlamydosporia 170	Eukaryota	Fungi	Ascomycota	Sordariomycetes	Hypocreales	Clavicipitaceae	Pochonia
Podarcis_muralis	Metazoa	64176	Podarcis muralis	Eukaryota	Metazoa	Chordata	Lepidosauria	Squamata	Lacertidae	Podarcis
Podila_clonocystis	Fungi	979688	Podila clonocystis	Eukaryota	Fungi	Mortierellomycota	Mortierellomycetes	Mortierellales	Mortierellaceae	Podila
Podila_epicladia	Fungi	979697	Podila epicladia	Eukaryota	Fungi	Mortierellomycota	Mortierellomycetes	Mortierellales	Mortierellaceae	Podila
Podila_epigama	Fungi	979699	Podila epigama	Eukaryota	Fungi	Mortierellomycota	Mortierellomycetes	Mortierellales	Mortierellaceae	Podila
Podila_horticola	Fungi	311239	Podila horticola	Eukaryota	Fungi	Mortierellomycota	Mortierellomycetes	Mortierellales	Mortierellaceae	Podila
Podila_humilis	Fungi	64523	Podila humilis	Eukaryota	Fungi	Mortierellomycota	Mortierellomycetes	Mortierellales	Mortierellaceae	Podila
Podila_minutissima	Fungi	64525	Podila minutissima	Eukaryota	Fungi	Mortierellomycota	Mortierellomycetes	Mortierellales	Mortierellaceae	Podila
Podila_verticillata_NRRL_6337	Fungi	1069443	Podila verticillata NRRL 6337	Eukaryota	Fungi	Mortierellomycota	Mortierellomycetes	Mortierellales	Mortierellaceae	Podila
Podosphaera_leucotricha	Fungi	79249	Podosphaera leucotricha	Eukaryota	Fungi	Ascomycota	Leotiomycetes	Erysiphales	Erysiphaceae	Podosphaera
Podospora_anserina_S_mat+	Fungi	515849	Podospora anserina S mat+	Eukaryota	Fungi	Ascomycota	Sordariomycetes	Sordariales	Podosporaceae	Podospora
Podospora_appendiculata	Fungi	314037	Podospora appendiculata	Eukaryota	Fungi	Ascomycota	Sordariomycetes	Sordariales	Podosporaceae	Podospora
Podospora_australis	Fungi	1536484	Podospora australis	Eukaryota	Fungi	Ascomycota	Sordariomycetes	Sordariales	Podosporaceae	Podospora
Podospora_bellae-mahoneyi	Fungi	2093777	Podospora bellae-mahoneyi	Eukaryota	Fungi	Ascomycota	Sordariomycetes	Sordariales	Podosporaceae	Podospora
Podospora_bellaemahoneyi	Fungi	2093777	Podospora bellae-mahoneyi	Eukaryota	Fungi	Ascomycota	Sordariomycetes	Sordariales	Podosporaceae	Podospora
Podospora_conica	Fungi	261694	Podospora conica	Eukaryota	Fungi	Ascomycota	Sordariomycetes	Sordariales	Podosporaceae	Podospora
Podospora_didyma	Fungi	330526	Podospora didyma	Eukaryota	Fungi	Ascomycota	Sordariomycetes	Sordariales	Podosporaceae	Podospora
Podospora_fimiseda	Fungi	252190	Podospora fimiseda	Eukaryota	Fungi	Ascomycota	Sordariomycetes	Sordariales	Podosporaceae	Podospora
Podospora_pseudoanserina	Fungi	2609844	Podospora pseudoanserina	Eukaryota	Fungi	Ascomycota	Sordariomycetes	Sordariales	Podosporaceae	Podospora
Podospora_pseudocomata	Fungi	2093779	Podospora pseudocomata	Eukaryota	Fungi	Ascomycota	Sordariomycetes	Sordariales	Podosporaceae	Podospora
Podospora_pseudopauciseta	Fungi	2093780	Podospora pseudopauciseta	Eukaryota	Fungi	Ascomycota	Sordariomycetes	Sordariales	Podosporaceae	Podospora
Pogonognathellus_sp._AD-2013	Metazoa	1323567	Pogonognathellus sp. AD-2013	Eukaryota	Metazoa	Arthropoda	Collembola	Entomobryomorpha	Tomoceridae	Pogonognathellus
Polarella_glacialis	Protists	89957	Polarella glacialis	Eukaryota			Dinophyceae	Suessiales	Suessiaceae	Polarella
Pollicipes_pollicipes	Metazoa	41117	Pollicipes pollicipes	Eukaryota	Metazoa	Arthropoda	Thecostraca	Pollicipedomorpha	Pollicipedidae	Pollicipes
Polycelis_felina	Metazoa	39785	Polycelis felina	Eukaryota	Metazoa	Platyhelminthes		Tricladida	Planariidae	Polycelis
Polycelis_nigra	Metazoa	39786	Polycelis nigra	Eukaryota	Metazoa	Platyhelminthes		Tricladida	Planariidae	Polycelis
Polycelis_tenuis	Metazoa	66754	Polycelis tenuis	Eukaryota	Metazoa	Platyhelminthes		Tricladida	Planariidae	Polycelis
Polychaeton_citri_CBS_116435	Fungi	1314669	Polychaeton citri CBS 116435	Eukaryota	Fungi	Ascomycota	Dothideomycetes	Capnodiales	Capnodiaceae	Polychaeton
Polychytrium_aggregatum	Fungi	110093	Polychytrium aggregatum	Eukaryota	Fungi	Chytridiomycota	Chytridiomycetes	Polychytriales		Polychytrium
Polydesmus_complanatus	Metazoa	510027	Polydesmus complanatus	Eukaryota	Metazoa	Arthropoda	Diplopoda	Polydesmida	Polydesmidae	Polydesmus
Polyodon_spathula	Metazoa	7913	Polyodon spathula	Eukaryota	Metazoa	Chordata	Actinopteri	Acipenseriformes	Polyodontidae	Polyodon
Polyplosphaeria_fusca	Fungi	682080	Polyplosphaeria fusca	Eukaryota	Fungi	Ascomycota	Dothideomycetes	Pleosporales	Tetraplosphaeriaceae	Polyplosphaeria
Polypterus_senegalus	Metazoa	1819745	Intoshia linei	Eukaryota	Metazoa	Orthonectida			Rhopaluridae	Intoshia
Polyrhizophydium_stewartii	Fungi	2732419	Polyrhizophydium stewartii	Eukaryota	Fungi	Chytridiomycota	Chytridiomycetes	Rhizophydiales		Polyrhizophydium
Polytolypa_hystricis_UAMH7299	Fungi	1447883	Polytolypa hystricis UAMH7299	Eukaryota	Fungi	Ascomycota	Eurotiomycetes	Onygenales		Polytolypa
Polytrichastrum_alpinum	bryophytes	129212	Polytrichastrum alpinum	Eukaryota	Viridiplantae	Streptophyta	Polytrichopsida	Polytrichales	Polytrichaceae	Polytrichastrum
Polyxenus_lagurus	Metazoa	52428	Polyxenus lagurus	Eukaryota	Metazoa	Arthropoda	Diplopoda	Polyxenida	Polyxenidae	Polyxenus
Polyzonium_germanicum	Metazoa	118488	Polyzonium germanicum	Eukaryota	Metazoa	Arthropoda	Diplopoda	Polyzoniida	Polyzoniidae	Polyzonium
Pomacea_canaliculata	Metazoa	400727	Pomacea canaliculata	Eukaryota	Metazoa	Mollusca	Gastropoda	Architaenioglossa	Ampullariidae	Pomacea
Pomacea_maculata	Metazoa	1245466	Pomacea maculata	Eukaryota	Metazoa	Mollusca	Gastropoda	Architaenioglossa	Ampullariidae	Pomacea
Pomatias_elegans	Metazoa	928741	Cochlostoma elegans	Eukaryota	Metazoa	Mollusca	Gastropoda	Architaenioglossa	Cochlostomatidae	Cochlostoma
Pompholyxophrys_punicea	Protists	2510583	Pompholyxophrys punicea	Eukaryota				Rotosphaerida		Pompholyxophrys
Pompholyxophrys_sp_LG126	Protists	2511779	Pompholyxophrys sp.	Eukaryota				Rotosphaerida		Pompholyxophrys
Pontocypris_avena	Metazoa	509935	Pontocypris mytiloides	Eukaryota	Metazoa	Arthropoda	Ostracoda	Podocopida	Pontocyprididae	Pontocypris
Pontonema_vulgare	Metazoa	73929	Pontonema vulgare	Eukaryota	Metazoa	Nematoda	Enoplea	Enoplida	Oncholaimidae	Pontonema
Populus_alba	angiosperms	444605	Populus alba x Populus x berolinensis	Eukaryota	Viridiplantae	Streptophyta	Magnoliopsida	Malpighiales	Salicaceae	Populus
Populus_alba_x_Populus_x_berolinensis	angiosperms	444605	Populus alba x Populus x berolinensis	Eukaryota	Viridiplantae	Streptophyta	Magnoliopsida	Malpighiales	Salicaceae	Populus
Populus_euphratica	angiosperms	75702	Populus euphratica	Eukaryota	Viridiplantae	Streptophyta	Magnoliopsida	Malpighiales	Salicaceae	Populus
Populus_nigra	angiosperms	3691	Populus nigra	Eukaryota	Viridiplantae	Streptophyta	Magnoliopsida	Malpighiales	Salicaceae	Populus
Populus_tomentosa	angiosperms	118781	Populus tomentosa	Eukaryota	Viridiplantae	Streptophyta	Magnoliopsida	Malpighiales	Salicaceae	Populus
Populus_trichocarpa	angiosperms	3694	Populus trichocarpa	Eukaryota	Viridiplantae	Streptophyta	Magnoliopsida	Malpighiales	Salicaceae	Populus
Populus_x_canadensis	angiosperms	3690	Populus x canadensis	Eukaryota	Viridiplantae	Streptophyta	Magnoliopsida	Malpighiales	Salicaceae	Populus
Porcellionides_pruinosus	Metazoa	96870	Porcellionides pruinosus	Eukaryota	Metazoa	Arthropoda	Malacostraca	Isopoda	Porcellionidae	Porcellionides
Poronia_punctata	Fungi	101475	Poronia punctata	Eukaryota	Fungi	Ascomycota	Sordariomycetes	Xylariales	Xylariaceae	Poronia
Porphyra_purpurea	Rhodophyta	2787	Porphyra purpurea	Eukaryota		Rhodophyta	Bangiophyceae	Bangiales	Bangiaceae	Porphyra
Porphyra_umbilicalis	Rhodophyta	2786	Porphyra umbilicalis	Eukaryota		Rhodophyta	Bangiophyceae	Bangiales	Bangiaceae	Porphyra
Porphyridium_aerugineum	Rhodophyta	2792	Porphyridium aerugineum	Eukaryota		Rhodophyta	Bangiophyceae	Porphyridiales	Porphyridiaceae	Porphyridium
Porphyridium_purpureum	Rhodophyta	35688	Porphyridium purpureum	Eukaryota		Rhodophyta	Bangiophyceae	Porphyridiales	Porphyridiaceae	Porphyridium
Portunus_trituberculatus	Metazoa	210409	Portunus trituberculatus	Eukaryota	Metazoa	Arthropoda	Malacostraca	Decapoda	Portunidae	Portunus
Postia_placenta_MAD-698-R-SB12	Fungi	670580	Postia placenta MAD-698-R-SB12	Eukaryota	Fungi	Basidiomycota	Agaricomycetes	Polyporales	Adustoporiaceae	Rhodonia
Postia_placenta_MAD698RSB12	Fungi	670580	Postia placenta MAD-698-R-SB12	Eukaryota	Fungi	Basidiomycota	Agaricomycetes	Polyporales	Adustoporiaceae	Rhodonia
Powellomyces_hirtus	Fungi	109895	Powellomyces hirtus	Eukaryota	Fungi	Chytridiomycota	Chytridiomycetes	Spizellomycetales	Powellomycetaceae	Powellomyces
Prasinoderma_coloniale	chlorophyta	156133	Prasinoderma coloniale	Eukaryota	Viridiplantae	Prasinodermophyta	Prasinodermophyceae	Prasinodermales	Prasinodermaceae	Prasinoderma
Priapulus_caudatus	Metazoa	37621	Priapulus caudatus	Eukaryota	Metazoa	Priapulida	Priapulimorpha	Priapulimorphida	Priapulidae	Priapulus
Priceomyces_carsonii	Fungi	28549	Priceomyces carsonii	Eukaryota	Fungi	Ascomycota	Pichiomycetes	Serinales	Debaryomycetaceae	Priceomyces
Primulina_eburnea	angiosperms	1245227	Primulina eburnea	Eukaryota	Viridiplantae	Streptophyta	Magnoliopsida	Lamiales	Gesneriaceae	Primulina
Primulina_huaijiensis	angiosperms	1492673	Primulina huaijiensis	Eukaryota	Viridiplantae	Streptophyta	Magnoliopsida	Lamiales	Gesneriaceae	Primulina
Primulina_tabacum	angiosperms	48773	Primulina tabacum	Eukaryota	Viridiplantae	Streptophyta	Magnoliopsida	Lamiales	Gesneriaceae	Primulina
Prionchulus_punctatus	Metazoa	293874	Prionchulus punctatus	Eukaryota	Metazoa	Nematoda	Enoplea	Mononchida	Mononchidae	Prionchulus
Pristionchus_pacificus	Metazoa	54126	Pristionchus pacificus	Eukaryota	Metazoa	Nematoda	Chromadorea	Rhabditida	Neodiplogasteridae	Pristionchus
Proasellus_jaloniacus	Metazoa	1281986	Proasellus jaloniacus	Eukaryota	Metazoa	Arthropoda	Malacostraca	Isopoda	Asellidae	Proasellus
Procambarus_clarkii	Metazoa	6728	Procambarus clarkii	Eukaryota	Metazoa	Arthropoda	Malacostraca	Decapoda	Cambaridae	Procambarus
Progradungula_otwayensis	Metazoa	2080872	Progradungula otwayensis	Eukaryota	Metazoa	Arthropoda	Arachnida	Araneae	Gradungulidae	Progradungula
Prokoenenia_wheeleri	Metazoa	681542	Prokoenenia wheeleri	Eukaryota	Metazoa	Arthropoda	Arachnida	Palpigradi	Prokoeneniidae	Prokoenenia
Proneomenia_custodiens	Metazoa	1500391	Proneomenia sp. KMK-2014	Eukaryota	Metazoa	Mollusca	Solenogastres	Cavibelonia	Proneomeniidae	Proneomenia
Propanagrolaimus_sp._JU765	Metazoa	591449	Panagrolaimus sp. JU765	Eukaryota	Metazoa	Nematoda	Chromadorea	Rhabditida	Panagrolaimidae	Panagrolaimus
Propappus_volki	Metazoa	251477	Propappus volki	Eukaryota	Metazoa	Annelida	Clitellata	Enchytraeida	Propappidae	Propappus
Prorhinotermes_simplex	Metazoa	1312446	Prorhinotermes simplex	Eukaryota	Metazoa	Arthropoda	Insecta	Blattodea	Rhinotermitidae	Prorhinotermes
Prorhynchus_stagnalis	Metazoa	1468201	Prorhynchus stagnalis	Eukaryota	Metazoa	Platyhelminthes		Prorhynchida	Prorhynchidae	Prorhynchus
Prorocentrum_cordatum	Protists	2364126	Prorocentrum cordatum	Eukaryota			Dinophyceae	Prorocentrales	Prorocentraceae	Prorocentrum
Prosopis_cineraria	angiosperms	364024	Prosopis cineraria	Eukaryota	Viridiplantae	Streptophyta	Magnoliopsida	Fabales	Fabaceae	Prosopis
Prostheceraeus_crozieri	Metazoa	2291463	Prostheceraeus crozeri	Eukaryota	Metazoa	Platyhelminthes		Polycladida	Euryleptidae	Prostheceraeus
Prosthiostomum_siphunculus	Metazoa	983679	Prosthiostomum siphunculus	Eukaryota	Metazoa	Platyhelminthes		Polycladida	Prosthiostomidae	Prosthiostomum
Protea_cynaroides	angiosperms	273540	Protea cynaroides	Eukaryota	Viridiplantae	Streptophyta	Magnoliopsida	Proteales	Proteaceae	Protea
Protimesius_longipalpis	Metazoa	1955539	Obidosus longipalpis	Eukaryota	Metazoa	Arthropoda	Arachnida	Opiliones	Stygnidae	Obidosus
Protochelifer_sp._MCZ_49984	Metazoa	2590517	Protochelifer sp. MCZ 49984	Eukaryota	Metazoa	Arthropoda	Arachnida	Pseudoscorpiones	Cheliferidae	Protochelifer
Protodriloides_chaetifer	Metazoa	254032	Protodriloides chaetifer	Eukaryota	Metazoa	Annelida	Polychaeta		Protodrilidae	Protodriloides
Protodriloides_symbioticus	Metazoa	205111	Protodriloides symbioticus	Eukaryota	Metazoa	Annelida	Polychaeta		Protodrilidae	Protodriloides
Protolophus_singularis	Metazoa	409368	Protolophus singularis	Eukaryota	Metazoa	Arthropoda	Arachnida	Opiliones	Protolophidae	Protolophus
Protomyces_lactucae-debilis	Fungi	2754530	Protomyces lactucae-debilis	Eukaryota	Fungi	Ascomycota	Taphrinomycetes	Taphrinales	Protomycetaceae	Protomyces
Protomyces_lactucaedebilis	Fungi	2754530	Protomyces lactucae-debilis	Eukaryota	Fungi	Ascomycota	Taphrinomycetes	Taphrinales	Protomycetaceae	Protomyces
Protopterus_aethiopicus	Metazoa	7886	Protopterus aethiopicus	Eukaryota	Metazoa	Chordata		Ceratodontiformes	Protopteridae	Protopterus
Protopterus_annectens	Metazoa	7888	Protopterus annectens	Eukaryota	Metazoa	Chordata		Ceratodontiformes	Protopteridae	Protopterus
Prunus_avium	angiosperms	42229	Prunus avium	Eukaryota	Viridiplantae	Streptophyta	Magnoliopsida	Rosales	Rosaceae	Prunus
Prunus_brigantina	angiosperms	151428	Prunus brigantina	Eukaryota	Viridiplantae	Streptophyta	Magnoliopsida	Rosales	Rosaceae	Prunus
Prunus_campanulata	angiosperms	136465	Prunus campanulata	Eukaryota	Viridiplantae	Streptophyta	Magnoliopsida	Rosales	Rosaceae	Prunus
Prunus_dulcis	angiosperms	3755	Prunus dulcis	Eukaryota	Viridiplantae	Streptophyta	Magnoliopsida	Rosales	Rosaceae	Prunus
Prunus_mume	angiosperms	102107	Prunus mume	Eukaryota	Viridiplantae	Streptophyta	Magnoliopsida	Rosales	Rosaceae	Prunus
Prunus_persica	angiosperms	3760	Prunus persica	Eukaryota	Viridiplantae	Streptophyta	Magnoliopsida	Rosales	Rosaceae	Prunus
Prunus_speciosa	angiosperms	378228	Prunus speciosa	Eukaryota	Viridiplantae	Streptophyta	Magnoliopsida	Rosales	Rosaceae	Prunus
Psammodrilus_balanoglossoides	Metazoa	1977847	Psammodrilus balanoglossoides	Eukaryota	Metazoa	Annelida	Polychaeta		Psammodrilidae	Psammodrilus
Psammomacrostomum_sp._2_JNB-2019	Metazoa	2614406	Psammomacrostomum sp. 2 JNB-2019	Eukaryota	Metazoa	Platyhelminthes			Macrostomidae	Psammomacrostomum
Pseudevernia_consocians	Fungi	136281	Pseudevernia consocians	Eukaryota	Fungi	Ascomycota	Lecanoromycetes	Lecanorales	Parmeliaceae	Pseudevernia
Pseudo-nitzschia_multistriata	Protists	183589	Pseudo-nitzschia multistriata	Eukaryota		Bacillariophyta	Bacillariophyceae	Bacillariales	Bacillariaceae	Pseudo-nitzschia
Pseudocercospora_eumusae	Fungi	321146	Pseudocercospora eumusae	Eukaryota	Fungi	Ascomycota	Dothideomycetes	Mycosphaerellales	Mycosphaerellaceae	Pseudocercospora
Pseudocercospora_fijiensis_CIRAD86	Fungi	383855	Pseudocercospora fijiensis CIRAD86	Eukaryota	Fungi	Ascomycota	Dothideomycetes	Mycosphaerellales	Mycosphaerellaceae	Pseudocercospora
Pseudocercospora_fuligena	Fungi	685502	Pseudocercospora fuligena	Eukaryota	Fungi	Ascomycota	Dothideomycetes	Mycosphaerellales	Mycosphaerellaceae	Pseudocercospora
Pseudocercospora_musae	Fungi	113226	Pseudocercospora musae	Eukaryota	Fungi	Ascomycota	Dothideomycetes	Mycosphaerellales	Mycosphaerellaceae	Pseudocercospora
Pseudocohnilembus_persalinus	Protists	266149	Pseudocohnilembus persalinus	Eukaryota		Ciliophora	Oligohymenophorea	Philasterida	Pseudocohnilembidae	Pseudocohnilembus
Pseudocyphellaria_aurata	Fungi	169141	Pseudocyphellaria aurata	Eukaryota	Fungi	Ascomycota	Lecanoromycetes	Peltigerales	Lobariaceae	Pseudocyphellaria
Pseudogymnoascus_australis	Fungi	3342545	Pseudogymnoascus australis	Eukaryota	Fungi	Ascomycota	Leotiomycetes	Thelebolales	Thelebolaceae	Pseudogymnoascus
Pseudogymnoascus_destructans	Fungi	655981	Pseudogymnoascus destructans	Eukaryota	Fungi	Ascomycota	Leotiomycetes	Thelebolales	Thelebolaceae	Pseudogymnoascus
Pseudogymnoascus_verrucosus	Fungi	342668	Pseudogymnoascus verrucosus	Eukaryota	Fungi	Ascomycota	Leotiomycetes	Thelebolales	Thelebolaceae	Pseudogymnoascus
Pseudohyphozyma_bogoriensis	Fungi	106002	Pseudohyphozyma bogoriensis	Eukaryota	Fungi	Basidiomycota	Microbotryomycetes		Chrysozymaceae	Pseudohyphozyma
Pseudoloma_neurophilia	Fungi	146866	Pseudoloma neurophilia	Eukaryota	Fungi	Microsporidia				Pseudoloma
Pseudomassariella_vexata	Fungi	1141098	Pseudomassariella vexata	Eukaryota	Fungi	Ascomycota	Sordariomycetes	Amphisphaeriales	Pseudomassariaceae	Pseudomassariella
Pseudoneurospora_amorphoporcata	Fungi	241081	Pseudoneurospora amorphoporcata	Eukaryota	Fungi	Ascomycota	Sordariomycetes	Sordariales	Sordariaceae	Pseudoneurospora
Pseudonitzschia_multistriata	Fungi	183589	Pseudo-nitzschia multistriata	Eukaryota		Bacillariophyta	Bacillariophyceae	Bacillariales	Bacillariaceae	Pseudo-nitzschia
Pseudopolydesmus_sp._MB-2013	Metazoa	1348323	Pseudopolydesmus sp. MB-2013	Eukaryota	Metazoa	Arthropoda	Diplopoda	Polydesmida	Polydesmidae	Pseudopolydesmus
Pseudosagitta_gazellae	Metazoa	1562710	Pseudosagitta gazellae	Eukaryota	Metazoa	Chaetognatha	Sagittoidea	Aphragmophora	Sagittidae	Pseudosagitta
Pseudoscourfieldia_marina	chlorophyta	41886	Pseudoscourfieldia marina	Eukaryota	Viridiplantae	Chlorophyta	Pseudoscourfieldiophyceae	Pseudoscourfieldiales	Pseudoscourfieldiaceae	Pseudoscourfieldia
Pseudosphyrapus_quintolongus	Metazoa	992968	Pseudosphyrapus quintolongus	Eukaryota	Metazoa	Arthropoda	Malacostraca	Tanaidacea	Sphyrapidae	Pseudosphyrapus
Pseudosuccinea_columella	Metazoa	31228	Pseudosuccinea columella	Eukaryota	Metazoa	Mollusca	Gastropoda		Lymnaeidae	Pseudosuccinea
Pseudotyrannochthonius_sp._B_LB-2019	Metazoa	2590520	Pseudotyrannochthonius sp. B LB-2019	Eukaryota	Metazoa	Arthropoda	Arachnida	Pseudoscorpiones	Pseudotyrannochthoniidae	Pseudotyrannochthonius
Pseudovirgaria_hyperparasitica	Fungi	470096	Pseudovirgaria hyperparasitica	Eukaryota	Fungi	Ascomycota	Dothideomycetes	Acrospermales	Acrospermaceae	Pseudovirgaria
Pseudozyma_flocculosa_PF-1	Fungi	1277687	Pseudozyma flocculosa PF-1	Eukaryota	Fungi	Basidiomycota	Ustilaginomycetes	Ustilaginales	Ustilaginaceae	Pseudozyma
Pseudozyma_flocculosa_PF1	Fungi	1277687	Pseudozyma flocculosa PF-1	Eukaryota	Fungi	Basidiomycota	Ustilaginomycetes	Ustilaginales	Ustilaginaceae	Pseudozyma
Pseudozyma_hubeiensis_SY62	Fungi	1305764	Pseudozyma hubeiensis SY62	Eukaryota	Fungi	Basidiomycota	Ustilaginomycetes	Ustilaginales	Ustilaginaceae	Pseudozyma
Psilocybe_cubensis	Fungi	181762	Psilocybe cubensis	Eukaryota	Fungi	Basidiomycota	Agaricomycetes	Agaricales	Agrocybaceae	Psilocybe
Psilocybe_cyanescens	Fungi	93625	Psilocybe cyanescens	Eukaryota	Fungi	Basidiomycota	Agaricomycetes	Agaricales	Agrocybaceae	Psilocybe
Psophocarpus_tetragonolobus	angiosperms	3891	Psophocarpus tetragonolobus	Eukaryota	Viridiplantae	Streptophyta	Magnoliopsida	Fabales	Fabaceae	Psophocarpus
Psora_crenata	Fungi	258896	Psora crenata	Eukaryota	Fungi	Ascomycota	Lecanoromycetes	Lecanorales	Psoraceae	Psora
Psora_testacea	Fungi	258898	Psora testacea	Eukaryota	Fungi	Ascomycota	Lecanoromycetes	Lecanorales	Psoraceae	Psora
Pterosagitta_draco	Metazoa	366433	Pterosagitta draco	Eukaryota	Metazoa	Chaetognatha	Sagittoidea	Aphragmophora	Pterosagittidae	Pterosagitta
Pterospermum_kingtungense	angiosperms	1686260	Pterospermum kingtungense	Eukaryota	Viridiplantae	Streptophyta	Magnoliopsida	Malvales	Malvaceae	Pterospermum
Pterulicium_gracile	Fungi	1884261	Pterulicium gracile	Eukaryota	Fungi	Basidiomycota	Agaricomycetes	Agaricales	Pterulaceae	Pterulicium
Pterygioteuthis_hoylei	Metazoa	559549	Pterygioteuthis hoylei	Eukaryota	Metazoa	Mollusca	Cephalopoda	Oegopsida	Enoploteuthidae	Pterygioteuthis
Ptychodera_flava	Metazoa	63121	Ptychodera flava	Eukaryota	Metazoa	Hemichordata	Enteropneusta		Ptychoderidae	Ptychodera
Ptychographa_xylographoides	Fungi	223409	Ptychographa xylographoides	Eukaryota	Fungi	Ascomycota	Lecanoromycetes	Baeomycetales	Xylographaceae	Ptychographa
Puccinellia_chinampoensis	angiosperms	428215	Puccinellia chinampoensis	Eukaryota	Viridiplantae	Streptophyta	Magnoliopsida	Poales	Poaceae	Puccinellia
Puccinia_coronata_f._sp._avenae	Fungi	200324	Puccinia coronata f. sp. avenae	Eukaryota	Fungi	Basidiomycota	Pucciniomycetes	Pucciniales	Pucciniaceae	Puccinia
Puccinia_graminis_f._sp._tritici_CRL_75-36-700-3	Fungi	418459	Puccinia graminis f. sp. tritici CRL 75-36-700-3	Eukaryota	Fungi	Basidiomycota	Pucciniomycetes	Pucciniales	Pucciniaceae	Puccinia
Puccinia_graminis_f._sp._tritici_CRL_75367003	Fungi	418459	Puccinia graminis f. sp. tritici CRL 75-36-700-3	Eukaryota	Fungi	Basidiomycota	Pucciniomycetes	Pucciniales	Pucciniaceae	Puccinia
Puccinia_sorghi	Fungi	27349	Puccinia sorghi	Eukaryota	Fungi	Basidiomycota	Pucciniomycetes	Pucciniales	Pucciniaceae	Puccinia
Puccinia_striiformis_f._sp._tritici	Fungi	168172	Puccinia striiformis f. sp. tritici	Eukaryota	Fungi	Basidiomycota	Pucciniomycetes	Pucciniales	Pucciniaceae	Puccinia
Puccinia_triticina	Fungi	208348	Puccinia triticina	Eukaryota	Fungi	Basidiomycota	Pucciniomycetes	Pucciniales	Pucciniaceae	Puccinia
Punctularia_strigosozonata_HHB-11173_SS5	Fungi	741275	Punctularia strigosozonata HHB-11173 SS5	Eukaryota	Fungi	Basidiomycota	Agaricomycetes	Corticiales	Punctulariaceae	Punctularia
Punctularia_strigosozonata_HHB11173_SS5	Fungi	741275	Punctularia strigosozonata HHB-11173 SS5	Eukaryota	Fungi	Basidiomycota	Agaricomycetes	Corticiales	Punctulariaceae	Punctularia
Punica_granatum	angiosperms	22663	Punica granatum	Eukaryota	Viridiplantae	Streptophyta	Magnoliopsida	Myrtales	Lythraceae	Punica
Purpureocillium_lavendulum	Fungi	1247861	Purpureocillium lavendulum	Eukaryota	Fungi	Ascomycota	Sordariomycetes	Hypocreales	Ophiocordycipitaceae	Purpureocillium
Purpureocillium_lilacinum	Fungi	33203	Purpureocillium lilacinum	Eukaryota	Fungi	Ascomycota	Sordariomycetes	Hypocreales	Ophiocordycipitaceae	Purpureocillium
Purpureocillium_takamizusanense	Fungi	2060973	Purpureocillium takamizusanense	Eukaryota	Fungi	Ascomycota	Sordariomycetes	Hypocreales	Ophiocordycipitaceae	Purpureocillium
Purpureofilum_apyrenoidigerum	Rhodophyta	282340	Purpureofilum apyrenoidigerum	Eukaryota		Rhodophyta	Stylonematophyceae	Stylonematales	Stylonemataceae	Purpureofilum
Puttea_exsequens	Fungi	2918520	Puttea exsequens	Eukaryota	Fungi	Ascomycota	Lecanoromycetes	Lecanorales		Puttea
Pycnococcus_provasolii	chlorophyta	41880	Pycnococcus provasolii	Eukaryota	Viridiplantae	Chlorophyta	Pseudoscourfieldiophyceae	Pseudoscourfieldiales	Pycnococcaceae	Pycnococcus
Pycnogonum_litorale	Metazoa	261975	Pycnogonum litorale	Eukaryota	Metazoa	Arthropoda	Pycnogonida	Pantopoda	Pycnogonidae	Pycnogonum
Pycnophyes_giganteus	Metazoa	2835550	Kinorhynchus giganteus	Eukaryota	Metazoa	Kinorhyncha	Allomalorhagida		Pycnophyidae	Kinorhynchus
Pycnophyes_ilyocryptus	Metazoa	2835551	Pycnophyes ilyocryptus	Eukaryota	Metazoa	Kinorhyncha	Allomalorhagida		Pycnophyidae	Pycnophyes
Pycnora_praestabilis	Fungi	1453791	Pycnora praestabilis	Eukaryota	Fungi	Ascomycota	Candelariomycetes	Candelariales	Pycnoraceae	Pycnora
Pylaiella_littoralis	Protists	2885	Pylaiella littoralis	Eukaryota			Phaeophyceae	Ectocarpales	Acinetosporaceae	Pylaiella
Pyrenophora_seminiperda_CCB06	Fungi	1302712	Pyrenophora seminiperda CCB06	Eukaryota	Fungi	Ascomycota	Dothideomycetes	Pleosporales	Pleosporaceae	Pyrenophora
Pyrenophora_tritici-repentis	Fungi	45151	Pyrenophora tritici-repentis	Eukaryota	Fungi	Ascomycota	Dothideomycetes	Pleosporales	Pleosporaceae	Pyrenophora
Pyrenophora_triticirepentis	Fungi	45151	Pyrenophora tritici-repentis	Eukaryota	Fungi	Ascomycota	Dothideomycetes	Pleosporales	Pleosporaceae	Pyrenophora
Pyrenula_ochraceoflavens	Fungi	2977754	Pyrenula ochraceoflavens	Eukaryota	Fungi	Ascomycota	Eurotiomycetes	Pyrenulales	Pyrenulaceae	Pyrenula
Pyricularia_grisea	Fungi	148305	Pyricularia grisea	Eukaryota	Fungi	Ascomycota	Sordariomycetes	Magnaporthales	Pyriculariaceae	Pyricularia
Pyricularia_oryzae_70-15	Fungi	242507	Pyricularia oryzae 70-15	Eukaryota	Fungi	Ascomycota	Sordariomycetes	Magnaporthales	Pyriculariaceae	Pyricularia
Pyricularia_oryzae_7015	Fungi	242507	Pyricularia oryzae 70-15	Eukaryota	Fungi	Ascomycota	Sordariomycetes	Magnaporthales	Pyriculariaceae	Pyricularia
Pyricularia_pennisetigena	Fungi	1578925	Pyricularia pennisetigena	Eukaryota	Fungi	Ascomycota	Sordariomycetes	Magnaporthales	Pyriculariaceae	Pyricularia
Pyronema_domesticum	Fungi	47205	Pyronema domesticum	Eukaryota	Fungi	Ascomycota	Pezizomycetes	Pezizales	Pyronemataceae	Pyronema
Pyronema_omphalodes	Fungi	337075	Pyronema omphalodes	Eukaryota	Fungi	Ascomycota	Pezizomycetes	Pezizales	Pyronemataceae	Pyronema
Pyropia_vietnamensis	Rhodophyta	683352	Pyropia vietnamensis	Eukaryota		Rhodophyta	Bangiophyceae	Bangiales	Bangiaceae	Pyropia
Pyropia_yezoensis	Rhodophyta	2788	Pyropia yezoensis	Eukaryota		Rhodophyta	Bangiophyceae	Bangiales	Bangiaceae	Pyropia
Pyrrhoderma_noxium	Fungi	2282107	Pyrrhoderma noxium	Eukaryota	Fungi	Basidiomycota	Agaricomycetes	Hymenochaetales	Hymenochaetaceae	Pyrrhoderma
Pyrus_communis	angiosperms	23211	Pyrus communis	Eukaryota	Viridiplantae	Streptophyta	Magnoliopsida	Rosales	Rosaceae	Pyrus
Pyrus_ussuriensis	angiosperms	2448454	Pyrus ussuriensis x Pyrus communis	Eukaryota	Viridiplantae	Streptophyta	Magnoliopsida	Rosales	Rosaceae	Pyrus
Pyrus_ussuriensis_x_Pyrus_communis	angiosperms	2448454	Pyrus ussuriensis x Pyrus communis	Eukaryota	Viridiplantae	Streptophyta	Magnoliopsida	Rosales	Rosaceae	Pyrus
Pyrus_x_bretschneideri	angiosperms	225117	Pyrus x bretschneideri	Eukaryota	Viridiplantae	Streptophyta	Magnoliopsida	Rosales	Rosaceae	Pyrus
Pythia_pachyodon	Metazoa	157724	Pythia	Eukaryota	Metazoa	Mollusca	Gastropoda	Ellobiida	Ellobiidae	
Quaeritorhiza_haematococci	Fungi	2654861	Quaeritorhiza haematococci	Eukaryota	Fungi	Chytridiomycota	Chytridiomycetes		Quaeritorhizaceae	Quaeritorhiza
Quercus_lobata	angiosperms	97700	Quercus lobata	Eukaryota	Viridiplantae	Streptophyta	Magnoliopsida	Fagales	Fagaceae	Quercus
Quercus_robur	angiosperms	38942	Quercus robur	Eukaryota	Viridiplantae	Streptophyta	Magnoliopsida	Fagales	Fagaceae	Quercus
Quercus_rubra	angiosperms	3512	Quercus rubra	Eukaryota	Viridiplantae	Streptophyta	Magnoliopsida	Fagales	Fagaceae	Quercus
Quercus_suber	angiosperms	58331	Quercus suber	Eukaryota	Viridiplantae	Streptophyta	Magnoliopsida	Fagales	Fagaceae	Quercus
Quillaja_saponaria	angiosperms	32244	Quillaja saponaria	Eukaryota	Viridiplantae	Streptophyta	Magnoliopsida	Fabales	Quillajaceae	Quillaja
Rachicladosporium_monterosium	Fungi	1507873	Rachicladosporium monterosium	Eukaryota	Fungi	Ascomycota	Dothideomycetes	Cladosporiales	Cladosporiaceae	Rachicladosporium
Racocetra_fulgida	Fungi	60492	Racocetra fulgida	Eukaryota	Fungi	Glomeromycota	Glomeromycetes	Diversisporales	Gigasporaceae	Racocetra
Racocetra_persica	Fungi	160502	Racocetra persica	Eukaryota	Fungi	Glomeromycota	Glomeromycetes	Diversisporales	Gigasporaceae	Racocetra
Raddia_guianensis	angiosperms	1482630	Raddia guianensis	Eukaryota	Viridiplantae	Streptophyta	Magnoliopsida	Poales	Poaceae	Raddia
Radiomyces_spectabilis	Fungi	64574	Radiomyces spectabilis	Eukaryota	Fungi	Mucoromycota	Mucoromycetes	Mucorales	Radiomycetaceae	Radiomyces
Rakaia_minutissima	Metazoa	526538	Rakaia minutissima	Eukaryota	Metazoa	Arthropoda	Arachnida	Opiliones	Pettalidae	Rakaia
Ramalina_farinacea	Fungi	258253	Ramalina farinacea	Eukaryota	Fungi	Ascomycota	Lecanoromycetes	Lecanorales	Ramalinaceae	Ramalina
Ramaria_rubella	Fungi	113071	Ramaria rubella	Eukaryota	Fungi	Basidiomycota	Agaricomycetes	Gomphales	Gomphaceae	Ramaria
Ramazzottius_varieornatus	Metazoa	947166	Ramazzottius varieornatus	Eukaryota	Metazoa	Tardigrada	Eutardigrada	Parachela	Ramazzottiidae	Ramazzottius
Ramicandelaber_brevisporus	Fungi	304332	Ramicandelaber brevisporus	Eukaryota	Fungi	Kickxellomycota		Ramicandelaberales	Ramicandelaberaceae	Ramicandelaber
Ramularia_collo-cygni	Fungi	112498	Ramularia collo-cygni	Eukaryota	Fungi	Ascomycota	Dothideomycetes	Mycosphaerellales	Mycosphaerellaceae	Ramularia
Ramularia_collocygni	Fungi	112498	Ramularia collo-cygni	Eukaryota	Fungi	Ascomycota	Dothideomycetes	Mycosphaerellales	Mycosphaerellaceae	Ramularia
Rana_temporaria	Metazoa	8407	Rana temporaria	Eukaryota	Metazoa	Chordata	Amphibia	Anura	Ranidae	Rana
Randiella_sp._DSW-2020	Metazoa	2705241	Randiella sp. DSW-2020	Eukaryota	Metazoa	Annelida	Clitellata	Randiellida	Randiellidae	Randiella
Ranunculus_cassubicifolius	angiosperms	286882	Ranunculus cassubicifolius	Eukaryota	Viridiplantae	Streptophyta	Magnoliopsida	Ranunculales	Ranunculaceae	Ranunculus
Raphanus_sativus	angiosperms	3726	Raphanus sativus	Eukaryota	Viridiplantae	Streptophyta	Magnoliopsida	Brassicales	Brassicaceae	Raphanus
Raphidocelis_subcapitata	chlorophyta	307507	Raphidocelis subcapitata	Eukaryota	Viridiplantae	Chlorophyta	Chlorophyceae	Sphaeropleales	Selenastraceae	Raphidocelis
Rasamsonia_byssochlamydoides	Fungi	89139	Rasamsonia byssochlamydoides	Eukaryota	Fungi	Ascomycota	Eurotiomycetes	Eurotiales	Trichocomaceae	Rasamsonia
Rasamsonia_columbiensis	Fungi	1826649	Rasamsonia columbiensis	Eukaryota	Fungi	Ascomycota	Eurotiomycetes	Eurotiales	Trichocomaceae	Rasamsonia
Rasamsonia_emersonii_CBS_393.64	Fungi	1408163	Rasamsonia emersonii CBS 393.64	Eukaryota	Fungi	Ascomycota	Eurotiomycetes	Eurotiales	Trichocomaceae	Rasamsonia
Recurvomyces_mirabilis	Fungi	574656	Recurvomyces mirabilis	Eukaryota	Fungi	Ascomycota	Dothideomycetes	Mycosphaerellales	Teratosphaeriaceae	Recurvomyces
Reevesia_pubescens	angiosperms	2871442	Reevesia pubescens	Eukaryota	Viridiplantae	Streptophyta	Magnoliopsida	Malvales	Malvaceae	Reevesia
Rehmannia_glutinosa	angiosperms	99300	Rehmannia glutinosa	Eukaryota	Viridiplantae	Streptophyta	Magnoliopsida	Lamiales	Orobanchaceae	Rehmannia
Remersonia_thermophila	Fungi	72144	Remersonia thermophila	Eukaryota	Fungi	Ascomycota	Sordariomycetes	Sordariales	Chaetomiaceae	Remersonia
Reticulomyxa_filosa	Protists	46433	Reticulomyxa filosa	Eukaryota		Foraminifera			Reticulomyxidae	Reticulomyxa
Rhabdopleura_annulata	Metazoa	1443232	Rhabdopleura annulata	Eukaryota	Metazoa	Hemichordata	Pterobranchia	Rhabdopleurida	Rhabdopleuridae	Rhabdopleura
Rhamnella_rubrinervis	angiosperms	2594499	Rhamnella rubrinervis	Eukaryota	Viridiplantae	Streptophyta	Magnoliopsida	Rosales	Rhamnaceae	Rhamnella
Rhinatrema_bivittatum	Metazoa	194408	Rhinatrema bivittatum	Eukaryota	Metazoa	Chordata	Amphibia	Gymnophiona	Rhinatrematidae	Rhinatrema
Rhinocladiella_mackenziei_CBS_650.93	Fungi	1442369	Rhinocladiella mackenziei CBS 650.93	Eukaryota	Fungi	Ascomycota	Eurotiomycetes	Chaetothyriales	Herpotrichiellaceae	Rhinocladiella
Rhipicephalus_sanguineus	Metazoa	34632	Rhipicephalus sanguineus	Eukaryota	Metazoa	Arthropoda	Arachnida	Ixodida	Ixodidae	Rhipicephalus
Rhipidocladum_racemiflorum	angiosperms	464972	Rhipidocladum racemiflorum	Eukaryota	Viridiplantae	Streptophyta	Magnoliopsida	Poales	Poaceae	Rhipidocladum
Rhizina_undulata	Fungi	44645	Rhizina undulata	Eukaryota	Fungi	Ascomycota	Pezizomycetes	Pezizales	Rhizinaceae	Rhizina
Rhizoclosmatium_globosum	Fungi	329046	Rhizoclosmatium globosum	Eukaryota	Fungi	Chytridiomycota	Chytridiomycetes	Chytridiales	Chytriomycetaceae	Rhizoclosmatium
Rhizoclosmatium_hyalinum	Fungi	2724196	Rhizoclosmatium hyalinum	Eukaryota	Fungi	Chytridiomycota	Chytridiomycetes	Chytridiales	Chytriomycetaceae	Rhizoclosmatium
Rhizoctonia_solani	Fungi	456999	Rhizoctonia solani	Eukaryota	Fungi	Basidiomycota	Agaricomycetes	Cantharellales	Ceratobasidiaceae	Rhizoctonia
Rhizodiscina_lignyota	Fungi	1504668	Rhizodiscina lignyota	Eukaryota	Fungi	Ascomycota	Dothideomycetes	Aulographales	Rhizodiscinaceae	Rhizodiscina
Rhizoglyphus_robini	Metazoa	223528	Rhizoglyphus robini	Eukaryota	Metazoa	Arthropoda	Arachnida	Sarcoptiformes	Acaridae	Rhizoglyphus
Rhizomucor_pusillus	Fungi	4840	Rhizomucor pusillus	Eukaryota	Fungi	Mucoromycota	Mucoromycetes	Mucorales	Lichtheimiaceae	Rhizomucor
Rhizophagus_clarus	Fungi	94130	Rhizophagus clarus	Eukaryota	Fungi	Glomeromycota	Glomeromycetes	Glomerales	Glomeraceae	Rhizophagus
Rhizophagus_irregularis	Fungi	588596	Rhizophagus irregularis	Eukaryota	Fungi	Glomeromycota	Glomeromycetes	Glomerales	Glomeraceae	Rhizophagus
Rhizophlyctis_rosea	Fungi	64517	Rhizophlyctis rosea	Eukaryota	Fungi	Chytridiomycota	Chytridiomycetes	Rhizophlyctidales	Rhizophlyctidaceae	Rhizophlyctis
Rhizopogon_salebrosus_TDB-379	Fungi	632084	Rhizopogon salebrosus TDB-379	Eukaryota	Fungi	Basidiomycota	Agaricomycetes	Boletales	Rhizopogonaceae	Rhizopogon
Rhizopogon_salebrosus_TDB379	Fungi	632084	Rhizopogon salebrosus TDB-379	Eukaryota	Fungi	Basidiomycota	Agaricomycetes	Boletales	Rhizopogonaceae	Rhizopogon
Rhizopogon_vesiculosus	Fungi	180088	Rhizopogon vesiculosus	Eukaryota	Fungi	Basidiomycota	Agaricomycetes	Boletales	Rhizopogonaceae	Rhizopogon
Rhizopogon_vinicolor_AM-OR11-026	Fungi	1314800	Rhizopogon vinicolor AM-OR11-026	Eukaryota	Fungi	Basidiomycota	Agaricomycetes	Boletales	Rhizopogonaceae	Rhizopogon
Rhizopogon_vinicolor_AMOR11026	Fungi	1314800	Rhizopogon vinicolor AM-OR11-026	Eukaryota	Fungi	Basidiomycota	Agaricomycetes	Boletales	Rhizopogonaceae	Rhizopogon
Rhizopus_azygosporus	Fungi	86630	Rhizopus azygosporus	Eukaryota	Fungi	Mucoromycota	Mucoromycetes	Mucorales	Rhizopodaceae	Rhizopus
Rhizopus_delemar_RA_99-880	Fungi	246409	Rhizopus delemar RA 99-880	Eukaryota	Fungi	Mucoromycota	Mucoromycetes	Mucorales	Rhizopodaceae	Rhizopus
Rhizopus_delemar_RA_99880	Fungi	246409	Rhizopus delemar RA 99-880	Eukaryota	Fungi	Mucoromycota	Mucoromycetes	Mucorales	Rhizopodaceae	Rhizopus
Rhizopus_microsporus_ATCC_52813	Fungi	1340429	Rhizopus microsporus ATCC 52813	Eukaryota	Fungi	Mucoromycota	Mucoromycetes	Mucorales	Rhizopodaceae	Rhizopus
Rhodamnia_argentea	angiosperms	178133	Rhodamnia argentea	Eukaryota	Viridiplantae	Streptophyta	Magnoliopsida	Myrtales	Myrtaceae	Rhodamnia
Rhodella_violacea	Rhodophyta	2801	Rhodella violacea	Eukaryota		Rhodophyta	Rhodellophyceae	Rhodellales	Rhodellaceae	Rhodella
Rhodelphis_limneticus	Protists	2583502	Rhodelphis limneticus	Eukaryota			Rhodelphea	Rhodelphida	Rhodelphidae	Rhodelphis
Rhodelphis_marinus	Protists	2584957	Rhodelphis marinus	Eukaryota			Rhodelphea	Rhodelphida	Rhodelphidae	Rhodelphis
Rhodiola_kirilowii	angiosperms	203008	Rhodiola kirilowii	Eukaryota	Viridiplantae	Streptophyta	Magnoliopsida	Saxifragales	Crassulaceae	Rhodiola
Rhodnius_prolixus	Metazoa	13249	Rhodnius prolixus	Eukaryota	Metazoa	Arthropoda	Insecta	Hemiptera	Reduviidae	Rhodnius
Rhodochaete_pulchella	Rhodophyta	867925	Rhodochaete pulchella	Eukaryota		Rhodophyta	Compsopogonophyceae	Rhodochaetales	Rhodochaetaceae	Rhodochaete
Rhodocollybia_butyracea	Fungi	206335	Rhodocollybia butyracea	Eukaryota	Fungi	Basidiomycota	Agaricomycetes	Agaricales	Omphalotaceae	Rhodocollybia
Rhododendron_griersonianum	angiosperms	479676	Rhododendron griersonianum	Eukaryota	Viridiplantae	Streptophyta	Magnoliopsida	Ericales	Ericaceae	Rhododendron
Rhododendron_molle	angiosperms	49168	Rhododendron molle	Eukaryota	Viridiplantae	Streptophyta	Magnoliopsida	Ericales	Ericaceae	Rhododendron
Rhododendron_vialii	angiosperms	182163	Rhododendron vialii	Eukaryota	Viridiplantae	Streptophyta	Magnoliopsida	Ericales	Ericaceae	Rhododendron
Rhododendron_williamsianum	angiosperms	262921	Rhododendron williamsianum	Eukaryota	Viridiplantae	Streptophyta	Magnoliopsida	Ericales	Ericaceae	Rhododendron
Rhodofomes_roseus	Fungi	34475	Rhodofomes roseus	Eukaryota	Fungi	Basidiomycota	Agaricomycetes	Polyporales	Fomitopsidaceae	Rhodofomes
Rhodosorus_marinus	Rhodophyta	101924	Rhodosorus marinus	Eukaryota		Rhodophyta	Stylonematophyceae	Stylonematales	Stylonemataceae	Rhodosorus
Rhodosporidiobolus_azoricus	Fungi	145577	Rhodosporidiobolus azoricus	Eukaryota	Fungi	Basidiomycota	Microbotryomycetes	Sporidiobolales	Sporidiobolaceae	Rhodosporidiobolus
Rhodosporidiobolus_lusitaniae	Fungi	33191	Rhodosporidiobolus lusitaniae	Eukaryota	Fungi	Basidiomycota	Microbotryomycetes	Sporidiobolales	Sporidiobolaceae	Rhodosporidiobolus
Rhodosporidiobolus_microsporus	Fungi	86835	Rhodosporidiobolus microsporus	Eukaryota	Fungi	Basidiomycota	Microbotryomycetes	Sporidiobolales	Sporidiobolaceae	Rhodosporidiobolus
Rhodosporidiobolus_nylandii	Fungi	100910	Rhodosporidiobolus nylandii	Eukaryota	Fungi	Basidiomycota	Microbotryomycetes	Sporidiobolales	Sporidiobolaceae	Rhodosporidiobolus
Rhodosporidiobolus_poonsookiae	Fungi	100911	Rhodosporidiobolus poonsookiae	Eukaryota	Fungi	Basidiomycota	Microbotryomycetes	Sporidiobolales	Sporidiobolaceae	Rhodosporidiobolus
Rhodosporidiobolus_ruineniae	Fungi	5004	Rhodosporidiobolus ruineniae	Eukaryota	Fungi	Basidiomycota	Microbotryomycetes	Sporidiobolales	Sporidiobolaceae	Rhodosporidiobolus
Rhodotorula_araucariae	Fungi	86829	Rhodotorula araucariae	Eukaryota	Fungi	Basidiomycota	Microbotryomycetes	Sporidiobolales	Sporidiobolaceae	Rhodotorula
Rhodotorula_dairenensis	Fungi	86832	Rhodotorula dairenensis	Eukaryota	Fungi	Basidiomycota	Microbotryomycetes	Sporidiobolales	Sporidiobolaceae	Rhodotorula
Rhodotorula_graminis_WP1	Fungi	578459	Rhodotorula graminis WP1	Eukaryota	Fungi	Basidiomycota	Microbotryomycetes	Sporidiobolales	Sporidiobolaceae	Rhodotorula
Rhodotorula_pacifica	Fungi	1495444	Rhodotorula pacifica	Eukaryota	Fungi	Basidiomycota	Microbotryomycetes	Sporidiobolales	Sporidiobolaceae	Rhodotorula
Rhodotorula_paludigena	Fungi	86838	Rhodotorula paludigena	Eukaryota	Fungi	Basidiomycota	Microbotryomycetes	Sporidiobolales	Sporidiobolaceae	Rhodotorula
Rhodotorula_sphaerocarpa	Fungi	86839	Rhodotorula sphaerocarpa	Eukaryota	Fungi	Basidiomycota	Microbotryomycetes	Sporidiobolales	Sporidiobolaceae	Rhodotorula
Rhodotorula_taiwanensis	Fungi	741276	Rhodotorula taiwanensis	Eukaryota	Fungi	Basidiomycota	Microbotryomycetes	Sporidiobolales	Sporidiobolaceae	Rhodotorula
Rhodotorula_toruloides_NP11	Fungi	1130832	Rhodotorula toruloides NP11	Eukaryota	Fungi	Basidiomycota	Microbotryomycetes	Sporidiobolales	Sporidiobolaceae	Rhodotorula
Rhopilema_esculentum	Metazoa	499914	Rhopilema esculentum	Eukaryota	Metazoa	Cnidaria	Scyphozoa	Rhizostomeae	Rhizostomatidae	Rhopilema
Rhyacodrilus_pigueti	Metazoa	1348610	Rhyacodrilus pigueti	Eukaryota	Metazoa	Annelida	Clitellata	Tubificida	Naididae	Rhyacodrilus
Rhynchodemus_sylvaticus	Metazoa	1520503	Rhynchodemus sylvaticus	Eukaryota	Metazoa	Platyhelminthes		Tricladida	Geoplanidae	Rhynchodemus
Rhynchomesostoma_rostratum	Metazoa	1311950	Rhynchomesostoma rostratum	Eukaryota	Metazoa	Platyhelminthes		Rhabdocoela	Typhloplanidae	Rhynchomesostoma
Rhynchomesostoma_sp._ER-2019	Metazoa	2527674	Rhynchomesostoma sp. ER-2019	Eukaryota	Metazoa	Platyhelminthes		Rhabdocoela	Typhloplanidae	Rhynchomesostoma
Rhynchospora_breviuscula	angiosperms	2022672	Rhynchospora breviuscula	Eukaryota	Viridiplantae	Streptophyta	Magnoliopsida	Poales	Cyperaceae	Rhynchospora
Rhynchospora_pubera	angiosperms	906938	Rhynchospora pubera	Eukaryota	Viridiplantae	Streptophyta	Magnoliopsida	Poales	Cyperaceae	Rhynchospora
Rhynchospora_tenuis	angiosperms	198213	Rhynchospora tenuis	Eukaryota	Viridiplantae	Streptophyta	Magnoliopsida	Poales	Cyperaceae	Rhynchospora
Rhynchosporium_agropyri	Fungi	914238	Rhynchosporium agropyri	Eukaryota	Fungi	Ascomycota	Leotiomycetes	Helotiales	Ploettnerulaceae	Rhynchosporium
Rhynchosporium_graminicola	Fungi	2792576	Rhynchosporium graminicola	Eukaryota	Fungi	Ascomycota	Leotiomycetes	Helotiales	Ploettnerulaceae	Rhynchosporium
Rhynchosporium_secalis	Fungi	38038	Rhynchosporium secalis	Eukaryota	Fungi	Ascomycota	Leotiomycetes	Helotiales	Ploettnerulaceae	Rhynchosporium
Rhypophila_decipiens	Fungi	261697	Rhypophila decipiens	Eukaryota	Fungi	Ascomycota	Sordariomycetes	Sordariales	Naviculisporaceae	Rhypophila
Rhysida_immarginata	Metazoa	984703	Rhysida immarginata	Eukaryota	Metazoa	Arthropoda	Chilopoda	Scolopendromorpha	Scolopendridae	Rhysida
Rhysida_longipes	Metazoa	984702	Rhysida longipes	Eukaryota	Metazoa	Arthropoda	Chilopoda	Scolopendromorpha	Scolopendridae	Rhysida
Riccia_fluitans	bryophytes	41844	Riccia fluitans	Eukaryota	Viridiplantae	Streptophyta	Marchantiopsida	Marchantiales	Ricciaceae	Riccia
Richtersius_coronifer	Metazoa	245088	Richtersius coronifer	Eukaryota	Metazoa	Tardigrada	Eutardigrada	Parachela	Richtersiusidae	Richtersius
Ricinoides_atewa	Metazoa	1046921	Ricinoides atewa	Eukaryota	Metazoa	Arthropoda	Arachnida	Ricinulei	Ricinoididae	Ricinoides
Ricinus_communis	angiosperms	3988	Ricinus communis	Eukaryota	Viridiplantae	Streptophyta	Magnoliopsida	Malpighiales	Euphorbiaceae	Ricinus
Rickenella_mellea	Fungi	50990	Rickenella mellea	Eukaryota	Fungi	Basidiomycota	Agaricomycetes	Hymenochaetales	Rickenellaceae	Rickenella
Riftia_pachyptila	Metazoa	6426	Riftia pachyptila	Eukaryota	Metazoa	Annelida	Polychaeta	Sabellida	Siboglinidae	Riftia
Riseriellus_occultus	Metazoa	88934	Riseriellus occultus	Eukaryota	Metazoa	Nemertea	Pilidiophora	Heteronemertea	Lineidae	Riseriellus
Rissoella_caribaea	Metazoa	57639	Rissoella caribaea	Eukaryota	Metazoa	Mollusca	Gastropoda		Rissoellidae	Rissoella
Roridomyces_roridus	Fungi	1738132	Roridomyces roridus	Eukaryota	Fungi	Basidiomycota	Agaricomycetes	Agaricales	Mycenaceae	Roridomyces
Rosa_chinensis	angiosperms	74649	Rosa chinensis	Eukaryota	Viridiplantae	Streptophyta	Magnoliopsida	Rosales	Rosaceae	Rosa
Rosa_luciae_x_Rosa_x_odorata	angiosperms	3421125	Rosa luciae x Rosa x odorata	Eukaryota	Viridiplantae	Streptophyta	Magnoliopsida	Rosales	Rosaceae	Rosa
Rosa_rugosa	angiosperms	74645	Rosa rugosa	Eukaryota	Viridiplantae	Streptophyta	Magnoliopsida	Rosales	Rosaceae	Rosa
Rosa_sericea	angiosperms	74631	Rosa sericea	Eukaryota	Viridiplantae	Streptophyta	Magnoliopsida	Rosales	Rosaceae	Rosa
Rostrohypoxylon_terebratum	Fungi	392036	Rostrohypoxylon terebratum	Eukaryota	Fungi	Ascomycota	Sordariomycetes	Xylariales	Hypoxylaceae	Rostrohypoxylon
Rotaria_socialis	Metazoa	392032	Rotaria socialis	Eukaryota	Metazoa	Rotifera	Eurotatoria	Philodinida	Philodinidae	Rotaria
Rozella_allomycis_CSF55	Fungi	988480	Rozella allomycis CSF55	Eukaryota	Fungi	Rozellomycota				Rozella
Rubroshorea_leprosula	angiosperms	152421	Rubroshorea leprosula	Eukaryota	Viridiplantae	Streptophyta	Magnoliopsida	Malvales	Dipterocarpaceae	Rubroshorea
Rubus_argutus	angiosperms	59490	Rubus argutus	Eukaryota	Viridiplantae	Streptophyta	Magnoliopsida	Rosales	Rosaceae	Rubus
Rumex_salicifolius	angiosperms	1234504	Rumex salicifolius	Eukaryota	Viridiplantae	Streptophyta	Magnoliopsida	Caryophyllales	Polygonaceae	Rumex
Russula_brevipes	Fungi	98861	Russula brevipes	Eukaryota	Fungi	Basidiomycota	Agaricomycetes	Russulales	Russulaceae	Russula
Russula_compacta	Fungi	40490	Russula compacta	Eukaryota	Fungi	Basidiomycota	Agaricomycetes	Russulales	Russulaceae	Russula
Russula_decolorans	Fungi	152956	Russula decolorans	Eukaryota	Fungi	Basidiomycota	Agaricomycetes	Russulales	Russulaceae	Russula
Russula_dissimulans	Fungi	258981	Russula dissimulans	Eukaryota	Fungi	Basidiomycota	Agaricomycetes	Russulales	Russulaceae	Russula
Russula_earlei	Fungi	71964	Russula earlei	Eukaryota	Fungi	Basidiomycota	Agaricomycetes	Russulales	Russulaceae	Russula
Russula_emetica	Fungi	152958	Russula emetica	Eukaryota	Fungi	Basidiomycota	Agaricomycetes	Russulales	Russulaceae	Russula
Russula_ochroleuca	Fungi	152965	Russula ochroleuca	Eukaryota	Fungi	Basidiomycota	Agaricomycetes	Russulales	Russulaceae	Russula
Russula_vinacea	Fungi	517384	Russula vinacea	Eukaryota	Fungi	Basidiomycota	Agaricomycetes	Russulales	Russulaceae	Russula
Rutidosis_leptorrhynchoides	angiosperms	125765	Rutidosis leptorrhynchoides	Eukaryota	Viridiplantae	Streptophyta	Magnoliopsida	Asterales	Asteraceae	Rutidosis
Saccharata_proteae_CBS_121410	Fungi	1314787	Saccharata proteae CBS 121410	Eukaryota	Fungi	Ascomycota	Dothideomycetes	Botryosphaeriales	Saccharataceae	Saccharata
Saccharomyces_cerevisiae_S288C	Fungi	559292	Saccharomyces cerevisiae S288C	Eukaryota	Fungi	Ascomycota	Saccharomycetes	Saccharomycetales	Saccharomycetaceae	Saccharomyces
Saccharomyces_eubayanus	Fungi	1080349	Saccharomyces eubayanus	Eukaryota	Fungi	Ascomycota	Saccharomycetes	Saccharomycetales	Saccharomycetaceae	Saccharomyces
Saccharomyces_kudriavzevii_IFO_1802	Fungi	226230	Saccharomyces kudriavzevii IFO 1802	Eukaryota	Fungi	Ascomycota	Saccharomycetes	Saccharomycetales	Saccharomycetaceae	Saccharomyces
Saccharomyces_mikatae_IFO_1815	Fungi	226126	Saccharomyces mikatae IFO 1815	Eukaryota	Fungi	Ascomycota	Saccharomycetes	Saccharomycetales	Saccharomycetaceae	Saccharomyces
Saccharomyces_paradoxus	Fungi	27291	Saccharomyces paradoxus	Eukaryota	Fungi	Ascomycota	Saccharomycetes	Saccharomycetales	Saccharomycetaceae	Saccharomyces
Saccharomyces_pastorianus	Fungi	27292	Saccharomyces pastorianus	Eukaryota	Fungi	Ascomycota	Saccharomycetes	Saccharomycetales	Saccharomycetaceae	Saccharomyces
Saccharomyces_uvarum	Fungi	230603	Saccharomyces uvarum	Eukaryota	Fungi	Ascomycota	Saccharomycetes	Saccharomycetales	Saccharomycetaceae	Saccharomyces
Saccharomycodes_ludwigii	Fungi	36035	Saccharomycodes ludwigii	Eukaryota	Fungi	Ascomycota	Saccharomycetes	Saccharomycodales	Saccharomycodaceae	Saccharomycodes
Saccharomycopsis_crataegensis	Fungi	43959	Saccharomycopsis crataegensis	Eukaryota	Fungi	Ascomycota	Saccharomycetes	Ascoideales	Saccharomycopsidaceae	Saccharomycopsis
Saccoglossus_kowalevskii	Metazoa	10224	Saccoglossus kowalevskii	Eukaryota	Metazoa	Hemichordata	Enteropneusta		Harrimaniidae	Saccoglossus
Saccostrea_glomerata	Metazoa	157728	Saccostrea glomerata	Eukaryota	Metazoa	Mollusca	Bivalvia	Ostreida	Ostreidae	Saccostrea
Sacoproteus_smaragdinus	Metazoa	2282303	Sacoproteus smaragdinus	Eukaryota	Metazoa	Mollusca	Gastropoda		Limapontiidae	Sacoproteus
Saitoella_coloradoensis	Fungi	1099800	Saitoella coloradoensis	Eukaryota	Fungi	Ascomycota	Saitoellomycetes	Saitoellales	Saitoellaceae	Saitoella
Saitoella_complicata_NRRL_Y-17804	Fungi	698492	Saitoella complicata NRRL Y-17804	Eukaryota	Fungi	Ascomycota	Saitoellomycetes	Saitoellales	Saitoellaceae	Saitoella
Saitoella_complicata_NRRL_Y17804	Fungi	698492	Saitoella complicata NRRL Y-17804	Eukaryota	Fungi	Ascomycota	Saitoellomycetes	Saitoellales	Saitoellaceae	Saitoella
Saitozyma_podzolica	Fungi	1890683	Saitozyma podzolica	Eukaryota	Fungi	Basidiomycota	Tremellomycetes	Tremellales	Trimorphomycetaceae	Saitozyma
Salamandra_salamandra	Metazoa	57571	Salamandra salamandra	Eukaryota	Metazoa	Chordata	Amphibia	Caudata	Salamandridae	Salamandra
Salinomyces_thailandicus	Fungi	706561	Salinomyces thailandicus	Eukaryota	Fungi	Ascomycota	Dothideomycetes	Mycosphaerellales	Teratosphaeriaceae	Salinomyces
Salix_koriyanagi	angiosperms	2511006	Salix koriyanagi	Eukaryota	Viridiplantae	Streptophyta	Magnoliopsida	Malpighiales	Salicaceae	Salix
Salix_suchowensis	angiosperms	1278906	Salix suchowensis	Eukaryota	Viridiplantae	Streptophyta	Magnoliopsida	Malpighiales	Salicaceae	Salix
Salix_udensis	angiosperms	889485	Salix udensis	Eukaryota	Viridiplantae	Streptophyta	Magnoliopsida	Malpighiales	Salicaceae	Salix
Salpingoeca_dolichothecata	Protists	1742605	Salpingoeca dolichothecata	Eukaryota			Choanoflagellata	Craspedida	Salpingoecidae	Salpingoeca
Salpingoeca_helianthica	Protists	1928494	Salpingoeca helianthica	Eukaryota			Choanoflagellata	Craspedida	Salpingoecidae	Salpingoeca
Salpingoeca_infusionum	Protists	86018	Salpingoeca infusionum	Eukaryota			Choanoflagellata	Craspedida	Salpingoecidae	Salpingoeca
Salpingoeca_kvevrii	Protists	1924737	Salpingoeca kvevrii	Eukaryota			Choanoflagellata	Craspedida	Salpingoecidae	Salpingoeca
Salpingoeca_macrocollata	Protists	1924736	Salpingoeca macrocollata	Eukaryota			Choanoflagellata	Craspedida	Salpingoecidae	Salpingoeca
Salpingoeca_punica	Protists	1924735	Salpingoeca punica	Eukaryota			Choanoflagellata	Craspedida	Salpingoecidae	Salpingoeca
Salpingoeca_rosetta	Protists	946362	Salpingoeca rosetta	Eukaryota			Choanoflagellata	Craspedida	Salpingoecidae	Salpingoeca
Salpingoeca_urceolata	Protists	473813	Salpingoeca urceolata	Eukaryota			Choanoflagellata	Craspedida	Salpingoecidae	Salpingoeca
Salvia_divinorum	angiosperms	28513	Salvia divinorum	Eukaryota	Viridiplantae	Streptophyta	Magnoliopsida	Lamiales	Lamiaceae	Salvia
Salvia_hispanica	angiosperms	49212	Salvia hispanica	Eukaryota	Viridiplantae	Streptophyta	Magnoliopsida	Lamiales	Lamiaceae	Salvia
Salvia_miltiorrhiza	angiosperms	226208	Salvia miltiorrhiza	Eukaryota	Viridiplantae	Streptophyta	Magnoliopsida	Lamiales	Lamiaceae	Salvia
Salvia_splendens	angiosperms	180675	Salvia splendens	Eukaryota	Viridiplantae	Streptophyta	Magnoliopsida	Lamiales	Lamiaceae	Salvia
Sanghuangporus_baumii	Fungi	108892	Sanghuangporus baumii	Eukaryota	Fungi	Basidiomycota	Agaricomycetes	Hymenochaetales	Hymenochaetaceae	Sanghuangporus
Sanghuangporus_sanghuang	Fungi	1659845	Sanghuangporus sanghuang	Eukaryota	Fungi	Basidiomycota	Agaricomycetes	Hymenochaetales	Hymenochaetaceae	Sanghuangporus
Sanguina_aurantia	chlorophyta	2578422	Sanguina aurantia	Eukaryota	Viridiplantae	Chlorophyta	Chlorophyceae	Chlamydomonadales	Chlamydomonadaceae	Sanguina
Saponaria_officinalis	angiosperms	3572	Saponaria officinalis	Eukaryota	Viridiplantae	Streptophyta	Magnoliopsida	Caryophyllales	Caryophyllaceae	Saponaria
Saprolegnia_diclina_VS20	Protists	1156394	Saprolegnia diclina VS20	Eukaryota		Oomycota	Saprolegniomycetes	Saprolegniales	Saprolegniaceae	Saprolegnia
Saprolegnia_parasitica_CBS_223.65	Protists	695850	Saprolegnia parasitica CBS 223.65	Eukaryota		Oomycota	Saprolegniomycetes	Saprolegniales	Saprolegniaceae	Saprolegnia
Saramacia_lucasae	Metazoa	1955541	Saramacia lucasae	Eukaryota	Metazoa	Arthropoda	Arachnida	Opiliones	Manaosbiidae	Saramacia
Sarcoptes_scabiei	Metazoa	52283	Sarcoptes scabiei	Eukaryota	Metazoa	Arthropoda	Arachnida	Sarcoptiformes	Sarcoptidae	Sarcoptes
Sarcosagium_campestre	Fungi	286406	Sarcosagium campestre	Eukaryota	Fungi	Ascomycota				Sarcosagium
Sarea_resinae	Fungi	273283	Sarea resinae	Eukaryota	Fungi	Ascomycota	Sareomycetes	Sareales	Zythiaceae	Sarea
Sarocladium_implicatum	Fungi	1610689	Sarocladium implicatum	Eukaryota	Fungi	Ascomycota	Sordariomycetes	Hypocreales	Sarocladiaceae	Sarocladium
Sarocladium_strictum	Fungi	5046	Sarocladium strictum	Eukaryota	Fungi	Ascomycota	Sordariomycetes	Hypocreales	Sarocladiaceae	Sarocladium
Sarracenia_purpurea	angiosperms	336876	Sarracenia purpurea var. burkii	Eukaryota	Viridiplantae	Streptophyta	Magnoliopsida	Ericales	Sarraceniaceae	Sarracenia
Savillea_parva	Protists	1909275	Savillea parva	Eukaryota			Choanoflagellata	Acanthoecida	Acanthoecidae	Savillea
Savitreella_phatthalungensis	Fungi	3025216	Savitreella phatthalungensis	Eukaryota	Fungi	Ascomycota	Taphrinomycetes	Taphrinales		Savitreella
Saxophila_tyrrhenica	Fungi	1690608	Saxophila tyrrhenica	Eukaryota	Fungi	Ascomycota	Dothideomycetes	Mycosphaerellales	Extremaceae	Saxophila
Scalibregma_inflatum	Metazoa	195275	Scalibregma inflatum	Eukaryota	Metazoa	Annelida	Polychaeta		Scalibregmatidae	Scalibregma
Scapharca_(Anadara)_broughtonii	Metazoa	148819	Anadara broughtonii	Eukaryota	Metazoa	Mollusca	Bivalvia	Arcoida	Arcidae	Anadara
Scapholeberis_cf._mucronata	Metazoa	202097	Scapholeberis mucronata	Eukaryota	Metazoa	Arthropoda	Branchiopoda	Diplostraca	Daphniidae	Scapholeberis
Scatella_stagnalis	Metazoa	1690357	Scatella stagnalis	Eukaryota	Metazoa	Arthropoda	Insecta	Diptera	Ephydridae	Scatella
Scedosporium_apiospermum	Fungi	563466	Scedosporium apiospermum	Eukaryota	Fungi	Ascomycota	Sordariomycetes	Microascales	Microascaceae	Scedosporium
Scedosporium_boydii	Fungi	5597	Scedosporium boydii	Eukaryota	Fungi	Ascomycota	Sordariomycetes	Microascales	Microascaceae	Scedosporium
Scheffersomyces_amazonensis	Fungi	1078765	Scheffersomyces amazonensis	Eukaryota	Fungi	Ascomycota	Pichiomycetes	Serinales	Debaryomycetaceae	Scheffersomyces
Scheffersomyces_coipomensis	Fungi	1788519	Scheffersomyces coipomensis	Eukaryota	Fungi	Ascomycota	Pichiomycetes	Serinales	Debaryomycetaceae	Scheffersomyces
Scheffersomyces_spartinae	Fungi	45513	Lizanozyma spartinae	Eukaryota	Fungi	Ascomycota	Pichiomycetes	Serinales	Debaryomycetaceae	Lizanozyma
Scheffersomyces_stipitis_CBS_6054	Fungi	322104	Scheffersomyces stipitis CBS 6054	Eukaryota	Fungi	Ascomycota	Pichiomycetes	Serinales	Debaryomycetaceae	Scheffersomyces
Scheffersomyces_xylosifermentans	Fungi	1304137	Scheffersomyces xylosifermentans	Eukaryota	Fungi	Ascomycota	Pichiomycetes	Serinales	Debaryomycetaceae	Scheffersomyces
Schendyla_carniolensis	Metazoa	1820143	Schendyla carniolensis	Eukaryota	Metazoa	Arthropoda	Chilopoda	Geophilomorpha	Schendylidae	Schendyla
Schisandra_chinensis	angiosperms	50507	Schisandra chinensis	Eukaryota	Viridiplantae	Streptophyta	Magnoliopsida	Austrobaileyales	Schisandraceae	Schisandra
Schizocosa_rovneri	Metazoa	128042	Schizocosa rovneri	Eukaryota	Metazoa	Arthropoda	Arachnida	Araneae	Lycosidae	Schizocosa
Schizophyllum_amplum	Fungi	97359	Schizophyllum amplum	Eukaryota	Fungi	Basidiomycota	Agaricomycetes	Agaricales	Schizophyllaceae	Schizophyllum
Schizophyllum_commune_H4-8	Fungi	578458	Schizophyllum commune H4-8	Eukaryota	Fungi	Basidiomycota	Agaricomycetes	Agaricales	Schizophyllaceae	Schizophyllum
Schizophyllum_commune_H48	Fungi	578458	Schizophyllum commune H4-8	Eukaryota	Fungi	Basidiomycota	Agaricomycetes	Agaricales	Schizophyllaceae	Schizophyllum
Schizophyllum_fasciatum	Fungi	160053	Schizophyllum fasciatum	Eukaryota	Fungi	Basidiomycota	Agaricomycetes	Agaricales	Schizophyllaceae	Schizophyllum
Schizopora_paradoxa	Fungi	27342	Schizopora paradoxa	Eukaryota	Fungi	Basidiomycota	Agaricomycetes	Hymenochaetales	Schizoporaceae	Schizopora
Schizosaccharomyces_cryophilus_OY26	Fungi	653667	Schizosaccharomyces cryophilus OY26	Eukaryota	Fungi	Ascomycota	Schizosaccharomycetes	Schizosaccharomycetales	Schizosaccharomycetaceae	Schizosaccharomyces
Schizosaccharomyces_japonicus_yFS275	Fungi	402676	Schizosaccharomyces japonicus yFS275	Eukaryota	Fungi	Ascomycota	Schizosaccharomycetes	Schizosaccharomycetales	Schizosaccharomycetaceae	Schizosaccharomyces
Schizosaccharomyces_octosporus_yFS286	Fungi	483514	Schizosaccharomyces octosporus yFS286	Eukaryota	Fungi	Ascomycota	Schizosaccharomycetes	Schizosaccharomycetales	Schizosaccharomycetaceae	Schizosaccharomyces
Schizosaccharomyces_osmophilus	Fungi	2545709	Schizosaccharomyces osmophilus	Eukaryota	Fungi	Ascomycota	Schizosaccharomycetes	Schizosaccharomycetales	Schizosaccharomycetaceae	Schizosaccharomyces
Schizosaccharomyces_pombe	Fungi	4896	Schizosaccharomyces pombe	Eukaryota	Fungi	Ascomycota	Schizosaccharomycetes	Schizosaccharomycetales	Schizosaccharomycetaceae	Schizosaccharomyces
Schizothecium_vesticola	Fungi	314040	Schizothecium vesticola	Eukaryota	Fungi	Ascomycota	Sordariomycetes	Sordariales	Schizotheciaceae	Schizothecium
Schmidtea_mediterranea	Metazoa	79327	Schmidtea mediterranea	Eukaryota	Metazoa	Platyhelminthes		Tricladida	Dugesiidae	Schmidtea
Schmidtea_polychroa	Metazoa	50054	Schmidtea polychroa	Eukaryota	Metazoa	Platyhelminthes		Tricladida	Dugesiidae	Schmidtea
Scleroderma_yunnanense	Fungi	1163567	Scleroderma yunnanense	Eukaryota	Fungi	Basidiomycota	Agaricomycetes	Boletales	Sclerodermataceae	Scleroderma
Scleropages_formosus	Metazoa	113540	Scleropages formosus	Eukaryota	Metazoa	Chordata	Actinopteri	Osteoglossiformes	Osteoglossidae	Scleropages
Sclerophora_amabilis	Fungi	2939403	Sclerophora amabilis	Eukaryota	Fungi	Ascomycota	Coniocybomycetes	Coniocybales	Coniocybaceae	Sclerophora
Sclerotinia_borealis_F-4128	Fungi	1432307	Sclerotinia borealis F-4128	Eukaryota	Fungi	Ascomycota	Leotiomycetes	Helotiales	Sclerotiniaceae	Sclerotinia
Sclerotinia_borealis_F4128	Fungi	1432307	Sclerotinia borealis F-4128	Eukaryota	Fungi	Ascomycota	Leotiomycetes	Helotiales	Sclerotiniaceae	Sclerotinia
Sclerotinia_nivalis	Fungi	352851	Sclerotinia nivalis	Eukaryota	Fungi	Ascomycota	Leotiomycetes	Helotiales	Sclerotiniaceae	Sclerotinia
Sclerotinia_sclerotiorum_1980_UF-70	Fungi	665079	Sclerotinia sclerotiorum 1980 UF-70	Eukaryota	Fungi	Ascomycota	Leotiomycetes	Helotiales	Sclerotiniaceae	Sclerotinia
Sclerotinia_sclerotiorum_1980_UF70	Fungi	665079	Sclerotinia sclerotiorum 1980 UF-70	Eukaryota	Fungi	Ascomycota	Leotiomycetes	Helotiales	Sclerotiniaceae	Sclerotinia
Sclerotinia_trifoliorum	Fungi	28548	Sclerotinia trifoliorum	Eukaryota	Fungi	Ascomycota	Leotiomycetes	Helotiales	Sclerotiniaceae	Sclerotinia
Scolopendra_cingulata	Metazoa	41365	Scolopendra cingulata	Eukaryota	Metazoa	Arthropoda	Chilopoda	Scolopendromorpha	Scolopendridae	Scolopendra
Scolopendropsis_bahiensis	Metazoa	1816098	Scolopendropsis bahiensis	Eukaryota	Metazoa	Arthropoda	Chilopoda	Scolopendromorpha	Scolopendridae	Scolopendropsis
Scolopocryptops_rubiginosus	Metazoa	987050	Scolopocryptops rubiginosus	Eukaryota	Metazoa	Arthropoda	Chilopoda	Scolopendromorpha	Cryptopidae	Scolopocryptops
Scolopocryptops_sexspinosus	Metazoa	118499	Scolopocryptops sexspinosus	Eukaryota	Metazoa	Arthropoda	Chilopoda	Scolopendromorpha	Cryptopidae	Scolopocryptops
Scophthalmus_maximus	Metazoa	52904	Scophthalmus maximus	Eukaryota	Metazoa	Chordata	Actinopteri	Pleuronectiformes	Scophthalmidae	Scophthalmus
Scorpiops_sp._PPS-2014	Metazoa	1588039	Scorpiops sp. PPS-2014	Eukaryota	Metazoa	Arthropoda	Arachnida	Scorpiones	Euscorpiidae	Scorpiops
Scutellospora_calospora	Fungi	85575	Scutellospora calospora	Eukaryota	Fungi	Glomeromycota	Glomeromycetes	Diversisporales	Gigasporaceae	Scutellospora
Scutigera_coleoptrata	Metazoa	29022	Scutigera coleoptrata	Eukaryota	Metazoa	Arthropoda	Chilopoda	Scutigeromorpha	Scutigeridae	Scutigera
Scutigerina_weberi	Metazoa	241666	Scutigerina weberi	Eukaryota	Metazoa	Arthropoda	Chilopoda	Scutigeromorpha	Scutigerinidae	Scutigerina
Scutopus_ventrolineatus	Metazoa	52922	Scutopus ventrolineatus	Eukaryota	Metazoa	Mollusca	Caudofoveata	Limifossorida	Scutopodidae	Scutopus
Scytalidium_lignicola	Fungi	5539	Scytalidium lignicola	Eukaryota	Fungi	Ascomycota	Leotiomycetes			Scytalidium
Scytosiphon_promiscuus	Protists	1403536	Scytosiphon promiscuus	Eukaryota			Phaeophyceae	Ectocarpales	Scytosiphonaceae	Scytosiphon
Sebastes_umbrosus	Metazoa	72105	Sebastes umbrosus	Eukaryota	Metazoa	Chordata	Actinopteri	Perciformes	Sebastidae	Sebastes
Segestria_sp._NG-2016	Metazoa	1794826	Segestria sp. NG-2016	Eukaryota	Metazoa	Arthropoda	Arachnida	Araneae	Segestriidae	Segestria
Seiridium_cardinale	Fungi	138064	Seiridium cardinale	Eukaryota	Fungi	Ascomycota	Sordariomycetes	Amphisphaeriales	Sporocadaceae	Seiridium
Seiridium_cupressi	Fungi	138065	Seiridium cupressi	Eukaryota	Fungi	Ascomycota	Sordariomycetes	Amphisphaeriales	Sporocadaceae	Seiridium
Seiridium_unicorne	Fungi	138068	Seiridium unicorne	Eukaryota	Fungi	Ascomycota	Sordariomycetes	Amphisphaeriales	Sporocadaceae	Seiridium
Seirophora_lacunosa	Fungi	1145348	Seirophora lacunosa	Eukaryota	Fungi	Ascomycota	Lecanoromycetes	Teloschistales	Teloschistaceae	Seirophora
Seirophora_scorigena	Fungi	520600	Seirophora scorigena	Eukaryota	Fungi	Ascomycota	Lecanoromycetes	Teloschistales	Teloschistaceae	Seirophora
Seirophora_villosa	Fungi	671929	Seirophora villosa	Eukaryota	Fungi	Ascomycota	Lecanoromycetes	Teloschistales	Teloschistaceae	Seirophora
Selaginella_kraussiana	lycophytes	81964	Selaginella kraussiana	Eukaryota	Viridiplantae	Streptophyta	Lycopodiopsida	Selaginellales	Selaginellaceae	Selaginella
Selaginella_moellendorffii	lycophytes	88036	Selaginella moellendorffii	Eukaryota	Viridiplantae	Streptophyta	Lycopodiopsida	Selaginellales	Selaginellaceae	Selaginella
Seminavis_robusta	Protists	568900	Seminavis robusta	Eukaryota		Bacillariophyta	Bacillariophyceae	Naviculales	Naviculaceae	Seminavis
Semisulcospira_coreana	Metazoa	364284	Semisulcospira coreana	Eukaryota	Metazoa	Mollusca	Gastropoda		Semisulcospiridae	Semisulcospira
Semnoderes_armiger	Metazoa	1415233	Semnoderes armiger	Eukaryota	Metazoa	Kinorhyncha	Cyclorhagida	Kentrorhagata	Semnoderidae	Semnoderes
Senna_tora	angiosperms	362788	Senna tora	Eukaryota	Viridiplantae	Streptophyta	Magnoliopsida	Fabales	Fabaceae	Senna
Septoria_linicola	Fungi	215465	Septoria linicola	Eukaryota	Fungi	Ascomycota	Dothideomycetes	Mycosphaerellales	Mycosphaerellaceae	Septoria
Sequoia_sempervirens	gymnosperms	28980	Sequoia sempervirens	Eukaryota	Viridiplantae	Streptophyta	Pinopsida	Cupressales	Cupressaceae	Sequoia
Serendipita_indica_DSM_11827	Fungi	1109443	Serendipita indica DSM 11827	Eukaryota	Fungi	Basidiomycota	Agaricomycetes	Sebacinales	Serendipitaceae	Serendipita
Serendipita_vermifera_MAFF_305830	Fungi	933852	Serendipita vermifera MAFF 305830	Eukaryota	Fungi	Basidiomycota	Agaricomycetes	Sebacinales	Serendipitaceae	Serendipita
Sergiolus_capulatus	Metazoa	1506255	Sergiolus capulatus	Eukaryota	Metazoa	Arthropoda	Arachnida	Araneae	Gnaphosidae	Sergiolus
Serpula_lacrymans_var._lacrymans_S7.9	Fungi	578457	Serpula lacrymans var. lacrymans S7.9	Eukaryota	Fungi	Basidiomycota	Agaricomycetes	Boletales	Serpulaceae	Serpula
Serratosagitta_serratodentata	Metazoa	1562712	Serratosagitta serratodentata	Eukaryota	Metazoa	Chaetognatha	Sagittoidea	Aphragmophora	Sagittidae	Serratosagitta
Sesamum_alatum	angiosperms	300844	Sesamum alatum	Eukaryota	Viridiplantae	Streptophyta	Magnoliopsida	Lamiales	Pedaliaceae	Sesamum
Sesamum_angolense	angiosperms	2727404	Sesamum angolense	Eukaryota	Viridiplantae	Streptophyta	Magnoliopsida	Lamiales	Pedaliaceae	Sesamum
Sesamum_angustifolium	angiosperms	2727405	Sesamum angustifolium	Eukaryota	Viridiplantae	Streptophyta	Magnoliopsida	Lamiales	Pedaliaceae	Sesamum
Sesamum_calycinum	angiosperms	2727403	Sesamum calycinum	Eukaryota	Viridiplantae	Streptophyta	Magnoliopsida	Lamiales	Pedaliaceae	Sesamum
Sesamum_indicum	angiosperms	4182	Sesamum indicum	Eukaryota	Viridiplantae	Streptophyta	Magnoliopsida	Lamiales	Pedaliaceae	Sesamum
Sesamum_latifolium	angiosperms	2727402	Sesamum latifolium	Eukaryota	Viridiplantae	Streptophyta	Magnoliopsida	Lamiales	Pedaliaceae	Sesamum
Sesamum_radiatum	angiosperms	300843	Sesamum radiatum	Eukaryota	Viridiplantae	Streptophyta	Magnoliopsida	Lamiales	Pedaliaceae	Sesamum
Sesbania_bispinosa	angiosperms	485725	Sesbania bispinosa	Eukaryota	Viridiplantae	Streptophyta	Magnoliopsida	Fabales	Fabaceae	Sesbania
Setaria_italica	angiosperms	4555	Setaria italica	Eukaryota	Viridiplantae	Streptophyta	Magnoliopsida	Poales	Poaceae	Setaria
Setaria_viridis	angiosperms	4556	Setaria viridis	Eukaryota	Viridiplantae	Streptophyta	Magnoliopsida	Poales	Poaceae	Setaria
Setomelanomma_holmii	Fungi	210430	Setomelanomma holmii	Eukaryota	Fungi	Ascomycota	Dothideomycetes	Pleosporales	Phaeosphaeriaceae	Setomelanomma
Shorea_laevis	angiosperms	152420	Shorea laevis	Eukaryota	Viridiplantae	Streptophyta	Magnoliopsida	Malvales	Dipterocarpaceae	Shorea
Sida_crystallina	Metazoa	77656	Sida crystallina	Eukaryota	Metazoa	Arthropoda	Branchiopoda	Diplostraca	Sididae	Sida
Silene_latifolia	angiosperms	37657	Silene latifolia	Eukaryota	Viridiplantae	Streptophyta	Magnoliopsida	Caryophyllales	Caryophyllaceae	Silene
Simocephalus_vetulus	Metazoa	77651	Simocephalus vetulus	Eukaryota	Metazoa	Arthropoda	Branchiopoda	Diplostraca	Daphniidae	Simocephalus
Simrothiella_margaritacea	Metazoa	669227	Simrothiella margaritacea	Eukaryota	Metazoa	Mollusca	Solenogastres	Cavibelonia	Simrothiellidae	Simrothiella
Sinapis_alba	angiosperms	3728	Sinapis alba	Eukaryota	Viridiplantae	Streptophyta	Magnoliopsida	Brassicales	Brassicaceae	Sinapis
Sinonovacula_constricta	Metazoa	98310	Sinonovacula constricta	Eukaryota	Metazoa	Mollusca	Bivalvia	Cardiida	Solecurtidae	Sinonovacula
Siphonaria_normalis	Metazoa	981058	Siphonaria normalis	Eukaryota	Metazoa	Mollusca	Gastropoda	Siphonariida	Siphonariidae	Siphonaria
Siphonaria_pectinata	Metazoa	57642	Siphonaria pectinata	Eukaryota	Metazoa	Mollusca	Gastropoda	Siphonariida	Siphonariidae	Siphonaria
Siphonaria_sp.2	Metazoa	2916551	Siphonaria sp. 2 KMK-2022	Eukaryota	Metazoa	Mollusca	Gastropoda	Siphonariida	Siphonariidae	Siphonaria
Sipunculus_nudus	Metazoa	6446	Sipunculus nudus	Eukaryota	Metazoa	Annelida	Sipuncula	Golfingiida	Sipunculidae	Sipunculus
Siro_boyerae	Metazoa	385973	Siro boyerae	Eukaryota	Metazoa	Arthropoda	Arachnida	Opiliones	Sironidae	Siro
Sistotremastrum_niveocremeum_HHB9708	Fungi	1314777	Sistotremastrum niveocremeum HHB9708	Eukaryota	Fungi	Basidiomycota	Agaricomycetes	Sistotremastrales	Sistotremastraceae	Sertulicium
Sistotremastrum_suecicum_HHB10207_ss-3	Fungi	1314776	Sistotremastrum suecicum HHB10207 ss-3	Eukaryota	Fungi	Basidiomycota	Agaricomycetes	Sistotremastrales	Sistotremastraceae	Sistotremastrum
Sistotremastrum_suecicum_HHB10207_ss3	Fungi	1314776	Sistotremastrum suecicum HHB10207 ss-3	Eukaryota	Fungi	Basidiomycota	Agaricomycetes	Sistotremastrales	Sistotremastraceae	Sistotremastrum
Sitalcina_lobata	Metazoa	1454760	Sitalcina lobata	Eukaryota	Metazoa	Arthropoda	Arachnida	Opiliones	Phalangodidae	Sitalcina
Skeletonema_menzelii	Protists	216823	Skeletonema menzelii	Eukaryota		Bacillariophyta	Thalassiosirophyceae	Thalassiosirales	Thalassiosiraceae	Skeletonema
Skeletonema_potamos	Protists	1429247	Skeletonema potamos	Eukaryota		Bacillariophyta	Thalassiosirophyceae	Thalassiosirales	Thalassiosiraceae	Skeletonema
Smallanthus_sonchifolius	angiosperms	185202	Smallanthus sonchifolius	Eukaryota	Viridiplantae	Streptophyta	Magnoliopsida	Asterales	Asteraceae	Smallanthus
Smittium_angustum	Fungi	133377	Smittium angustum	Eukaryota	Fungi	Kickxellomycota	Harpellomycetes	Harpellales	Legeriomycetaceae	Smittium
Smittium_culicis	Fungi	133412	Smittium culicis	Eukaryota	Fungi	Kickxellomycota	Harpellomycetes	Harpellales	Legeriomycetaceae	Smittium
Smittium_megazygosporum	Fungi	133381	Smittium megazygosporum	Eukaryota	Fungi	Kickxellomycota	Harpellomycetes	Harpellales	Legeriomycetaceae	Smittium
Smittium_mucronatum	Fungi	133383	Smittium mucronatum	Eukaryota	Fungi	Kickxellomycota	Harpellomycetes	Harpellales	Legeriomycetaceae	Smittium
Smittium_simulii	Fungi	133385	Smittium simulii	Eukaryota	Fungi	Kickxellomycota	Harpellomycetes	Harpellales	Legeriomycetaceae	Smittium
Sodiomyces_alcalophilus_JCM_7366	Fungi	591952	Sodiomyces alcalophilus JCM 7366	Eukaryota	Fungi	Ascomycota	Sordariomycetes	Glomerellales	Plectosphaerellaceae	Sodiomyces
Sodiomyces_alkalinus_F11	Fungi	1314773	Sodiomyces alkalinus F11	Eukaryota	Fungi	Ascomycota	Sordariomycetes	Glomerellales	Plectosphaerellaceae	Sodiomyces
Solanum_bulbocastanum	angiosperms	147425	Solanum bulbocastanum	Eukaryota	Viridiplantae	Streptophyta	Magnoliopsida	Solanales	Solanaceae	Solanum
Solanum_commersonii	angiosperms	4109	Solanum commersonii	Eukaryota	Viridiplantae	Streptophyta	Magnoliopsida	Solanales	Solanaceae	Solanum
Solanum_demissum	angiosperms	50514	Solanum demissum	Eukaryota	Viridiplantae	Streptophyta	Magnoliopsida	Solanales	Solanaceae	Solanum
Solanum_dulcamara	angiosperms	45834	Solanum dulcamara	Eukaryota	Viridiplantae	Streptophyta	Magnoliopsida	Solanales	Solanaceae	Solanum
Solanum_lycopersicum	angiosperms	4081	Solanum lycopersicum	Eukaryota	Viridiplantae	Streptophyta	Magnoliopsida	Solanales	Solanaceae	Solanum
Solanum_melongena	angiosperms	4111	Solanum melongena	Eukaryota	Viridiplantae	Streptophyta	Magnoliopsida	Solanales	Solanaceae	Solanum
Solanum_pennellii	angiosperms	28526	Solanum pennellii	Eukaryota	Viridiplantae	Streptophyta	Magnoliopsida	Solanales	Solanaceae	Solanum
Solanum_pinnatisectum	angiosperms	50273	Solanum pinnatisectum	Eukaryota	Viridiplantae	Streptophyta	Magnoliopsida	Solanales	Solanaceae	Solanum
Solanum_stenotomum	angiosperms	172797	Solanum stenotomum	Eukaryota	Viridiplantae	Streptophyta	Magnoliopsida	Solanales	Solanaceae	Solanum
Solanum_stoloniferum	angiosperms	62892	Solanum stoloniferum	Eukaryota	Viridiplantae	Streptophyta	Magnoliopsida	Solanales	Solanaceae	Solanum
Solanum_tuberosum	angiosperms	4113	Solanum tuberosum	Eukaryota	Viridiplantae	Streptophyta	Magnoliopsida	Solanales	Solanaceae	Solanum
Solanum_verrucosum	angiosperms	315347	Solanum verrucosum	Eukaryota	Viridiplantae	Streptophyta	Magnoliopsida	Solanales	Solanaceae	Solanum
Solpugema_sp._MCZ_49525	Metazoa	2590529	Solpugema sp. MCZ 49525	Eukaryota	Metazoa	Arthropoda	Arachnida	Solifugae	Solpugidae	Solpugema
Somion_occarium	Fungi	3059160	Somion occarium	Eukaryota	Fungi	Basidiomycota	Agaricomycetes	Polyporales	Cerrenaceae	Somion
Sordaria_brevicollis	Fungi	83679	Sordaria brevicollis	Eukaryota	Fungi	Ascomycota	Sordariomycetes	Sordariales	Sordariaceae	Sordaria
Sordaria_macrospora	Fungi	5147	Sordaria macrospora	Eukaryota	Fungi	Ascomycota	Sordariomycetes	Sordariales	Sordariaceae	Sordaria
Sorghum_bicolor	angiosperms	4558	Sorghum bicolor	Eukaryota	Viridiplantae	Streptophyta	Magnoliopsida	Poales	Poaceae	Sorghum
Sorochytrium_milnesiophthora	Fungi	3075319	Sorochytrium milnesiophthora	Eukaryota	Fungi	Blastocladiomycota	Blastocladiomycetes	Blastocladiales	Sorochytriaceae	Sorochytrium
Spadella_cephaloptera	Metazoa	52888	Spadella cephaloptera	Eukaryota	Metazoa	Chaetognatha	Sagittoidea	Phragmophora	Spadellidae	Spadella
Sparassis_crispa	Fungi	139825	Sparassis crispa	Eukaryota	Fungi	Basidiomycota	Agaricomycetes	Polyporales	Sparassidaceae	Sparassis
Spathaspora_passalidarum_NRRL_Y-27907	Fungi	619300	Spathaspora passalidarum NRRL Y-27907	Eukaryota	Fungi	Ascomycota	Pichiomycetes	Serinales	Debaryomycetaceae	Spathaspora
Spathaspora_passalidarum_NRRL_Y27907	Fungi	619300	Spathaspora passalidarum NRRL Y-27907	Eukaryota	Fungi	Ascomycota	Pichiomycetes	Serinales	Debaryomycetaceae	Spathaspora
Spatholobus_suberectus	angiosperms	455371	Spatholobus suberectus	Eukaryota	Viridiplantae	Streptophyta	Magnoliopsida	Fabales	Fabaceae	Spatholobus
Sphacelaria_rigidula	Protists	117516	Sphacelaria rigidula	Eukaryota			Phaeophyceae	Sphacelariales	Sphacelariaceae	Sphacelaria
Sphaceloma_murrayae	Fungi	2082308	Sphaceloma murrayae	Eukaryota	Fungi	Ascomycota	Dothideomycetes	Myriangiales	Elsinoaceae	Sphaceloma
Sphaeramia_orbicularis	Metazoa	375764	Sphaeramia orbicularis	Eukaryota	Metazoa	Chordata	Actinopteri	Kurtiformes	Apogonidae	Sphaeramia
Sphaerobolus_stellatus_SS14	Fungi	990650	Sphaerobolus stellatus SS14	Eukaryota	Fungi	Basidiomycota	Agaricomycetes	Geastrales	Sphaerobolaceae	Sphaerobolus
Sphaerodorum_gracilis	Metazoa	2576333	Sphaerodorum gracilis	Eukaryota	Metazoa	Annelida	Polychaeta	Phyllodocida	Sphaerodoridae	Sphaerodorum
Sphaeroforma_arctica	Protists	72019	Sphaeroforma arctica	Eukaryota			Ichthyosporea	Ichthyophonida		Sphaeroforma
Sphaerolaimus_sp._T62	Metazoa	2881408	Sphaerolaimus sp. T62	Eukaryota	Metazoa	Nematoda	Chromadorea	Monhysterida	Sphaerolaimidae	Sphaerolaimus
Sphaeroma_terebrans	Metazoa	180402	Sphaeroma terebrans	Eukaryota	Metazoa	Arthropoda	Malacostraca	Isopoda	Sphaeromatidae	Sphaeroma
Sphaerosporella_brunnea	Fungi	1250544	Sphaerosporella brunnea	Eukaryota	Fungi	Ascomycota	Pezizomycetes	Pezizales	Pyronemataceae	Sphaerosporella
Sphaerothecum_destruens	Protists	42893	Sphaerothecum destruens	Eukaryota			Ichthyosporea	Dermocystida		Sphaerothecum
Sphaerulina_musiva_SO2202	Fungi	692275	Sphaerulina musiva SO2202	Eukaryota	Fungi	Ascomycota	Dothideomycetes	Mycosphaerellales	Mycosphaerellaceae	Sphaerulina
Sphagnum_balticum	bryophytes	128184	Sphagnum balticum	Eukaryota	Viridiplantae	Streptophyta	Sphagnopsida	Sphagnales	Sphagnaceae	Sphagnum
Sphagnum_compactum	bryophytes	128190	Sphagnum compactum	Eukaryota	Viridiplantae	Streptophyta	Sphagnopsida	Sphagnales	Sphagnaceae	Sphagnum
Sphagnum_fallax	bryophytes	53036	Sphagnum fallax	Eukaryota	Viridiplantae	Streptophyta	Sphagnopsida	Sphagnales	Sphagnaceae	Sphagnum
Sphagnum_jensenii	bryophytes	128206	Sphagnum jensenii	Eukaryota	Viridiplantae	Streptophyta	Sphagnopsida	Sphagnales	Sphagnaceae	Sphagnum
Sphagnum_magellanicum	bryophytes	128215	Sphagnum magellanicum	Eukaryota	Viridiplantae	Streptophyta	Sphagnopsida	Sphagnales	Sphagnaceae	Sphagnum
Sphagnum_tenellum	bryophytes	128247	Sphagnum tenellum	Eukaryota	Viridiplantae	Streptophyta	Sphagnopsida	Sphagnales	Sphagnaceae	Sphagnum
Sphagnum_troendelagicum	bryophytes	128251	Sphagnum troendelagicum	Eukaryota	Viridiplantae	Streptophyta	Sphagnopsida	Sphagnales	Sphagnaceae	Sphagnum
Sphagnurus_paluster	Fungi	117069	Sphagnurus paluster	Eukaryota	Fungi	Basidiomycota	Agaricomycetes	Agaricales	Lyophyllaceae	Sphagnurus
Sphenodon_punctatus	Metazoa	8508	Sphenodon punctatus	Eukaryota	Metazoa	Chordata	Lepidosauria	Sphenodontia	Sphenodontidae	Sphenodon
Sphenostylis_stenocarpa	angiosperms	92480	Sphenostylis stenocarpa	Eukaryota	Viridiplantae	Streptophyta	Magnoliopsida	Fabales	Fabaceae	Sphenostylis
Sphodros_rufipes	Metazoa	1203468	Sphodros rufipes	Eukaryota	Metazoa	Arthropoda	Arachnida	Araneae	Atypidae	Sphodros
Spinacia_oleracea	angiosperms	3562	Spinacia oleracea	Eukaryota	Viridiplantae	Streptophyta	Magnoliopsida	Caryophyllales	Amaranthaceae	Spinacia
Spinellus_fusiger	Fungi	101115	Spinellus fusiger	Eukaryota	Fungi	Mucoromycota	Mucoromycetes	Mucorales	Phycomycetaceae	Spinellus
Spinther_sp._SA-2015	Metazoa	1649661	Spinther sp. SA-2015	Eukaryota	Metazoa	Annelida	Polychaeta		Spintheridae	Spinther
Spirodela_intermedia	angiosperms	51605	Spirodela intermedia	Eukaryota	Viridiplantae	Streptophyta	Magnoliopsida	Alismatales	Araceae	Spirodela
Spiromyces_aspiralis	Fungi	68401	Spiromyces aspiralis	Eukaryota	Fungi	Kickxellomycota	Kickxellomycetes	Kickxellales	Kickxellaceae	Spiromyces
Spizellomyces_punctatus_DAOM_BR117	Fungi	645134	Spizellomyces punctatus DAOM BR117	Eukaryota	Fungi	Chytridiomycota	Chytridiomycetes	Spizellomycetales	Spizellomycetaceae	Spizellomyces
Spodoptera_frugiperda	Metazoa	7108	Spodoptera frugiperda	Eukaryota	Metazoa	Arthropoda	Insecta	Lepidoptera	Noctuidae	Spodoptera
Sporisorium_graminicola	Fungi	280036	Sporisorium graminicola	Eukaryota	Fungi	Basidiomycota	Ustilaginomycetes	Ustilaginales	Ustilaginaceae	Sporisorium
Sporisorium_reilianum_f._sp._reilianum	Fungi	72559	Sporisorium reilianum f. sp. reilianum	Eukaryota	Fungi	Basidiomycota	Ustilaginomycetes	Ustilaginales	Ustilaginaceae	Sporisorium
Sporobolomyces_blumeae	Fungi	100912	Sporobolomyces blumeae	Eukaryota	Fungi	Basidiomycota	Microbotryomycetes	Sporidiobolales	Sporidiobolaceae	Sporobolomyces
Sporobolomyces_johnsonii	Fungi	5002	Sporobolomyces johnsonii	Eukaryota	Fungi	Basidiomycota	Microbotryomycetes	Sporidiobolales	Sporidiobolaceae	Sporobolomyces
Sporobolomyces_koalae	Fungi	500713	Sporobolomyces koalae	Eukaryota	Fungi	Basidiomycota	Microbotryomycetes	Sporidiobolales	Sporidiobolaceae	Sporobolomyces
Sporobolomyces_ruberrimus	Fungi	86828	Sporobolomyces ruberrimus	Eukaryota	Fungi	Basidiomycota	Microbotryomycetes	Sporidiobolales	Sporidiobolaceae	Sporobolomyces
Sporobolomyces_salmoneus	Fungi	183962	Sporobolomyces salmoneus	Eukaryota	Fungi	Basidiomycota	Microbotryomycetes	Sporidiobolales	Sporidiobolaceae	Sporobolomyces
Sporobolomyces_salmonicolor	Fungi	5005	Sporobolomyces salmonicolor	Eukaryota	Fungi	Basidiomycota	Microbotryomycetes	Sporidiobolales	Sporidiobolaceae	Sporobolomyces
Sporodiniella_umbellata	Fungi	101117	Sporodiniella umbellata	Eukaryota	Fungi	Mucoromycota	Mucoromycetes	Mucorales	Rhizopodaceae	Sporodiniella
Sporormia_fimetaria_CBS_119925	Fungi	1340428	Sporormia fimetaria CBS 119925	Eukaryota	Fungi	Ascomycota	Dothideomycetes	Pleosporales	Sporormiaceae	Sporormia
Sporothrix_bragantina	Fungi	671064	Sporothrix bragantina	Eukaryota	Fungi	Ascomycota	Sordariomycetes	Ophiostomatales	Ophiostomataceae	Sporothrix
Sporothrix_brasiliensis_5110	Fungi	1398154	Sporothrix brasiliensis 5110	Eukaryota	Fungi	Ascomycota	Sordariomycetes	Ophiostomatales	Ophiostomataceae	Sporothrix
Sporothrix_curviconia	Fungi	1260050	Sporothrix curviconia	Eukaryota	Fungi	Ascomycota	Sordariomycetes	Ophiostomatales	Ophiostomataceae	Sporothrix
Sporothrix_epigloea	Fungi	1892477	Sporothrix epigloea	Eukaryota	Fungi	Ascomycota	Sordariomycetes	Ophiostomatales	Ophiostomataceae	Sporothrix
Sporothrix_eucalyptigena	Fungi	1812306	Sporothrix eucalyptigena	Eukaryota	Fungi	Ascomycota	Sordariomycetes	Ophiostomatales	Ophiostomataceae	Sporothrix
Sporothrix_schenckii_1099-18	Fungi	1397361	Sporothrix schenckii 1099-18	Eukaryota	Fungi	Ascomycota	Sordariomycetes	Ophiostomatales	Ophiostomataceae	Sporothrix
Sporothrix_schenckii_109918	Fungi	1397361	Sporothrix schenckii 1099-18	Eukaryota	Fungi	Ascomycota	Sordariomycetes	Ophiostomatales	Ophiostomataceae	Sporothrix
Sporothrix_thermara	Fungi	1805982	Sporothrix thermara	Eukaryota	Fungi	Ascomycota	Sordariomycetes	Ophiostomatales	Ophiostomataceae	Sporothrix
Squamulea_squamosa	Fungi	1301575	Squamulea squamosa	Eukaryota	Fungi	Ascomycota	Lecanoromycetes	Teloschistales	Teloschistaceae	Squamulea
Stachybotrys_chlorohalonatus_IBT_40285	Fungi	1283841	Stachybotrys chlorohalonatus IBT 40285	Eukaryota	Fungi	Ascomycota	Sordariomycetes	Hypocreales	Stachybotryaceae	Stachybotrys
Stachybotrys_elegans	Fungi	80388	Stachybotrys elegans	Eukaryota	Fungi	Ascomycota	Sordariomycetes	Hypocreales	Stachybotryaceae	Stachybotrys
Stagonosporopsis_vannaccii	Fungi	2606854	Stagonosporopsis vannaccii	Eukaryota	Fungi	Ascomycota	Dothideomycetes	Pleosporales	Didymellaceae	Stagonosporopsis
Staphylotrichum_longicolle	Fungi	669026	Staphylotrichum longicolle	Eukaryota	Fungi	Ascomycota	Sordariomycetes	Sordariales	Chaetomiaceae	Staphylotrichum
Staphylotrichum_tortipilum	Fungi	2831512	Staphylotrichum tortipilum	Eukaryota	Fungi	Ascomycota	Sordariomycetes	Sordariales	Chaetomiaceae	Staphylotrichum
Steccherinum_ochraceum	Fungi	92696	Steccherinum ochraceum	Eukaryota	Fungi	Basidiomycota	Agaricomycetes	Polyporales	Steccherinaceae	Steccherinum
Steganacarus_magnus	Metazoa	52000	Steganacarus magnus	Eukaryota	Metazoa	Arthropoda	Arachnida	Sarcoptiformes	Steganacaridae	Steganacarus
Stegodyphus_dumicola	Metazoa	202533	Stegodyphus dumicola	Eukaryota	Metazoa	Arthropoda	Arachnida	Araneae	Eresidae	Stegodyphus
Stemona_tuberosa	angiosperms	167572	Stemona tuberosa	Eukaryota	Viridiplantae	Streptophyta	Magnoliopsida	Pandanales	Stemonaceae	Stemona
Stemphylium_lycopersici	Fungi	183478	Stemphylium lycopersici	Eukaryota	Fungi	Ascomycota	Dothideomycetes	Pleosporales	Pleosporaceae	Stemphylium
Stenochrus_portoricensis	Metazoa	2080935	Stenochrus cf. portoricensis RK-2018	Eukaryota	Metazoa	Arthropoda	Arachnida	Schizomida	Hubbardiidae	Stenochrus
Stenostomum_leucops	Metazoa	52061	Stenostomum leucops	Eukaryota	Metazoa	Platyhelminthes			Stenostomidae	Stenostomum
Stenostomum_sthenum	Metazoa	1611831	Stenostomum sthenum	Eukaryota	Metazoa	Platyhelminthes			Stenostomidae	Stenostomum
Stenotaenia_linearis	Metazoa	1569481	Stenotaenia linearis	Eukaryota	Metazoa	Arthropoda	Chilopoda	Geophilomorpha	Geophilidae	Stenotaenia
Stentor_coeruleus	Protists	5963	Stentor coeruleus	Eukaryota		Ciliophora	Heterotrichea	Heterotrichida	Stentoridae	Stentor
Stephania_cephalantha	angiosperms	152367	Stephania cephalantha	Eukaryota	Viridiplantae	Streptophyta	Magnoliopsida	Ranunculales	Menispermaceae	Stephania
Stephania_japonica	angiosperms	461633	Stephania japonica	Eukaryota	Viridiplantae	Streptophyta	Magnoliopsida	Ranunculales	Menispermaceae	Stephania
Stephania_yunnanensis	angiosperms	152371	Stephania yunnanensis	Eukaryota	Viridiplantae	Streptophyta	Magnoliopsida	Ranunculales	Menispermaceae	Stephania
Stephanocyclus_meneghinianus	Protists	29205	Stephanocyclus meneghinianus	Eukaryota		Bacillariophyta	Thalassiosirophyceae	Thalassiosirales	Thalassiosiraceae	Stephanocyclus
Stephanodiscus_triporus	Protists	2934178	Stephanodiscus triporus	Eukaryota		Bacillariophyta	Thalassiosirophyceae	Thalassiosirales	Thalassiosiraceae	Stephanodiscus
Stephanoeca_diplocostata	Protists	81535	Stephanoeca diplocostata	Eukaryota			Choanoflagellata	Acanthoecida	Stephanoecidae	Stephanoeca
Stereocaulon_virgatum	Fungi	373712	Stereocaulon virgatum	Eukaryota	Fungi	Ascomycota	Lecanoromycetes	Lecanorales	Stereocaulaceae	Stereocaulon
Stereum_hirsutum_FP-91666_SS1	Fungi	721885	Stereum hirsutum FP-91666 SS1	Eukaryota	Fungi	Basidiomycota	Agaricomycetes	Russulales	Stereaceae	Stereum
Stereum_hirsutum_FP91666_SS1	Fungi	721885	Stereum hirsutum FP-91666 SS1	Eukaryota	Fungi	Basidiomycota	Agaricomycetes	Russulales	Stereaceae	Stereum
Sternaspis_scutata	Metazoa	36133	Sternaspis scutata	Eukaryota	Metazoa	Annelida	Polychaeta	Terebellida	Sternaspidae	Sternaspis
Sternophoridae_sp._MCZ_133496	Metazoa	2590522	Sternophoridae sp. MCZ 133496	Eukaryota	Metazoa	Arthropoda	Arachnida	Pseudoscorpiones	Sternophoridae	
Sticta_canariensis	Fungi	243211	Sticta canariensis	Eukaryota	Fungi	Ascomycota	Lecanoromycetes	Peltigerales	Lobariaceae	Sticta
Stictis_urceolata	Fungi	2704026	Stictis urceolata	Eukaryota	Fungi	Ascomycota	Lecanoromycetes	Ostropales	Stictidaceae	Stictis
Stipagrostis_hirtigluma	angiosperms	1137549	Stipagrostis hirtigluma subsp. patula	Eukaryota	Viridiplantae	Streptophyta	Magnoliopsida	Poales	Poaceae	Stipagrostis
Straminergon_stramineum	bryophytes	249548	Straminergon stramineum	Eukaryota	Viridiplantae	Streptophyta	Bryopsida	Hypnales	Calliergonaceae	Straminergon
Striga_asiatica	angiosperms	4170	Striga asiatica	Eukaryota	Viridiplantae	Streptophyta	Magnoliopsida	Lamiales	Orobanchaceae	Striga
Striga_hermonthica	angiosperms	68872	Striga hermonthica	Eukaryota	Viridiplantae	Streptophyta	Magnoliopsida	Lamiales	Orobanchaceae	Striga
Strigamia_acuminata	Metazoa	1255758	Strigamia acuminata	Eukaryota	Metazoa	Arthropoda	Chilopoda	Geophilomorpha	Linotaeniidae	Strigamia
Strigramia_maritima	Metazoa	126957	Strigamia maritima	Eukaryota	Metazoa	Arthropoda	Chilopoda	Geophilomorpha	Linotaeniidae	Strigamia
Stromatinia_cepivora	Fungi	38492	Stromatinia cepivora	Eukaryota	Fungi	Ascomycota	Leotiomycetes	Helotiales	Sclerotiniaceae	Stromatinia
Struwela_camposi	Metazoa	2859449	Struwela camposi	Eukaryota	Metazoa	Annelida	Polychaeta	Phyllodocida	Microphthalmidae	Struwela
Stygiomarasmius_scandens	Fungi	2682957	Stygiomarasmius scandens	Eukaryota	Fungi	Basidiomycota	Agaricomycetes	Agaricales	Campanellaceae	Stygiomarasmius
Stylodrilus_heringianus	Metazoa	77571	Stylodrilus heringianus	Eukaryota	Metazoa	Annelida	Clitellata	Lumbriculida	Lumbriculidae	Stylodrilus
Stylomenia_sulcodoryata	Metazoa	2137292	Stylomenia sulcodoryata	Eukaryota	Metazoa	Mollusca	Solenogastres	Pholidoskepia	Dondersiidae	Stylomenia
Stylonectria_norvegica	Fungi	1736662	Stylonectria norvegica	Eukaryota	Fungi	Ascomycota	Sordariomycetes	Hypocreales	Nectriaceae	Stylonectria
Stylonychia_lemnae	Protists	5949	Stylonychia lemnae	Eukaryota		Ciliophora	Spirotrichea	Sporadotrichida	Oxytrichidae	Stylonychia
Stylopallene_cheilorhynchus	Metazoa	1216044	Stylopallene cheilorhynchus	Eukaryota	Metazoa	Arthropoda	Pycnogonida	Pantopoda	Callipallenidae	Stylopallene
Stylosanthes_scabra	angiosperms	79078	Stylosanthes scabra	Eukaryota	Viridiplantae	Streptophyta	Magnoliopsida	Fabales	Fabaceae	Stylosanthes
Sugiyamaella_lignohabitans	Fungi	796027	Sugiyamaella lignohabitans	Eukaryota	Fungi	Ascomycota	Dipodascomycetes	Dipodascales	Trichomonascaceae	Sugiyamaella
Suhomyces_tanzawaensis_NRRL_Y-17324	Fungi	984487	Suhomyces tanzawaensis NRRL Y-17324	Eukaryota	Fungi	Ascomycota	Pichiomycetes	Serinales	Debaryomycetaceae	Suhomyces
Suhomyces_tanzawaensis_NRRL_Y17324	Fungi	984487	Suhomyces tanzawaensis NRRL Y-17324	Eukaryota	Fungi	Ascomycota	Pichiomycetes	Serinales	Debaryomycetaceae	Suhomyces
Suillus_americanus	Fungi	48561	Suillus americanus	Eukaryota	Fungi	Basidiomycota	Agaricomycetes	Boletales	Suillaceae	Suillus
Suillus_ampliporus	Fungi	1912932	Suillus ampliporus	Eukaryota	Fungi	Basidiomycota	Agaricomycetes	Boletales	Suillaceae	Suillus
Suillus_bovinus	Fungi	48563	Suillus bovinus	Eukaryota	Fungi	Basidiomycota	Agaricomycetes	Boletales	Suillaceae	Suillus
Suillus_brevipes_Sb2	Fungi	1400700	Suillus brevipes Sb2	Eukaryota	Fungi	Basidiomycota	Agaricomycetes	Boletales	Suillaceae	Suillus
Suillus_clintonianus	Fungi	1904413	Suillus clintonianus	Eukaryota	Fungi	Basidiomycota	Agaricomycetes	Boletales	Suillaceae	Suillus
Suillus_cothurnatus	Fungi	48568	Suillus cothurnatus	Eukaryota	Fungi	Basidiomycota	Agaricomycetes	Boletales	Suillaceae	Suillus
Suillus_decipiens	Fungi	48569	Suillus decipiens	Eukaryota	Fungi	Basidiomycota	Agaricomycetes	Boletales	Suillaceae	Suillus
Suillus_discolor	Fungi	1912936	Suillus discolor	Eukaryota	Fungi	Basidiomycota	Agaricomycetes	Boletales	Suillaceae	Suillus
Suillus_fuscotomentosus	Fungi	1912939	Suillus fuscotomentosus	Eukaryota	Fungi	Basidiomycota	Agaricomycetes	Boletales	Suillaceae	Suillus
Suillus_hirtellus	Fungi	279518	Suillus hirtellus	Eukaryota	Fungi	Basidiomycota	Agaricomycetes	Boletales	Suillaceae	Suillus
Suillus_lakei	Fungi	48574	Suillus lakei	Eukaryota	Fungi	Basidiomycota	Agaricomycetes	Boletales	Suillaceae	Suillus
Suillus_luteus_UH-Slu-Lm8-n1	Fungi	930992	Suillus luteus UH-Slu-Lm8-n1	Eukaryota	Fungi	Basidiomycota	Agaricomycetes	Boletales	Suillaceae	Suillus
Suillus_luteus_UHSluLm8n1	Fungi	930992	Suillus luteus UH-Slu-Lm8-n1	Eukaryota	Fungi	Basidiomycota	Agaricomycetes	Boletales	Suillaceae	Suillus
Suillus_occidentalis	Fungi	756607	Suillus occidentalis	Eukaryota	Fungi	Basidiomycota	Agaricomycetes	Boletales	Suillaceae	Suillus
Suillus_paluster	Fungi	48578	Suillus paluster	Eukaryota	Fungi	Basidiomycota	Agaricomycetes	Boletales	Suillaceae	Suillus
Suillus_placidus	Fungi	48579	Suillus placidus	Eukaryota	Fungi	Basidiomycota	Agaricomycetes	Boletales	Suillaceae	Suillus
Suillus_plorans	Fungi	116603	Suillus plorans	Eukaryota	Fungi	Basidiomycota	Agaricomycetes	Boletales	Suillaceae	Suillus
Suillus_spraguei	Fungi	5383	Suillus spraguei	Eukaryota	Fungi	Basidiomycota	Agaricomycetes	Boletales	Suillaceae	Suillus
Suillus_subalutaceus	Fungi	48586	Suillus subalutaceus	Eukaryota	Fungi	Basidiomycota	Agaricomycetes	Boletales	Suillaceae	Suillus
Suillus_subaureus	Fungi	48587	Suillus subaureus	Eukaryota	Fungi	Basidiomycota	Agaricomycetes	Boletales	Suillaceae	Suillus
Suillus_subluteus	Fungi	48588	Suillus subluteus	Eukaryota	Fungi	Basidiomycota	Agaricomycetes	Boletales	Suillaceae	Suillus
Suillus_tomentosus	Fungi	48589	Suillus tomentosus	Eukaryota	Fungi	Basidiomycota	Agaricomycetes	Boletales	Suillaceae	Suillus
Suillus_variegatus	Fungi	48592	Suillus variegatus	Eukaryota	Fungi	Basidiomycota	Agaricomycetes	Boletales	Suillaceae	Suillus
Suillus_weaverae	Fungi	48593	Suillus weaverae	Eukaryota	Fungi	Basidiomycota	Agaricomycetes	Boletales	Suillaceae	Suillus
Sungouiella_intermedia	Fungi	45354	Sungouiella intermedia	Eukaryota	Fungi	Ascomycota	Pichiomycetes	Serinales	Metschnikowiaceae	Sungouiella
Superstitionia_donensis	Metazoa	311983	Superstitionia donensis	Eukaryota	Metazoa	Arthropoda	Arachnida	Scorpiones	Superstitionidae	Superstitionia
Sycon_ciliatum	Metazoa	27933	Sycon ciliatum	Eukaryota	Metazoa	Porifera	Calcarea	Leucosolenida	Sycettidae	Sycon
Syllis_gracilis	Metazoa	418370	Syllis gracilis	Eukaryota	Metazoa	Annelida	Polychaeta	Phyllodocida	Syllidae	Syllis
Symbiochloris_irregularis	chlorophyta	706552	Symbiochloris irregularis	Eukaryota	Viridiplantae	Chlorophyta	Trebouxiophyceae	Trebouxiales	Trebouxiaceae	Symbiochloris
Symbiodinium_natans	Protists	878477	Symbiodinium natans	Eukaryota			Dinophyceae	Suessiales	Symbiodiniaceae	Symbiodinium
Symbiodinium_necroappetens	Protists	1628268	Symbiodinium necroappetens	Eukaryota			Dinophyceae	Suessiales	Symbiodiniaceae	Symbiodinium
Symbion_pandora	Metazoa	69817	Symbion pandora	Eukaryota	Metazoa	Cycliophora				Symbion
Symphylella_sp._AD-2014	Metazoa	1519114	Symphylella sp. AD-2014	Eukaryota	Metazoa	Arthropoda	Symphyla		Scolopendrellidae	Symphylella
Sympodiomycopsis_kandeliae	Fungi	574677	Sympodiomycopsis kandeliae	Eukaryota	Fungi	Basidiomycota	Exobasidiomycetes	Microstromatales		Sympodiomycopsis
Symsagittifera_roscoffensis	Metazoa	84072	Symsagittifera roscoffensis	Eukaryota	Metazoa	Xenacoelomorpha		Acoela	Convolutidae	Symsagittifera
Synaphobranchus_kaupii	Metazoa	118154	Synaphobranchus kaupii	Eukaryota	Metazoa	Chordata	Actinopteri	Anguilliformes	Synaphobranchidae	Synaphobranchus
Syncephalastrum_racemosum	Fungi	13706	Syncephalastrum racemosum	Eukaryota	Fungi	Mucoromycota	Mucoromycetes	Mucorales	Syncephalastraceae	Syncephalastrum
Syncephalis_fuscata	Fungi	1851187	Syncephalis fuscata	Eukaryota	Fungi	Zoopagomycota	Zoopagomycetes	Zoopagales	Piptocephalidaceae	Syncephalis
Syncephalis_plumigaleata	Fungi	1851185	Syncephalis plumigaleata	Eukaryota	Fungi	Zoopagomycota	Zoopagomycetes	Zoopagales	Piptocephalidaceae	Syncephalis
Syncephalis_pseudoplumigaleata	Fungi	1712513	Syncephalis pseudoplumigaleata	Eukaryota	Fungi	Zoopagomycota	Zoopagomycetes	Zoopagales	Piptocephalidaceae	Syncephalis
Synchytrium_endobioticum	Fungi	286115	Synchytrium endobioticum	Eukaryota	Fungi	Chytridiomycota	Chytridiomycetes	Synchytriales	Synchytriaceae	Synchytrium
Synchytrium_microbalum	Fungi	1806994	Synchytrium microbalum	Eukaryota	Fungi	Chytridiomycota	Chytridiomycetes	Synchytriales	Synchytriaceae	Synchytrium
Synsphyronus_apimelus	Metazoa	534689	Synsphyronus apimelus	Eukaryota	Metazoa	Arthropoda	Arachnida	Pseudoscorpiones	Garypidae	Synsphyronus
Syssomonas_multiformis	Protists	2006709	Syssomonas multiformis	Eukaryota						Syssomonas
Syzygium_grande	angiosperms	1042139	Syzygium grande	Eukaryota	Viridiplantae	Streptophyta	Magnoliopsida	Myrtales	Myrtaceae	Syzygium
Syzygium_oleosum	angiosperms	219896	Syzygium oleosum	Eukaryota	Viridiplantae	Streptophyta	Magnoliopsida	Myrtales	Myrtaceae	Syzygium
Tachyglossus_aculeatus	Metazoa	9261	Tachyglossus aculeatus	Eukaryota	Metazoa	Chordata	Mammalia	Monotremata	Tachyglossidae	Tachyglossus
Tachypleus_gigas	Metazoa	6852	Tachypleus gigas	Eukaryota	Metazoa	Arthropoda	Merostomata	Xiphosura	Limulidae	Tachypleus
Tachypleus_tridentatus	Metazoa	6853	Tachypleus tridentatus	Eukaryota	Metazoa	Arthropoda	Merostomata	Xiphosura	Limulidae	Tachypleus
Tagetes_erecta	angiosperms	13708	Tagetes erecta	Eukaryota	Viridiplantae	Streptophyta	Magnoliopsida	Asterales	Asteraceae	Tagetes
Takakia_lepidozioides	bryophytes	37425	Takakia lepidozioides	Eukaryota	Viridiplantae	Streptophyta	Takakiopsida	Takakiales	Takakiaceae	Takakia
Talaromyces_amestolkiae	Fungi	1196081	Talaromyces amestolkiae	Eukaryota	Fungi	Ascomycota	Eurotiomycetes	Eurotiales	Trichocomaceae	Talaromyces
Talaromyces_atroroseus	Fungi	1441469	Talaromyces atroroseus	Eukaryota	Fungi	Ascomycota	Eurotiomycetes	Eurotiales	Trichocomaceae	Talaromyces
Talaromyces_islandicus	Fungi	28573	Talaromyces islandicus	Eukaryota	Fungi	Ascomycota	Eurotiomycetes	Eurotiales	Trichocomaceae	Talaromyces
Talaromyces_marneffei	Fungi	37727	Talaromyces marneffei	Eukaryota	Fungi	Ascomycota	Eurotiomycetes	Eurotiales	Trichocomaceae	Talaromyces
Talaromyces_proteolyticus	Fungi	1131652	Talaromyces proteolyticus	Eukaryota	Fungi	Ascomycota	Eurotiomycetes	Eurotiales	Trichocomaceae	Talaromyces
Talaromyces_rugulosus	Fungi	121627	Talaromyces rugulosus	Eukaryota	Fungi	Ascomycota	Eurotiomycetes	Eurotiales	Trichocomaceae	Talaromyces
Talaromyces_stipitatus_ATCC_10500	Fungi	441959	Talaromyces stipitatus ATCC 10500	Eukaryota	Fungi	Ascomycota	Eurotiomycetes	Eurotiales	Trichocomaceae	Talaromyces
Talitrus_saltator	Metazoa	191375	Talitrus saltator	Eukaryota	Metazoa	Arthropoda	Malacostraca	Amphipoda	Talitridae	Talitrus
Tanacetum_coccineum	angiosperms	301880	Tanacetum coccineum	Eukaryota	Viridiplantae	Streptophyta	Magnoliopsida	Asterales	Asteraceae	Tanacetum
Tanaella_kommritzia	Metazoa	2823073	Tanaella kommritzia	Eukaryota	Metazoa	Arthropoda	Malacostraca	Tanaidacea	Tanaellidae	Tanaella
Tanystylum_orbiculare	Metazoa	88027	Tanystylum orbiculare	Eukaryota	Metazoa	Arthropoda	Pycnogonida	Pantopoda	Tanystylidae	Tanystylum
Taraxacum_koksaghyz	angiosperms	333970	Taraxacum kok-saghyz	Eukaryota	Viridiplantae	Streptophyta	Magnoliopsida	Asterales	Asteraceae	Taraxacum
Tarenaya_hassleriana	angiosperms	28532	Tarenaya hassleriana	Eukaryota	Viridiplantae	Streptophyta	Magnoliopsida	Brassicales	Cleomaceae	Tarenaya
Tasmannia_lanceolata	angiosperms	3420	Tasmannia lanceolata	Eukaryota	Viridiplantae	Streptophyta	Magnoliopsida	Canellales	Winteraceae	Tasmannia
Taxus_chinensis	gymnosperms	29808	Taxus chinensis	Eukaryota	Viridiplantae	Streptophyta	Pinopsida	Cupressales	Taxaceae	Taxus
Taxus_wallichiana	gymnosperms	2778344	Taxus wallichiana var. yunnanensis	Eukaryota	Viridiplantae	Streptophyta	Pinopsida	Cupressales	Taxaceae	Taxus
Telopea_speciosissima	angiosperms	54955	Telopea speciosissima	Eukaryota	Viridiplantae	Streptophyta	Magnoliopsida	Proteales	Proteaceae	Telopea
Teloschistes_chrysophthalmus	Fungi	1445009	Teloschistes chrysophthalmus	Eukaryota	Fungi	Ascomycota	Lecanoromycetes	Teloschistales	Teloschistaceae	Teloschistes
Teloschistes_exilis	Fungi	271840	Teloschistes exilis	Eukaryota	Fungi	Ascomycota	Lecanoromycetes	Teloschistales	Teloschistaceae	Teloschistes
Teloschistes_flavicans	Fungi	442469	Teloschistes flavicans	Eukaryota	Fungi	Ascomycota	Lecanoromycetes	Teloschistales	Teloschistaceae	Teloschistes
Teloschistes_hypoglaucus	Fungi	1300024	Teloschistes hypoglaucus	Eukaryota	Fungi	Ascomycota	Lecanoromycetes	Teloschistales	Teloschistaceae	Teloschistes
Teloschistes_peruensis	Fungi	2903223	Teloschistes peruensis	Eukaryota	Fungi	Ascomycota	Lecanoromycetes	Teloschistales	Teloschistaceae	Teloschistes
Tengella_radiata	Metazoa	389058	Tengella radiata	Eukaryota	Metazoa	Arthropoda	Arachnida	Araneae	Zoropsidae	Tengella
Tephrocybe_rancida	Fungi	117070	Tephrocybe rancida	Eukaryota	Fungi	Basidiomycota	Agaricomycetes	Agaricales	Lyophyllaceae	Tephrocybe
Teratosphaeria_nubilosa	Fungi	161662	Teratosphaeria nubilosa	Eukaryota	Fungi	Ascomycota	Dothideomycetes	Mycosphaerellales	Teratosphaeriaceae	Teratosphaeria
Terebellides_stroemi	Metazoa	1037239	Terebellides stroemii	Eukaryota	Metazoa	Annelida	Polychaeta	Terebellida	Trichobranchidae	Terebellides
Terebratalia_transversa	Metazoa	34513	Terebratalia transversa	Eukaryota	Metazoa	Brachiopoda	Rhynchonellata	Terebratulida	Laqueidae	Terebratalia
Terfezia_boudieri_ATCC_MYA-4762	Fungi	1051890	Terfezia boudieri ATCC MYA-4762	Eukaryota	Fungi	Ascomycota	Pezizomycetes	Pezizales	Pezizaceae	Terfezia
Terfezia_boudieri_ATCC_MYA4762	Fungi	1051890	Terfezia boudieri ATCC MYA-4762	Eukaryota	Fungi	Ascomycota	Pezizomycetes	Pezizales	Pezizaceae	Terfezia
Terfezia_claveryi	Fungi	139407	Terfezia claveryi	Eukaryota	Fungi	Ascomycota	Pezizomycetes	Pezizales	Pezizaceae	Terfezia
Terminoflustra_membranaceotruncata	Metazoa	2718619	Terminoflustra membranaceotruncata	Eukaryota	Metazoa	Bryozoa	Gymnolaemata	Cheilostomatida	Flustridae	Terminoflustra
Testicularia_cyperi	Fungi	1882483	Testicularia cyperi	Eukaryota	Fungi	Basidiomycota	Ustilaginomycetes	Ustilaginales	Anthracoideaceae	Testicularia
Tetrabaena_socialis	chlorophyta	47790	Tetrabaena socialis	Eukaryota	Viridiplantae	Chlorophyta	Chlorophyceae	Chlamydomonadales	Tetrabaenaceae	Tetrabaena
Tetracentron_sinense	angiosperms	13715	Tetracentron sinense	Eukaryota	Viridiplantae	Streptophyta	Magnoliopsida	Trochodendrales	Trochodendraceae	Tetracentron
Tetraclita_japonica	Metazoa	240496	Tetraclita japonica	Eukaryota	Metazoa	Arthropoda	Thecostraca	Balanomorpha	Tetraclitidae	Tetraclita
Tetradesmus_obliquus	chlorophyta	3088	Tetradesmus obliquus	Eukaryota	Viridiplantae	Chlorophyta	Chlorophyceae	Sphaeropleales	Scenedesmaceae	Tetradesmus
Tetrahymena_malaccensis	Protists	5901	Tetrahymena malaccensis	Eukaryota		Ciliophora	Oligohymenophorea	Hymenostomatida	Tetrahymenidae	Tetrahymena
Tetrahymena_thermophila_SB210	Protists	312017	Tetrahymena thermophila SB210	Eukaryota		Ciliophora	Oligohymenophorea	Hymenostomatida	Tetrahymenidae	Tetrahymena
Tetranychus_cinnabarinus	Metazoa	93129	Tetranychus cinnabarinus	Eukaryota	Metazoa	Arthropoda	Arachnida	Trombidiformes	Tetranychidae	Tetranychus
Tetranychus_urticae	Metazoa	32264	Tetranychus urticae	Eukaryota	Metazoa	Arthropoda	Arachnida	Trombidiformes	Tetranychidae	Tetranychus
Tetraparma_gracilis	Protists	2962635	Tetraparma gracilis	Eukaryota			Bolidophyceae	Parmales	Triparmaceae	Tetraparma
Tetrapisispora_phaffii_CBS_4417	Fungi	1071381	Tetrapisispora phaffii CBS 4417	Eukaryota	Fungi	Ascomycota	Saccharomycetes	Saccharomycetales	Saccharomycetaceae	Tetrapisispora
Tetrapyrgos_nigripes	Fungi	182062	Tetrapyrgos nigripes	Eukaryota	Fungi	Basidiomycota	Agaricomycetes	Agaricales	Campanellaceae	Tetrapyrgos
Tetrastemma_longissimum	Metazoa	307676	Tetrastemma longissimum	Eukaryota	Metazoa	Nemertea	Enopla	Monostilifera	Tetrastemmatidae	Tetrastemma
Tetrastemma_melanocephalum	Metazoa	307678	Tetrastemma melanocephalum	Eukaryota	Metazoa	Nemertea	Enopla	Monostilifera	Tetrastemmatidae	Tetrastemma
Tetrastigma_harmandii	angiosperms	1932026	Tetrastigma harmandii	Eukaryota	Viridiplantae	Streptophyta	Magnoliopsida	Vitales	Vitaceae	Tetrastigma
Tetrastigma_loheri	angiosperms	1006131	Tetrastigma loheri	Eukaryota	Viridiplantae	Streptophyta	Magnoliopsida	Vitales	Vitaceae	Tetrastigma
Tetrastigma_magnum	angiosperms	1932020	Tetrastigma magnum	Eukaryota	Viridiplantae	Streptophyta	Magnoliopsida	Vitales	Vitaceae	Tetrastigma
Tetrastigma_scariosum	angiosperms	1932022	Tetrastigma scariosum	Eukaryota	Viridiplantae	Streptophyta	Magnoliopsida	Vitales	Vitaceae	Tetrastigma
Tetrastigma_voinierianum	angiosperms	345143	Tetrastigma voinierianum	Eukaryota	Viridiplantae	Streptophyta	Magnoliopsida	Vitales	Vitaceae	Tetrastigma
Tetrix_subulata	Metazoa	288127	Tetrix subulata	Eukaryota	Metazoa	Arthropoda	Insecta	Orthoptera	Tetrigidae	Tetrix
Thalassiosira_exigua	Protists	2934189	Thalassiosira exigua	Eukaryota		Bacillariophyta	Thalassiosirophyceae	Thalassiosirales	Thalassiosiraceae	Thalassiosira
Thalassiosira_profunda	Protists	376140	Thalassiosira profunda	Eukaryota		Bacillariophyta	Thalassiosirophyceae	Thalassiosirales	Thalassiosiraceae	Thalassiosira
Thalassiosira_pseudonana_CCMP1335	Protists	296543	Thalassiosira pseudonana CCMP1335	Eukaryota		Bacillariophyta	Thalassiosirophyceae	Thalassiosirales	Thalassiosiraceae	Thalassiosira
Thalictrum_thalictroides	angiosperms	46969	Thalictrum thalictroides	Eukaryota	Viridiplantae	Streptophyta	Magnoliopsida	Ranunculales	Ranunculaceae	Thalictrum
Thamnidium_elegans	Fungi	101142	Thamnidium elegans	Eukaryota	Fungi	Mucoromycota	Mucoromycetes	Mucorales	Mucoraceae	Thamnidium
Thamnocephalis_sphaerospora	Fungi	78915	Thamnocephalis sphaerospora	Eukaryota	Fungi	Zoopagomycota	Zoopagomycetes	Zoopagales	Sigmoideomycetaceae	Thamnocephalis
Theatops_spinicaudus	Metazoa	1816096	Theatops spinicaudus	Eukaryota	Metazoa	Arthropoda	Chilopoda	Scolopendromorpha	Cryptopidae	Theatops
Theba_pisana	Metazoa	145622	Theba pisana	Eukaryota	Metazoa	Mollusca	Gastropoda	Stylommatophora	Helicidae	Theba
Thecaphora_frezii	Fungi	1269715	Thecaphora frezii	Eukaryota	Fungi	Basidiomycota	Ustilaginomycetes	Urocystidales	Glomosporiaceae	Thecaphora
Theileria_annulata	Protists	5874	Theileria annulata	Eukaryota		Apicomplexa	Aconoidasida	Piroplasmida	Theileriidae	Theileria
Theileria_equi_strain_WA	Protists	1537102	Theileria equi strain WA	Eukaryota		Apicomplexa	Aconoidasida	Piroplasmida	Theileriidae	Theileria
Theileria_orientalis_strain_Shintoku	Protists	869250	Theileria orientalis strain Shintoku	Eukaryota		Apicomplexa	Aconoidasida	Piroplasmida	Theileriidae	Theileria
Theileria_parva_strain_Muguga	Protists	333668	Theileria parva strain Muguga	Eukaryota		Apicomplexa	Aconoidasida	Piroplasmida	Theileriidae	Theileria
Thelephora_ganbajun	Fungi	370292	Thelephora ganbajun	Eukaryota	Fungi	Basidiomycota	Agaricomycetes	Thelephorales	Thelephoraceae	Thelephora
Thelephora_terrestris	Fungi	56493	Thelephora terrestris	Eukaryota	Fungi	Basidiomycota	Agaricomycetes	Thelephorales	Thelephoraceae	Thelephora
Thelocarpon_impressellum	Fungi	1116844	Thelocarpon impressellum	Eukaryota	Fungi	Ascomycota		Thelocarpales	Thelocarpaceae	Thelocarpon
Thelocarpon_superellum	Fungi	2939404	Thelocarpon superellum	Eukaryota	Fungi	Ascomycota		Thelocarpales	Thelocarpaceae	Thelocarpon
Thelonectria_olida	Fungi	1576542	Thelonectria olida	Eukaryota	Fungi	Ascomycota	Sordariomycetes	Hypocreales	Nectriaceae	Thelonectria
Thelotrema_lepadinum	Fungi	209281	Thelotrema lepadinum	Eukaryota	Fungi	Ascomycota	Lecanoromycetes	Ostropales	Graphidaceae	Thelotrema
Theobroma_cacao	angiosperms	3641	Theobroma cacao	Eukaryota	Viridiplantae	Streptophyta	Magnoliopsida	Malvales	Malvaceae	Theobroma
Thereuonema_tuberculata	Metazoa	353554	Thereuonema tuberculata	Eukaryota	Metazoa	Arthropoda	Chilopoda	Scutigeromorpha	Scutigeridae	Thereuonema
Theridiosoma_savannum	Metazoa	2080868	Theridiosoma savannum	Eukaryota	Metazoa	Arthropoda	Arachnida	Araneae	Theridiosomatidae	Theridiosoma
Thermoascus_aurantiacus_ATCC_26904	Fungi	1133049	Thermoascus aurantiacus ATCC 26904	Eukaryota	Fungi	Ascomycota	Eurotiomycetes	Eurotiales	Thermoascaceae	Thermoascus
Thermoascus_crustaceus	Fungi	5088	Thermoascus crustaceus	Eukaryota	Fungi	Ascomycota	Eurotiomycetes	Eurotiales	Thermoascaceae	Thermoascus
Thermoascus_thermophilus	Fungi	1131473	Thermoascus thermophilus	Eukaryota	Fungi	Ascomycota	Eurotiomycetes	Eurotiales	Thermoascaceae	Thermoascus
Thermobia_domestica	Metazoa	89055	Thermobia domestica	Eukaryota	Metazoa	Arthropoda	Insecta	Zygentoma	Lepismatidae	Thermobia
Thermocarpiscus_australiensis	Fungi	113626	Thermocarpiscus australiensis	Eukaryota	Fungi	Ascomycota	Sordariomycetes	Sordariales	Chaetomiaceae	Thermocarpiscus
Thermochaetoides_thermophila_DSM_1495	Fungi	759272	Thermochaetoides thermophila DSM 1495	Eukaryota	Fungi	Ascomycota	Sordariomycetes	Sordariales	Chaetomiaceae	Thermochaetoides
Thermomyces_dupontii	Fungi	28565	Thermomyces dupontii	Eukaryota	Fungi	Ascomycota	Eurotiomycetes	Eurotiales	Trichocomaceae	Thermomyces
Thermomyces_lanuginosus	Fungi	5541	Thermomyces lanuginosus	Eukaryota	Fungi	Ascomycota	Eurotiomycetes	Eurotiales	Trichocomaceae	Thermomyces
Thermomyces_stellatus	Fungi	2075419	Microascus stellatus	Eukaryota	Fungi	Ascomycota	Sordariomycetes	Microascales	Microascaceae	Microascus
Thermothelomyces_fergusii	Fungi	2588716	Thermothelomyces fergusii	Eukaryota	Fungi	Ascomycota	Sordariomycetes	Sordariales	Chaetomiaceae	Thermothelomyces
Thermothelomyces_heterothallicus_CBS_202.75	Fungi	1149848	Thermothelomyces heterothallicus CBS 202.75	Eukaryota	Fungi	Ascomycota	Sordariomycetes	Sordariales	Chaetomiaceae	Thermothelomyces
Thermothelomyces_hinnuleus	Fungi	225406	Thermothelomyces hinnuleus	Eukaryota	Fungi	Ascomycota	Sordariomycetes	Sordariales	Chaetomiaceae	Thermothelomyces
Thermothelomyces_myriococcoides	Fungi	2588717	Thermothelomyces myriococcoides	Eukaryota	Fungi	Ascomycota	Sordariomycetes	Sordariales	Chaetomiaceae	Thermothelomyces
Thermothelomyces_thermophilus_ATCC_42464	Fungi	573729	Thermothelomyces thermophilus ATCC 42464	Eukaryota	Fungi	Ascomycota	Sordariomycetes	Sordariales	Chaetomiaceae	Thermothelomyces
Thermothielavioides_terrestris_NRRL_8126	Fungi	578455	Thermothielavioides terrestris NRRL 8126	Eukaryota	Fungi	Ascomycota	Sordariomycetes	Sordariales	Chaetomiaceae	Thermothielavioides
Theromaster_sp._RF-2017	Metazoa	1955777	Theromaster sp. RF-2017	Eukaryota	Metazoa	Arthropoda	Arachnida	Opiliones	Cladonychiidae	Theromaster
Thlaspi_arvense	angiosperms	13288	Thlaspi arvense	Eukaryota	Viridiplantae	Streptophyta	Magnoliopsida	Brassicales	Brassicaceae	Thlaspi
Thoracophelia_mucronata	Metazoa	1280055	Thoracophelia mucronata	Eukaryota	Metazoa	Annelida	Polychaeta		Opheliidae	Thoracophelia
Thoreauomyces_humboldtii	Fungi	1396496	Thoreauomyces humboldtii	Eukaryota	Fungi	Chytridiomycota	Chytridiomycetes	Spizellomycetales	Powellomycetaceae	Thoreauomyces
Thrasychirus_gulosus	Metazoa	1160271	Thrasychirus gulosus	Eukaryota	Metazoa	Arthropoda	Arachnida	Opiliones	Neopilionidae	Thrasychirus
Thraustotheca_clavata	Protists	74557	Thraustotheca clavata	Eukaryota		Oomycota	Saprolegniomycetes	Saprolegniales	Achlyaceae	Thraustotheca
Thrips_palmi	Metazoa	161013	Thrips palmi	Eukaryota	Metazoa	Arthropoda	Insecta	Thysanoptera	Thripidae	Thrips
Thuidium_tamariscinum	bryophytes	67428	Thuidium tamariscinum	Eukaryota	Viridiplantae	Streptophyta	Bryopsida	Hypnales	Thuidiaceae	Thuidium
Thuja_plicata	gymnosperms	3316	Thuja plicata	Eukaryota	Viridiplantae	Streptophyta	Pinopsida	Cupressales	Cupressaceae	Thuja
Thuridilla_gracilis	Metazoa	483958	Thuridilla gracilis	Eukaryota	Metazoa	Mollusca	Gastropoda		Plakobranchidae	Thuridilla
Thyridium_curvatum	Fungi	1093900	Thyridium curvatum	Eukaryota	Fungi	Ascomycota	Sordariomycetes	Thyridiales	Thyridiaceae	Thyridium
Thysanoessa_inermis	Metazoa	210626	Thysanoessa inermis	Eukaryota	Metazoa	Arthropoda	Malacostraca	Euphausiacea	Euphausiidae	Thysanoessa
Tieghemiomyces_parasiticus	Fungi	78921	Tieghemiomyces parasiticus	Eukaryota	Fungi	Kickxellomycota	Dimargaritomycetes	Dimargaritales	Dimargaritaceae	Tieghemiomyces
Tigriopus_californicus	Metazoa	6832	Tigriopus californicus	Eukaryota	Metazoa	Arthropoda	Copepoda	Harpacticoida	Harpacticidae	Tigriopus
Tigriopus_japonicus	Metazoa	158387	Tigriopus japonicus	Eukaryota	Metazoa	Arthropoda	Copepoda	Harpacticoida	Harpacticidae	Tigriopus
Tillandsia_fasciculata	angiosperms	220113	Tillandsia fasciculata	Eukaryota	Viridiplantae	Streptophyta	Magnoliopsida	Poales	Bromeliaceae	Tillandsia
Tillandsia_leiboldiana	angiosperms	1842917	Tillandsia leiboldiana	Eukaryota	Viridiplantae	Streptophyta	Magnoliopsida	Poales	Bromeliaceae	Tillandsia
Tilletia_controversa	Fungi	13291	Tilletia controversa	Eukaryota	Fungi	Basidiomycota	Exobasidiomycetes	Tilletiales	Tilletiaceae	Tilletia
Tilletia_laevis	Fungi	157183	Tilletia laevis	Eukaryota	Fungi	Basidiomycota	Exobasidiomycetes	Tilletiales	Tilletiaceae	Tilletia
Tilletia_maclaganii	Fungi	1031713	Tilletia maclaganii	Eukaryota	Fungi	Basidiomycota	Exobasidiomycetes	Tilletiales	Tilletiaceae	Tilletia
Tilletia_walkeri	Fungi	117179	Tilletia walkeri	Eukaryota	Fungi	Basidiomycota	Exobasidiomycetes	Tilletiales	Tilletiaceae	Tilletia
Tilletiaria_anomala_UBC_951	Fungi	1037660	Tilletiaria anomala UBC 951	Eukaryota	Fungi	Basidiomycota	Exobasidiomycetes	Georgefischeriales	Tilletiariaceae	Tilletiaria
Tilletiopsis_washingtonensis	Fungi	58919	Tilletiopsis washingtonensis	Eukaryota	Fungi	Basidiomycota	Exobasidiomycetes	Entylomatales		Tilletiopsis
Timema_californicum	Metazoa	61474	Timema californicum	Eukaryota	Metazoa	Arthropoda	Insecta	Phasmatodea	Timematidae	Timema
Timspurckia_oligopyrenoides	Rhodophyta	708627	Timspurckia oligopyrenoides	Eukaryota		Rhodophyta	Bangiophyceae	Porphyridiales	Porphyridiaceae	Timspurckia
Tirmania_nivea	Fungi	160517	Tirmania nivea	Eukaryota	Fungi	Ascomycota	Pezizomycetes	Pezizales	Pezizaceae	Tirmania
Titiscania_limacina	Metazoa	200181	Titiscania limacina	Eukaryota	Metazoa	Mollusca	Gastropoda	Cycloneritida	Neritopsidae	Titiscania
Tobrilus_sp.	Metazoa	2490278	Tobrilus sp. MIHIG	Eukaryota	Metazoa	Nematoda	Enoplea	Triplonchida	Tobrilidae	Tobrilus
Toensbergia_leucococca	Fungi	1453789	Toensbergia leucococca	Eukaryota	Fungi	Ascomycota	Lecanoromycetes	Rhizocarpales	Sporastatiaceae	Toensbergia
Tolypocladium_capitatum	Fungi	45235	Tolypocladium capitatum	Eukaryota	Fungi	Ascomycota	Sordariomycetes	Hypocreales	Ophiocordycipitaceae	Tolypocladium
Tolypocladium_ophioglossoides_CBS_100239	Fungi	1163406	Tolypocladium ophioglossoides CBS 100239	Eukaryota	Fungi	Ascomycota	Sordariomycetes	Hypocreales	Ophiocordycipitaceae	Tolypocladium
Tolypocladium_paradoxum	Fungi	94208	Tolypocladium paradoxum	Eukaryota	Fungi	Ascomycota	Sordariomycetes	Hypocreales	Ophiocordycipitaceae	Tolypocladium
Tomocerus_qinae	Metazoa	1765738	Tomocerus qinae	Eukaryota	Metazoa	Arthropoda	Collembola	Entomobryomorpha	Tomoceridae	Tomocerus
Tomopteris_sp._ET-2021	Metazoa	2863090	Tomopteris sp. ET-2021	Eukaryota	Metazoa	Annelida	Polychaeta	Phyllodocida	Tomopteridae	Tomopteris
Tonicella_lineata	Metazoa	256058	Tonicella lineata	Eukaryota	Metazoa	Mollusca	Polyplacophora	Chitonida	Mopaliidae	Tonicella
Torreya_grandis	gymnosperms	58047	Torreya grandis	Eukaryota	Viridiplantae	Streptophyta	Pinopsida	Cupressales	Taxaceae	Torreya
Tortispora_caseinolytica_NRRL_Y-17796	Fungi	767744	Tortispora caseinolytica NRRL Y-17796	Eukaryota	Fungi	Ascomycota	Trigonopsidomycetes	Trigonopsidales	Trigonopsidaceae	Tortispora
Tortispora_caseinolytica_NRRL_Y17796	Fungi	767744	Tortispora caseinolytica NRRL Y-17796	Eukaryota	Fungi	Ascomycota	Trigonopsidomycetes	Trigonopsidales	Trigonopsidaceae	Tortispora
Torulaspora_delbrueckii	Fungi	4950	Torulaspora delbrueckii	Eukaryota	Fungi	Ascomycota	Saccharomycetes	Saccharomycetales	Saccharomycetaceae	Torulaspora
Torulaspora_globosa	Fungi	48254	Torulaspora globosa	Eukaryota	Fungi	Ascomycota	Saccharomycetes	Saccharomycetales	Saccharomycetaceae	Torulaspora
Tothia_fuscella	Fungi	1048955	Tothia fuscella	Eukaryota	Fungi	Ascomycota	Dothideomycetes	Venturiales	Cylindrosympodiaceae	Tothia
Toxoplasma_gondii_ME49	Protists	508771	Toxoplasma gondii ME49	Eukaryota		Apicomplexa	Conoidasida	Eucoccidiorida	Sarcocystidae	Toxoplasma
Trachipleistophora_hominis	Fungi	72359	Trachipleistophora hominis	Eukaryota	Fungi	Microsporidia			Pleistophoridae	Trachipleistophora
Trametes_cingulata	Fungi	575983	Trametes cingulata	Eukaryota	Fungi	Basidiomycota	Agaricomycetes	Polyporales	Polyporaceae	Trametes
Trametes_cinnabarina	Fungi	5643	Trametes cinnabarina	Eukaryota	Fungi	Basidiomycota	Agaricomycetes	Polyporales	Polyporaceae	Trametes
Trametes_coccinea_BRFM310	Fungi	1353009	Trametes coccinea BRFM310	Eukaryota	Fungi	Basidiomycota	Agaricomycetes	Polyporales	Polyporaceae	Trametes
Trametes_cubensis	Fungi	1111947	Trametes cubensis	Eukaryota	Fungi	Basidiomycota	Agaricomycetes	Polyporales	Polyporaceae	Trametes
Trametes_elegans	Fungi	526244	Trametes elegans	Eukaryota	Fungi	Basidiomycota	Agaricomycetes	Polyporales	Polyporaceae	Trametes
Trametes_maxima	Fungi	259368	Trametes maxima	Eukaryota	Fungi	Basidiomycota	Agaricomycetes	Polyporales	Polyporaceae	Trametes
Trametes_meyenii	Fungi	526243	Trametes meyenii	Eukaryota	Fungi	Basidiomycota	Agaricomycetes	Polyporales	Polyporaceae	Trametes
Trametes_polyzona	Fungi	239206	Trametes polyzona	Eukaryota	Fungi	Basidiomycota	Agaricomycetes	Polyporales	Polyporaceae	Trametes
Trametes_pubescens	Fungi	154538	Trametes pubescens	Eukaryota	Fungi	Basidiomycota	Agaricomycetes	Polyporales	Polyporaceae	Trametes
Trametes_punicea	Fungi	571087	Trametes punicea	Eukaryota	Fungi	Basidiomycota	Agaricomycetes	Polyporales	Polyporaceae	Trametes
Trametes_sanguinea	Fungi	158606	Trametes sanguinea	Eukaryota	Fungi	Basidiomycota	Agaricomycetes	Polyporales	Polyporaceae	Trametes
Trametes_versicolor_FP-101664_SS1	Fungi	717944	Trametes versicolor FP-101664 SS1	Eukaryota	Fungi	Basidiomycota	Agaricomycetes	Polyporales	Polyporaceae	Trametes
Trametes_versicolor_FP101664_SS1	Fungi	717944	Trametes versicolor FP-101664 SS1	Eukaryota	Fungi	Basidiomycota	Agaricomycetes	Polyporales	Polyporaceae	Trametes
Trametopsis_cervina	Fungi	1111950	Trametopsis cervina	Eukaryota	Fungi	Basidiomycota	Agaricomycetes	Polyporales	Irpicaceae	Trametopsis
Trapa_natans	angiosperms	22666	Trapa natans	Eukaryota	Viridiplantae	Streptophyta	Magnoliopsida	Myrtales	Lythraceae	Trapa
Trapelia_coarctata	Fungi	129515	Trapelia coarctata	Eukaryota	Fungi	Ascomycota	Lecanoromycetes	Trapeliales	Trapeliaceae	Trapelia
Travisiopsis_sp._ET-2021	Metazoa	2863091	Travisiopsis sp. ET-2021	Eukaryota	Metazoa	Annelida	Polychaeta	Phyllodocida	Typhloscolecidae	Travisiopsis
Trema_orientale	angiosperms	63057	Trema orientale	Eukaryota	Viridiplantae	Streptophyta	Magnoliopsida	Rosales	Cannabaceae	Trema
Trematosphaeria_pertusa	Fungi	390896	Trematosphaeria pertusa	Eukaryota	Fungi	Ascomycota	Dothideomycetes	Pleosporales	Trematosphaeriaceae	Trematosphaeria
Tremella_mesenterica_DSM_1558	Fungi	578456	Tremella mesenterica DSM 1558	Eukaryota	Fungi	Basidiomycota	Tremellomycetes	Tremellales	Tremellaceae	Tremella
Triangularia_setosa	Fungi	2587417	Triangularia setosa	Eukaryota	Fungi	Ascomycota	Sordariomycetes	Sordariales	Podosporaceae	Triangularia
Triangularia_verruculosa	Fungi	2587418	Triangularia verruculosa	Eukaryota	Fungi	Ascomycota	Sordariomycetes	Sordariales	Podosporaceae	Triangularia
Tribolium_castaneum	Metazoa	7070	Tribolium castaneum	Eukaryota	Metazoa	Arthropoda	Insecta	Coleoptera	Tenebrionidae	Tribolium
Tribonema_minus	Protists	303371	Tribonema minus	Eukaryota			Xanthophyceae	Tribonematales	Tribonemataceae	Tribonema
Tricharina_praecox	Fungi	43433	Tricharina praecox	Eukaryota	Fungi	Ascomycota	Pezizomycetes	Pezizales	Pyronemataceae	Tricharina
Trichobranchus_roseus	Metazoa	2248427	Trichobranchus roseus	Eukaryota	Metazoa	Annelida	Polychaeta	Terebellida	Trichobranchidae	Trichobranchus
Trichocladium_antarcticum	Fungi	1450529	Trichocladium antarcticum	Eukaryota	Fungi	Ascomycota	Sordariomycetes	Sordariales	Chaetomiaceae	Trichocladium
Trichocorixa_calva	Metazoa	1585305	Trichocorixa calva	Eukaryota	Metazoa	Arthropoda	Insecta	Hemiptera	Corixidae	Trichocorixa
Trichodelitschia_bisporula	Fungi	703511	Trichodelitschia bisporula	Eukaryota	Fungi	Ascomycota	Dothideomycetes	Phaeotrichales	Phaeotrichaceae	Trichodelitschia
Trichoderma_aethiopicum	Fungi	1195187	Trichoderma aethiopicum	Eukaryota	Fungi	Ascomycota	Sordariomycetes	Hypocreales	Hypocreaceae	Trichoderma
Trichoderma_afarasin	Fungi	1571655	Trichoderma afarasin	Eukaryota	Fungi	Ascomycota	Sordariomycetes	Hypocreales	Hypocreaceae	Trichoderma
Trichoderma_afroharzianum	Fungi	1567482	Trichoderma afroharzianum	Eukaryota	Fungi	Ascomycota	Sordariomycetes	Hypocreales	Hypocreaceae	Trichoderma
Trichoderma_aggressivum_f._europaeum	Fungi	173218	Trichoderma aggressivum f. europaeum	Eukaryota	Fungi	Ascomycota	Sordariomycetes	Hypocreales	Hypocreaceae	Trichoderma
Trichoderma_asperelloides	Fungi	702382	Trichoderma asperelloides	Eukaryota	Fungi	Ascomycota	Sordariomycetes	Hypocreales	Hypocreaceae	Trichoderma
Trichoderma_asperellum	Fungi	101201	Trichoderma asperellum	Eukaryota	Fungi	Ascomycota	Sordariomycetes	Hypocreales	Hypocreaceae	Trichoderma
Trichoderma_atroviride	Fungi	63577	Trichoderma atroviride	Eukaryota	Fungi	Ascomycota	Sordariomycetes	Hypocreales	Hypocreaceae	Trichoderma
Trichoderma_austrokoningii	Fungi	362043	Trichoderma austrokoningii	Eukaryota	Fungi	Ascomycota	Sordariomycetes	Hypocreales	Hypocreaceae	Trichoderma
Trichoderma_barbatum	Fungi	911154	Trichoderma barbatum	Eukaryota	Fungi	Ascomycota	Sordariomycetes	Hypocreales	Hypocreaceae	Trichoderma
Trichoderma_breve	Fungi	2034170	Trichoderma breve	Eukaryota	Fungi	Ascomycota	Sordariomycetes	Hypocreales	Hypocreaceae	Trichoderma
Trichoderma_camerunense	Fungi	1738374	Trichoderma camerunense	Eukaryota	Fungi	Ascomycota	Sordariomycetes	Hypocreales	Hypocreaceae	Trichoderma
Trichoderma_ceciliae	Fungi	1491460	Trichoderma ceciliae	Eukaryota	Fungi	Ascomycota	Sordariomycetes	Hypocreales	Hypocreaceae	Trichoderma
Trichoderma_chlorosporum	Fungi	257799	Trichoderma chlorosporum	Eukaryota	Fungi	Ascomycota	Sordariomycetes	Hypocreales	Hypocreaceae	Trichoderma
Trichoderma_citrinoviride	Fungi	58853	Trichoderma citrinoviride	Eukaryota	Fungi	Ascomycota	Sordariomycetes	Hypocreales	Hypocreaceae	Trichoderma
Trichoderma_compactum	Fungi	1490983	Trichoderma compactum	Eukaryota	Fungi	Ascomycota	Sordariomycetes	Hypocreales	Hypocreaceae	Trichoderma
Trichoderma_cornu-damae	Fungi	654480	Trichoderma cornu-damae	Eukaryota	Fungi	Ascomycota	Sordariomycetes	Hypocreales	Hypocreaceae	Trichoderma
Trichoderma_cornudamae	Fungi	654480	Trichoderma cornu-damae	Eukaryota	Fungi	Ascomycota	Sordariomycetes	Hypocreales	Hypocreaceae	Trichoderma
Trichoderma_evansii	Fungi	549676	Trichoderma evansii	Eukaryota	Fungi	Ascomycota	Sordariomycetes	Hypocreales	Hypocreaceae	Trichoderma
Trichoderma_gamsii	Fungi	398673	Trichoderma gamsii	Eukaryota	Fungi	Ascomycota	Sordariomycetes	Hypocreales	Hypocreaceae	Trichoderma
Trichoderma_ghanense	Fungi	65468	Trichoderma ghanense	Eukaryota	Fungi	Ascomycota	Sordariomycetes	Hypocreales	Hypocreaceae	Trichoderma
Trichoderma_gracile	Fungi	1195189	Trichoderma gracile	Eukaryota	Fungi	Ascomycota	Sordariomycetes	Hypocreales	Hypocreaceae	Trichoderma
Trichoderma_guizhouense	Fungi	1491466	Trichoderma guizhouense	Eukaryota	Fungi	Ascomycota	Sordariomycetes	Hypocreales	Hypocreaceae	Trichoderma
Trichoderma_harzianum_CBS_226.95	Fungi	983964	Trichoderma harzianum CBS 226.95	Eukaryota	Fungi	Ascomycota	Sordariomycetes	Hypocreales	Hypocreaceae	Trichoderma
Trichoderma_lentiforme	Fungi	1567552	Trichoderma lentiforme	Eukaryota	Fungi	Ascomycota	Sordariomycetes	Hypocreales	Hypocreaceae	Trichoderma
Trichoderma_novae-zelandiae	Fungi	173947	Trichoderma novae-zelandiae	Eukaryota	Fungi	Ascomycota	Sordariomycetes	Hypocreales	Hypocreaceae	Trichoderma
Trichoderma_novaezelandiae	Fungi	173947	Trichoderma novae-zelandiae	Eukaryota	Fungi	Ascomycota	Sordariomycetes	Hypocreales	Hypocreaceae	Trichoderma
Trichoderma_parareesei	Fungi	858221	Trichoderma parareesei	Eukaryota	Fungi	Ascomycota	Sordariomycetes	Hypocreales	Hypocreaceae	Trichoderma
Trichoderma_pleuroticola	Fungi	504485	Trichoderma pleuroticola	Eukaryota	Fungi	Ascomycota	Sordariomycetes	Hypocreales	Hypocreaceae	Trichoderma
Trichoderma_reesei_QM6a	Fungi	431241	Trichoderma reesei QM6a	Eukaryota	Fungi	Ascomycota	Sordariomycetes	Hypocreales	Hypocreaceae	Trichoderma
Trichoderma_semiorbis	Fungi	1491008	Trichoderma semiorbis	Eukaryota	Fungi	Ascomycota	Sordariomycetes	Hypocreales	Hypocreaceae	Trichoderma
Trichoderma_simmonsii	Fungi	1491479	Trichoderma simmonsii	Eukaryota	Fungi	Ascomycota	Sordariomycetes	Hypocreales	Hypocreaceae	Trichoderma
Trichoderma_velutinum	Fungi	202918	Trichoderma velutinum	Eukaryota	Fungi	Ascomycota	Sordariomycetes	Hypocreales	Hypocreaceae	Trichoderma
Trichoderma_virens_Gv29-8	Fungi	413071	Trichoderma virens Gv29-8	Eukaryota	Fungi	Ascomycota	Sordariomycetes	Hypocreales	Hypocreaceae	Trichoderma
Trichoderma_virens_Gv298	Fungi	413071	Trichoderma virens Gv29-8	Eukaryota	Fungi	Ascomycota	Sordariomycetes	Hypocreales	Hypocreaceae	Trichoderma
Trichodrilus_strandi	Metazoa	1736119	Trichodrilus strandi	Eukaryota	Metazoa	Annelida	Clitellata	Lumbriculida	Lumbriculidae	Trichodrilus
Trichoglossum_hirsutum	Fungi	265104	Trichoglossum hirsutum	Eukaryota	Fungi	Ascomycota	Geoglossomycetes	Geoglossales	Geoglossaceae	Trichoglossum
Tricholepidion_gertschi	Metazoa	89825	Tricholepidion gertschi	Eukaryota	Metazoa	Arthropoda	Insecta	Zygentoma	Lepidotrichidae	Tricholepidion
Tricholoma_furcatifolium	Fungi	2724999	Tricholoma furcatifolium	Eukaryota	Fungi	Basidiomycota	Agaricomycetes	Agaricales	Tricholomataceae	Tricholoma
Tricholomella_constricta	Fungi	117010	Tricholomella constricta	Eukaryota	Fungi	Basidiomycota	Agaricomycetes	Agaricales	Lyophyllaceae	Tricholomella
Trichomonascus_vanleenenianus	Fungi	2268995	Blastobotrys vanleenenianus	Eukaryota	Fungi	Ascomycota	Dipodascomycetes	Dipodascales	Trichomonascaceae	Blastobotrys
Trichophaea_hybrida	Fungi	47213	Trichophaea hybrida	Eukaryota	Fungi	Ascomycota	Pezizomycetes	Pezizales	Pyronemataceae	Trichophaea
Trichophyton_benhamiae_CBS_112371	Fungi	663331	Trichophyton benhamiae CBS 112371	Eukaryota	Fungi	Ascomycota	Eurotiomycetes	Onygenales	Arthrodermataceae	Trichophyton
Trichophyton_equinum_CBS_127.97	Fungi	559882	Trichophyton equinum CBS 127.97	Eukaryota	Fungi	Ascomycota	Eurotiomycetes	Onygenales	Arthrodermataceae	Trichophyton
Trichophyton_rubrum_CBS_118892	Fungi	559305	Trichophyton rubrum CBS 118892	Eukaryota	Fungi	Ascomycota	Eurotiomycetes	Onygenales	Arthrodermataceae	Trichophyton
Trichophyton_verrucosum_HKI_0517	Fungi	663202	Trichophyton verrucosum HKI 0517	Eukaryota	Fungi	Ascomycota	Eurotiomycetes	Onygenales	Arthrodermataceae	Trichophyton
Trichoplax_sp._H2	Metazoa	287889	Trichoplax sp. H2	Eukaryota	Metazoa	Placozoa	Uniplacotomia	Trichoplacea	Trichoplacidae	Trichoplax
Trichosporon_asahii_var._asahii_CBS_2479	Fungi	1186058	Trichosporon asahii var. asahii CBS 2479	Eukaryota	Fungi	Basidiomycota	Tremellomycetes	Trichosporonales	Trichosporonaceae	Trichosporon
Trichothecium_roseum	Fungi	47278	Trichothecium roseum	Eukaryota	Fungi	Ascomycota	Sordariomycetes	Hypocreales		Trichothecium
Tricladium_varicosporioides	Fungi	2075069	Tricladium varicosporioides	Eukaryota	Fungi	Ascomycota	Leotiomycetes	Helotiales	Tricladiaceae	Tricladium
Trifolium_medium	angiosperms	97028	Trifolium medium	Eukaryota	Viridiplantae	Streptophyta	Magnoliopsida	Fabales	Fabaceae	Trifolium
Trifolium_pratense	angiosperms	57577	Trifolium pratense	Eukaryota	Viridiplantae	Streptophyta	Magnoliopsida	Fabales	Fabaceae	Trifolium
Trifolium_repens	angiosperms	3899	Trifolium repens	Eukaryota	Viridiplantae	Streptophyta	Magnoliopsida	Fabales	Fabaceae	Trifolium
Trigoniulus_corallinus	Metazoa	1366115	Trigoniulus corallinus	Eukaryota	Metazoa	Arthropoda	Diplopoda	Spirobolida	Trigoniulidae	Trigoniulus
Trilobodrilus_axi	Metazoa	188474	Trilobodrilus axi	Eukaryota	Metazoa	Annelida	Polychaeta		Dinophilidae	Trilobodrilus
Trinorchestia_longiramus	Metazoa	1923959	Trinorchestia longiramus	Eukaryota	Metazoa	Arthropoda	Malacostraca	Amphipoda	Talitridae	Trinorchestia
Triops_cancriformis	Metazoa	194544	Triops cancriformis	Eukaryota	Metazoa	Arthropoda	Branchiopoda	Notostraca	Triopsidae	Triops
Triops_granarius	Metazoa	109777	Triops granarius	Eukaryota	Metazoa	Arthropoda	Branchiopoda	Notostraca	Triopsidae	Triops
Triops_longicaudatus	Metazoa	58777	Triops longicaudatus	Eukaryota	Metazoa	Arthropoda	Branchiopoda	Notostraca	Triopsidae	Triops
Triops_newberryi	Metazoa	1048741	Triops newberryi	Eukaryota	Metazoa	Arthropoda	Branchiopoda	Notostraca	Triopsidae	Triops
Triparma_columacea	Protists	722753	Triparma columacea	Eukaryota			Bolidophyceae	Parmales	Triparmaceae	Triparma
Triparma_laevis_f._inornata	Protists	1714386	Triparma laevis f. inornata	Eukaryota			Bolidophyceae	Parmales	Triparmaceae	Triparma
Triparma_retinervis	Protists	2557542	Triparma retinervis	Eukaryota			Bolidophyceae	Parmales	Triparmaceae	Triparma
Triparma_strigata	Protists	1606541	Triparma strigata	Eukaryota			Bolidophyceae	Parmales	Triparmaceae	Triparma
Triparma_verrucosa	Protists	1606542	Triparma verrucosa	Eukaryota			Bolidophyceae	Parmales	Triparmaceae	Triparma
Tripterygium_wilfordii	angiosperms	458696	Tripterygium wilfordii	Eukaryota	Viridiplantae	Streptophyta	Magnoliopsida	Celastrales	Celastraceae	Tripterygium
Triticum_aestivum	angiosperms	4565	Triticum aestivum	Eukaryota	Viridiplantae	Streptophyta	Magnoliopsida	Poales	Poaceae	Triticum
Triticum_dicoccoides	angiosperms	85692	Triticum dicoccoides	Eukaryota	Viridiplantae	Streptophyta	Magnoliopsida	Poales	Poaceae	Triticum
Triticum_urartu	angiosperms	4572	Triticum urartu	Eukaryota	Viridiplantae	Streptophyta	Magnoliopsida	Poales	Poaceae	Triticum
Trochus_nigropunctatus	Metazoa	2950569	Trochus nigropunctatus	Eukaryota	Metazoa	Mollusca	Gastropoda	Trochida	Trochidae	Trochus
Troglodrilus_jugeti	Metazoa	2507403	Troglodrilus jugeti	Eukaryota	Metazoa	Annelida	Clitellata	Tubificida	Naididae	Troglodrilus
Troglokhammouanus_steineri	Metazoa	1577154	Troglokhammouanus steineri	Eukaryota	Metazoa	Arthropoda	Arachnida	Scorpiones	Pseudochactidae	Troglokhammouanus
Trogulus_martensi	Metazoa	591623	Trogulus martensi	Eukaryota	Metazoa	Arthropoda	Arachnida	Opiliones	Trogulidae	Trogulus
Tropilaelaps_mercedesae	Metazoa	418985	Tropilaelaps mercedesae	Eukaryota	Metazoa	Arthropoda	Arachnida	Mesostigmata	Laelapidae	Tropilaelaps
Truncatella_angustata	Fungi	152316	Truncatella angustata	Eukaryota	Fungi	Ascomycota	Sordariomycetes	Amphisphaeriales	Sporocadaceae	Truncatella
Trypethelium_subeluteriae	Fungi	364730	Trypethelium subeluteriae	Eukaryota	Fungi	Ascomycota	Dothideomycetes	Trypetheliales	Trypetheliaceae	Trypethelium
Tuber_aestivum	Fungi	59557	Tuber aestivum	Eukaryota	Fungi	Ascomycota	Pezizomycetes	Pezizales	Tuberaceae	Tuber
Tuber_borchii	Fungi	42251	Tuber borchii	Eukaryota	Fungi	Ascomycota	Pezizomycetes	Pezizales	Tuberaceae	Tuber
Tuber_brumale	Fungi	60458	Tuber brumale	Eukaryota	Fungi	Ascomycota	Pezizomycetes	Pezizales	Tuberaceae	Tuber
Tuber_magnatum	Fungi	42249	Tuber magnatum	Eukaryota	Fungi	Ascomycota	Pezizomycetes	Pezizales	Tuberaceae	Tuber
Tuber_melanosporum	Fungi	39416	Tuber melanosporum	Eukaryota	Fungi	Ascomycota	Pezizomycetes	Pezizales	Tuberaceae	Tuber
Tubulanus_polymorphus	Metazoa	672921	Tubulanus polymorphus	Eukaryota	Metazoa	Nemertea	Palaeonemertea	Tubulaniformes	Tubulanidae	Tubulanus
Tubulideres_seminoli	Metazoa	1564091	Tubulideres seminoli	Eukaryota	Metazoa	Kinorhyncha	Cyclorhagida			Tubulideres
Tubulinosema_ratisbonensis	Fungi	291195	Tubulinosema ratisbonensis	Eukaryota	Fungi	Microsporidia			Tubulinosematidae	Tubulinosema
Tulasnella_calospora_MUT_4182	Fungi	1051891	Tulasnella calospora MUT 4182	Eukaryota	Fungi	Basidiomycota	Agaricomycetes	Cantharellales	Tulasnellaceae	Tulasnella
Turbatrix_aceti	Metazoa	114909	Turbatrix aceti	Eukaryota	Metazoa	Nematoda	Chromadorea	Rhabditida	Panagrolaimidae	Turbatrix
Turnera_subulata	angiosperms	218843	Turnera subulata	Eukaryota	Viridiplantae	Streptophyta	Magnoliopsida	Malpighiales	Passifloraceae	Turnera
Tygarrup_javanicus	Metazoa	863634	Tygarrup javanicus	Eukaryota	Metazoa	Arthropoda	Chilopoda	Geophilomorpha	Mecistocephalidae	Tygarrup
Tylopilus_felleus	Fungi	98230	Tylopilus felleus	Eukaryota	Fungi	Basidiomycota	Agaricomycetes	Boletales	Boletaceae	Tylopilus
Typha_angustifolia	angiosperms	59011	Typha angustifolia	Eukaryota	Viridiplantae	Streptophyta	Magnoliopsida	Poales	Typhaceae	Typha
Typha_latifolia	angiosperms	4733	Typha latifolia	Eukaryota	Viridiplantae	Streptophyta	Magnoliopsida	Poales	Typhaceae	Typha
Ulmus_minor	angiosperms	262084	Ulmus minor	Eukaryota	Viridiplantae	Streptophyta	Magnoliopsida	Rosales	Ulmaceae	Ulmus
Ulota_crispa	bryophytes	140636	Ulota crispa	Eukaryota	Viridiplantae	Streptophyta	Bryopsida	Orthotrichales	Orthotrichaceae	Ulota
Ulva_prolifera	chlorophyta	3117	Ulva prolifera	Eukaryota	Viridiplantae	Chlorophyta	Ulvophyceae	Ulvales	Ulvaceae	Ulva
Umbelopsis_isabellina	Fungi	91625	Umbelopsis isabellina	Eukaryota	Fungi	Mucoromycota	Umbelopsidomycetes	Umbelopsidales	Umbelopsidaceae	Umbelopsis
Umbelopsis_nana	Fungi	64526	Umbelopsis nana	Eukaryota	Fungi	Mucoromycota	Umbelopsidomycetes	Umbelopsidales	Umbelopsidaceae	Umbelopsis
Umbelopsis_ramanniana_AG	Fungi	1314678	Umbelopsis ramanniana AG	Eukaryota	Fungi	Mucoromycota	Umbelopsidomycetes	Umbelopsidales	Umbelopsidaceae	Umbelopsis
Umbelopsis_vinacea	Fungi	44442	Umbelopsis vinacea	Eukaryota	Fungi	Mucoromycota	Umbelopsidomycetes	Umbelopsidales	Umbelopsidaceae	Umbelopsis
Umbilicaria_vellea	Fungi	87287	Umbilicaria vellea	Eukaryota	Fungi	Ascomycota	Lecanoromycetes	Umbilicariales	Umbilicariaceae	Umbilicaria
Uncinocarpus_reesii_1704	Fungi	336963	Uncinocarpus reesii 1704	Eukaryota	Fungi	Ascomycota	Eurotiomycetes	Onygenales	Onygenaceae	Uncinocarpus
Undaria_pinnatifida	Fungi	74381	Undaria pinnatifida	Eukaryota			Phaeophyceae	Laminariales	Alariaceae	Undaria
Uperoleia_mahonyi	Metazoa	1855665	Uperoleia mahonyi	Eukaryota	Metazoa	Chordata	Amphibia	Anura	Myobatrachidae	Uperoleia
Upogebia_africana	Metazoa	1792266	Gebiidea	Eukaryota	Metazoa	Arthropoda	Malacostraca	Decapoda		
Urochloa_decumbens	angiosperms	240449	Urochloa decumbens	Eukaryota	Viridiplantae	Streptophyta	Magnoliopsida	Poales	Poaceae	Urochloa
Urochloa_humidicola	angiosperms	240451	Urochloa humidicola	Eukaryota	Viridiplantae	Streptophyta	Magnoliopsida	Poales	Poaceae	Urochloa
Uroctonites_huachuca	Metazoa	2511127	Uroctonites huachuca	Eukaryota	Metazoa	Arthropoda	Arachnida	Scorpiones	Vaejovidae	Uroctonites
Uroctonus_mordax	Metazoa	507508	Uroctonus mordax	Eukaryota	Metazoa	Arthropoda	Arachnida	Scorpiones	Chactidae	Uroctonus
Urodacus_elongatus	Metazoa	2341116	Urodacus elongatus	Eukaryota	Metazoa	Arthropoda	Arachnida	Scorpiones	Scorpionidae	Urodacus
Usnea_florida	Fungi	111620	Usnea florida	Eukaryota	Fungi	Ascomycota	Lecanoromycetes	Lecanorales	Parmeliaceae	Usnea
Usnochroma_carphineum	Fungi	1301586	Usnochroma carphineum	Eukaryota	Fungi	Ascomycota	Lecanoromycetes	Teloschistales	Teloschistaceae	Usnochroma
Ustilaginoidea_virens	Fungi	1159556	Ustilaginoidea virens	Eukaryota	Fungi	Ascomycota	Sordariomycetes	Hypocreales	Clavicipitaceae	Ustilaginoidea
Ustilago_bromivora	Fungi	307758	Ustilago bromivora	Eukaryota	Fungi	Basidiomycota	Ustilaginomycetes	Ustilaginales	Ustilaginaceae	Ustilago
Ustilago_hordei	Fungi	120017	Ustilago hordei	Eukaryota	Fungi	Basidiomycota	Ustilaginomycetes	Ustilaginales	Ustilaginaceae	Ustilago
Ustilago_loliicola	Fungi	2031085	Ustilago loliicola	Eukaryota	Fungi	Basidiomycota	Ustilaginomycetes	Ustilaginales	Ustilaginaceae	Ustilago
Ustilago_nuda	Fungi	86802	Ustilago nuda	Eukaryota	Fungi	Basidiomycota	Ustilaginomycetes	Ustilaginales	Ustilaginaceae	Ustilago
Ustilago_trichophora	Fungi	86804	Ustilago trichophora	Eukaryota	Fungi	Basidiomycota	Ustilaginomycetes	Ustilaginales	Ustilaginaceae	Ustilago
Ustilago_tritici	Fungi	117174	Ustilago tritici	Eukaryota	Fungi	Basidiomycota	Ustilaginomycetes	Ustilaginales	Ustilaginaceae	Ustilago
Ustulina_deusta	Fungi	110526	Ustulina deusta	Eukaryota	Fungi	Ascomycota	Sordariomycetes	Xylariales	Xylariaceae	Ustulina
Utricularia_aurea	angiosperms	192275	Utricularia aurea	Eukaryota	Viridiplantae	Streptophyta	Magnoliopsida	Lamiales	Lentibulariaceae	Utricularia
Vaccinium_darrowii	angiosperms	229202	Vaccinium darrowii	Eukaryota	Viridiplantae	Streptophyta	Magnoliopsida	Ericales	Ericaceae	Vaccinium
Vaejovis_mexicanus	Metazoa	993612	Vaejovis mexicanus	Eukaryota	Metazoa	Arthropoda	Arachnida	Scorpiones	Vaejovidae	Vaejovis
Vairimorpha_apis_BRL_01	Fungi	1037528	Vairimorpha apis BRL 01	Eukaryota	Fungi	Microsporidia			Nosematidae	Vairimorpha
Vairimorpha_bombi	Fungi	40135	Vairimorpha bombi	Eukaryota	Fungi	Microsporidia			Nosematidae	Vairimorpha
Vairimorpha_ceranae	Fungi	40302	Vairimorpha ceranae	Eukaryota	Fungi	Microsporidia			Nosematidae	Vairimorpha
Vairimorpha_necatrix	Fungi	6039	Vairimorpha necatrix	Eukaryota	Fungi	Microsporidia			Nosematidae	Vairimorpha
Vampyroteuthis_infernalis	Metazoa	55288	Vampyroteuthis infernalis	Eukaryota	Metazoa	Mollusca	Cephalopoda	Vampyromorpha	Vampyroteuthidae	Vampyroteuthis
Vanderwaltozyma_polyspora_DSM_70294	Fungi	436907	Vanderwaltozyma polyspora DSM 70294	Eukaryota	Fungi	Ascomycota	Saccharomycetes	Saccharomycetales	Saccharomycetaceae	Vanderwaltozyma
Vanrija_albida	Fungi	181172	Vanrija albida	Eukaryota	Fungi	Basidiomycota	Tremellomycetes	Trichosporonales	Trichosporonaceae	Vanrija
Vanrija_humicola	Fungi	5417	Vanrija humicola	Eukaryota	Fungi	Basidiomycota	Tremellomycetes	Trichosporonales	Trichosporonaceae	Vanrija
Vanrija_pseudolonga	Fungi	143232	Vanrija pseudolonga	Eukaryota	Fungi	Basidiomycota	Tremellomycetes	Trichosporonales	Trichosporonaceae	Vanrija
Vararia_minispora_EC-137	Fungi	1314806	Vararia minispora EC-137	Eukaryota	Fungi	Basidiomycota	Agaricomycetes	Russulales	Lachnocladiaceae	Vararia
Vararia_minispora_EC137	Fungi	1314806	Vararia minispora EC-137	Eukaryota	Fungi	Basidiomycota	Agaricomycetes	Russulales	Lachnocladiaceae	Vararia
Vargula_hilgendorfii	Metazoa	6674	Vargula hilgendorfii	Eukaryota	Metazoa	Arthropoda	Ostracoda	Myodocopida	Cypridinidae	Vargula
Varicellaria_rhodocarpa	Fungi	160984	Varicellaria rhodocarpa	Eukaryota	Fungi	Ascomycota	Lecanoromycetes	Pertusariales	Pertusariaceae	Varicellaria
Variospora_aurantia	Fungi	1301589	Variospora aurantia	Eukaryota	Fungi	Ascomycota	Lecanoromycetes	Teloschistales	Teloschistaceae	Variospora
Variospora_fuerteventurae	Fungi	3058865	Variospora fuerteventurae	Eukaryota	Fungi	Ascomycota	Lecanoromycetes	Teloschistales	Teloschistaceae	Variospora
Variospora_velana	Fungi	1301595	Variospora velana	Eukaryota	Fungi	Ascomycota	Lecanoromycetes	Teloschistales	Teloschistaceae	Variospora
Varroa_destructor	Metazoa	109461	Varroa destructor	Eukaryota	Metazoa	Arthropoda	Arachnida	Mesostigmata	Varroidae	Varroa
Varroa_jacobsoni	Metazoa	62625	Varroa jacobsoni	Eukaryota	Metazoa	Arthropoda	Arachnida	Mesostigmata	Varroidae	Varroa
Vavraia_culicis_subsp._floridensis	Fungi	948595	Vavraia culicis subsp. floridensis	Eukaryota	Fungi	Microsporidia			Pleistophoridae	Vavraia
Venturia_effusa	Fungi	50376	Venturia effusa	Eukaryota	Fungi	Ascomycota	Dothideomycetes	Venturiales	Venturiaceae	Venturia
Venturia_nashicola	Fungi	86259	Venturia nashicola	Eukaryota	Fungi	Ascomycota	Dothideomycetes	Venturiales	Venturiaceae	Venturia
Venustampulla_echinocandica	Fungi	2656787	Venustampulla echinocandica	Eukaryota	Fungi	Ascomycota	Leotiomycetes	Helotiales	Pleuroascaceae	Venustampulla
Vermiconidia_calcicola	Fungi	1690605	Vermiconidia calcicola	Eukaryota	Fungi	Ascomycota	Dothideomycetes	Mycosphaerellales	Extremaceae	Vermiconidia
Verruconis_gallopava	Fungi	253628	Verruconis gallopava	Eukaryota	Fungi	Ascomycota	Dothideomycetes	Venturiales	Sympoventuriaceae	Verruconis
Verticillium_alfalfae_VaMs.102	Fungi	526221	Verticillium alfalfae VaMs.102	Eukaryota	Fungi	Ascomycota	Sordariomycetes	Glomerellales	Plectosphaerellaceae	Verticillium
Verticillium_dahliae_VdLs.17	Fungi	498257	Verticillium dahliae VdLs.17	Eukaryota	Fungi	Ascomycota	Sordariomycetes	Glomerellales	Plectosphaerellaceae	Verticillium
Verticillium_nonalfalfae	Fungi	1051616	Verticillium nonalfalfae	Eukaryota	Fungi	Ascomycota	Sordariomycetes	Glomerellales	Plectosphaerellaceae	Verticillium
Vezdaea_acicularis	Fungi	2939408	Vezdaea acicularis	Eukaryota	Fungi	Ascomycota		Vezdaeales	Vezdaeaceae	Vezdaea
Vezdaea_aestivalis	Fungi	2939405	Vezdaea aestivalis	Eukaryota	Fungi	Ascomycota		Vezdaeales	Vezdaeaceae	Vezdaea
Vicia_faba	angiosperms	3906	Vicia faba	Eukaryota	Viridiplantae	Streptophyta	Magnoliopsida	Fabales	Fabaceae	Vicia
Vicia_villosa	angiosperms	3911	Vicia villosa	Eukaryota	Viridiplantae	Streptophyta	Magnoliopsida	Fabales	Fabaceae	Vicia
Victoria_cruziana	angiosperms	4421	Victoria cruziana	Eukaryota	Viridiplantae	Streptophyta	Magnoliopsida	Nymphaeales	Nymphaeaceae	Victoria
Vigna_angularis	angiosperms	3914	Vigna angularis	Eukaryota	Viridiplantae	Streptophyta	Magnoliopsida	Fabales	Fabaceae	Vigna
Vigna_mungo	angiosperms	3915	Vigna mungo	Eukaryota	Viridiplantae	Streptophyta	Magnoliopsida	Fabales	Fabaceae	Vigna
Vigna_radiata	angiosperms	3916	Vigna radiata var. radiata	Eukaryota	Viridiplantae	Streptophyta	Magnoliopsida	Fabales	Fabaceae	Vigna
Vigna_umbellata	angiosperms	87088	Vigna umbellata	Eukaryota	Viridiplantae	Streptophyta	Magnoliopsida	Fabales	Fabaceae	Vigna
Vigna_unguiculata	angiosperms	3917	Vigna unguiculata	Eukaryota	Viridiplantae	Streptophyta	Magnoliopsida	Fabales	Fabaceae	Vigna
Villophora_microphyllina	Fungi	2797858	Villophora microphyllina	Eukaryota	Fungi	Ascomycota	Lecanoromycetes	Teloschistales	Teloschistaceae	Villophora
Violaceomyces_palustris	Fungi	1673888	Violaceomyces palustris	Eukaryota	Fungi	Basidiomycota	Ustilaginomycetes	Violaceomycetales	Violaceomycetaceae	Violaceomyces
Viridothelium_virens	Fungi	1048519	Viridothelium virens	Eukaryota	Fungi	Ascomycota	Dothideomycetes	Trypetheliales	Trypetheliaceae	Viridothelium
Vitis_riparia	angiosperms	96939	Vitis riparia	Eukaryota	Viridiplantae	Streptophyta	Magnoliopsida	Vitales	Vitaceae	Vitis
Vitis_vinifera	angiosperms	29760	Vitis vinifera	Eukaryota	Viridiplantae	Streptophyta	Magnoliopsida	Vitales	Vitaceae	Vitis
Vitrella_brassicaformis	Protists	1169539	Vitrella brassicaformis	Eukaryota					Vitrellaceae	Vitrella
Vittaforma_corneae_ATCC_50505	Fungi	993615	Vittaforma corneae ATCC 50505	Eukaryota	Fungi	Microsporidia			Nosematidae	Vittaforma
Volvox_africanus	chlorophyta	51714	Volvox africanus	Eukaryota	Viridiplantae	Chlorophyta	Chlorophyceae	Chlamydomonadales	Volvocaceae	Volvox
Volvox_carteri	chlorophyta	3068	Volvox carteri f. nagariensis	Eukaryota	Viridiplantae	Chlorophyta	Chlorophyceae	Chlamydomonadales	Volvocaceae	Volvox
Volvox_reticuliferus	chlorophyta	1737510	Volvox reticuliferus	Eukaryota	Viridiplantae	Chlorophyta	Chlorophyceae	Chlamydomonadales	Volvocaceae	Volvox
Wallemia_canadensis	Fungi	1708542	Wallemia canadensis	Eukaryota	Fungi	Basidiomycota	Wallemiomycetes	Wallemiales	Wallemiaceae	Wallemia
Wallemia_hederae	Fungi	1540922	Wallemia hederae	Eukaryota	Fungi	Basidiomycota	Wallemiomycetes	Wallemiales	Wallemiaceae	Wallemia
Wallemia_ichthyophaga_EXF-994	Fungi	1299270	Wallemia ichthyophaga EXF-994	Eukaryota	Fungi	Basidiomycota	Wallemiomycetes	Wallemiales	Wallemiaceae	Wallemia
Wallemia_ichthyophaga_EXF994	Fungi	1299270	Wallemia ichthyophaga EXF-994	Eukaryota	Fungi	Basidiomycota	Wallemiomycetes	Wallemiales	Wallemiaceae	Wallemia
Wallemia_mellicola_CBS_633.66	Fungi	671144	Wallemia mellicola CBS 633.66	Eukaryota	Fungi	Basidiomycota	Wallemiomycetes	Wallemiales	Wallemiaceae	Wallemia
Warburgia_ugandensis	angiosperms	549619	Warburgia ugandensis	Eukaryota	Viridiplantae	Streptophyta	Magnoliopsida	Canellales	Canellaceae	Warburgia
Watersipora_subtorquata	Metazoa	193294	Watersipora subtorquata	Eukaryota	Metazoa	Bryozoa	Gymnolaemata	Cheilostomatida	Watersiporidae	Watersipora
Watsoniomyces_obsoletus	Fungi	2796175	Watsoniomyces obsoletus	Eukaryota	Fungi	Ascomycota	Lichinomycetes	Lichinales	Porocyphaceae	Watsoniomyces
Welwitschia_mirabilis	gymnosperms	3377	Welwitschia mirabilis	Eukaryota	Viridiplantae	Streptophyta	Gnetopsida	Welwitschiales	Welwitschiaceae	Welwitschia
Westerdykella_ornata	Fungi	318751	Westerdykella ornata	Eukaryota	Fungi	Ascomycota	Dothideomycetes	Pleosporales	Sporormiaceae	Westerdykella
Wetmoreana_brouardii	Fungi	1696787	Wetmoreana brouardii	Eukaryota	Fungi	Ascomycota	Lecanoromycetes	Teloschistales	Teloschistaceae	Wetmoreana
Whalleya_microplaca	Fungi	110547	Whalleya microplaca	Eukaryota	Fungi	Ascomycota	Sordariomycetes	Xylariales	Xylariaceae	Whalleya
Whitmania_pigra	Metazoa	486152	Whitmania pigra	Eukaryota	Metazoa	Annelida	Clitellata	Hirudinida	Haemopidae	Whitmania
Wickerhamiella_sorbophila	Fungi	45607	Wickerhamiella sorbophila	Eukaryota	Fungi	Ascomycota	Dipodascomycetes	Dipodascales	Trichomonascaceae	Wickerhamiella
Wickerhamomyces_anomalus_NRRL_Y-366-8	Fungi	4927	Hansenula anomala	Eukaryota	Fungi	Ascomycota	Saccharomycetes	Phaffomycetales	Wickerhamomycetaceae	Hansenula
Wickerhamomyces_anomalus_NRRL_Y3668	Fungi	4927	Hansenula anomala	Eukaryota	Fungi	Ascomycota	Saccharomycetes	Phaffomycetales	Wickerhamomycetaceae	Hansenula
Wickerhamomyces_ciferrii	Fungi	1041607	Hansenula ciferrii	Eukaryota	Fungi	Ascomycota	Saccharomycetes	Phaffomycetales	Wickerhamomycetaceae	Hansenula
Wilcoxina_mikolae_CBS_423.85	Fungi	1314677	Wilcoxina mikolae CBS 423.85	Eukaryota	Fungi	Ascomycota	Pezizomycetes	Pezizales	Pyronemataceae	Wilcoxina
Williamia_peltoides	Metazoa	1522360	Williamia peltoides	Eukaryota	Metazoa	Mollusca	Gastropoda	Siphonariida	Siphonariidae	Williamia
Withania_somnifera	angiosperms	126910	Withania somnifera	Eukaryota	Viridiplantae	Streptophyta	Magnoliopsida	Solanales	Solanaceae	Withania
Wolffia_australiana	angiosperms	161112	Wolffia australiana	Eukaryota	Viridiplantae	Streptophyta	Magnoliopsida	Alismatales	Araceae	Wolffia
Xanthocarpia_lactea	Fungi	3020609	Xanthocarpia lactea	Eukaryota	Fungi	Ascomycota	Lecanoromycetes	Teloschistales	Teloschistaceae	Xanthocarpia
Xanthocarpia_ochracea	Fungi	479100	Xanthocarpia ochracea	Eukaryota	Fungi	Ascomycota	Lecanoromycetes	Teloschistales	Teloschistaceae	Xanthocarpia
Xanthoceras_sorbifolium	angiosperms	99658	Xanthoceras sorbifolium	Eukaryota	Viridiplantae	Streptophyta	Magnoliopsida	Sapindales	Sapindaceae	Xanthoceras
Xanthoria_aureola	Fungi	262315	Xanthoria aureola	Eukaryota	Fungi	Ascomycota	Lecanoromycetes	Teloschistales	Teloschistaceae	Xanthoria
Xanthoria_calcicola	Fungi	116982	Xanthoria calcicola	Eukaryota	Fungi	Ascomycota	Lecanoromycetes	Teloschistales	Teloschistaceae	Xanthoria
Xanthoria_mediterranea	Fungi	408593	Xanthoria mediterranea	Eukaryota	Fungi	Ascomycota	Lecanoromycetes	Teloschistales	Teloschistaceae	Xanthoria
Xanthoria_steineri	Fungi	2905939	Xanthoria steineri	Eukaryota	Fungi	Ascomycota	Lecanoromycetes	Teloschistales	Teloschistaceae	Xanthoria
Xenopus_laevis	Metazoa	8355	Xenopus laevis	Eukaryota	Metazoa	Chordata	Amphibia	Anura	Pipidae	Xenopus
Xenopus_tropicalis	Metazoa	8364	Xenopus tropicalis	Eukaryota	Metazoa	Chordata	Amphibia	Anura	Pipidae	Xenopus
Xenos_vesparum	Metazoa	31928	Xenos vesparum	Eukaryota	Metazoa	Arthropoda	Insecta	Strepsiptera	Xenidae	Xenos
Xenoturbella_bocki	Metazoa	242395	Xenoturbella bocki	Eukaryota	Metazoa	Xenacoelomorpha			Xenoturbellidae	Xenoturbella
Xenoturbella_profunda	Metazoa	1736633	Xenoturbella profunda	Eukaryota	Metazoa	Xenacoelomorpha			Xenoturbellidae	Xenoturbella
Xibalbanus_tulumensis	Metazoa	1519145	Xibalbanus tulumensis	Eukaryota	Metazoa	Arthropoda	Remipedia	Nectiopoda	Speleonectidae	Xibalbanus
Xiphophorus_couchianus	Metazoa	32473	Xiphophorus couchianus	Eukaryota	Metazoa	Chordata	Actinopteri	Cyprinodontiformes	Poeciliidae	Xiphophorus
Xylaria_acuta	Fungi	114808	Xylaria acuta	Eukaryota	Fungi	Ascomycota	Sordariomycetes	Xylariales	Xylariaceae	Xylaria
Xylaria_arbuscula	Fungi	114810	Xylaria arbuscula	Eukaryota	Fungi	Ascomycota	Sordariomycetes	Xylariales	Xylariaceae	Xylaria
Xylaria_bambusicola	Fungi	326684	Xylaria bambusicola	Eukaryota	Fungi	Ascomycota	Sordariomycetes	Xylariales	Xylariaceae	Xylaria
Xylaria_castorea	Fungi	114812	Xylaria castorea	Eukaryota	Fungi	Ascomycota	Sordariomycetes	Xylariales	Xylariaceae	Xylaria
Xylaria_cubensis	Fungi	114814	Xylaria cubensis	Eukaryota	Fungi	Ascomycota	Sordariomycetes	Xylariales	Xylariaceae	Xylaria
Xylaria_curta	Fungi	42375	Xylaria curta	Eukaryota	Fungi	Ascomycota	Sordariomycetes	Xylariales	Xylariaceae	Xylaria
Xylaria_digitata	Fungi	323540	Xylaria digitata	Eukaryota	Fungi	Ascomycota	Sordariomycetes	Xylariales	Xylariaceae	Xylaria
Xylaria_flabelliformis	Fungi	2512241	Xylaria flabelliformis	Eukaryota	Fungi	Ascomycota	Sordariomycetes	Xylariales	Xylariaceae	Xylaria
Xylaria_intraflava	Fungi	492091	Xylaria intraflava	Eukaryota	Fungi	Ascomycota	Sordariomycetes	Xylariales	Xylariaceae	Xylaria
Xylaria_longipes	Fungi	114818	Xylaria longipes	Eukaryota	Fungi	Ascomycota	Sordariomycetes	Xylariales	Xylariaceae	Xylaria
Xylaria_multiplex	Fungi	323545	Xylaria multiplex	Eukaryota	Fungi	Ascomycota	Sordariomycetes	Xylariales	Xylariaceae	Xylaria
Xylaria_nigripes	Fungi	490159	Xylaria nigripes	Eukaryota	Fungi	Ascomycota	Sordariomycetes	Xylariales	Xylariaceae	Xylaria
Xylaria_palmicola	Fungi	665665	Xylaria palmicola	Eukaryota	Fungi	Ascomycota	Sordariomycetes	Xylariales	Xylariaceae	Xylaria
Xylaria_polymorpha	Fungi	77046	Xylaria polymorpha	Eukaryota	Fungi	Ascomycota	Sordariomycetes	Xylariales	Xylariaceae	Xylaria
Xylaria_scruposa	Fungi	743287	Xylaria scruposa	Eukaryota	Fungi	Ascomycota	Sordariomycetes	Xylariales	Xylariaceae	Xylaria
Xylaria_telfairii	Fungi	477509	Xylaria telfairii	Eukaryota	Fungi	Ascomycota	Sordariomycetes	Xylariales	Xylariaceae	Xylaria
Xylaria_venustula	Fungi	743302	Xylaria venustula	Eukaryota	Fungi	Ascomycota	Sordariomycetes	Xylariales	Xylariaceae	Xylaria
Xylographa_bjoerkii	Fungi	1590129	Xylographa bjoerkii	Eukaryota	Fungi	Ascomycota	Lecanoromycetes	Baeomycetales	Xylographaceae	Xylographa
Xylographa_carneopallida	Fungi	1590122	Xylographa carneopallida	Eukaryota	Fungi	Ascomycota	Lecanoromycetes	Baeomycetales	Xylographaceae	Xylographa
Xylographa_opegraphella	Fungi	1453797	Xylographa opegraphella	Eukaryota	Fungi	Ascomycota	Lecanoromycetes	Baeomycetales	Xylographaceae	Xylographa
Xylographa_pallens	Fungi	1590118	Xylographa pallens	Eukaryota	Fungi	Ascomycota	Lecanoromycetes	Baeomycetales	Xylographaceae	Xylographa
Xylographa_parallela	Fungi	1453798	Xylographa parallela	Eukaryota	Fungi	Ascomycota	Lecanoromycetes	Baeomycetales	Xylographaceae	Xylographa
Xylographa_soralifera	Fungi	1590126	Xylographa soralifera	Eukaryota	Fungi	Ascomycota	Lecanoromycetes	Baeomycetales	Xylographaceae	Xylographa
Xylographa_trunciseda	Fungi	1453799	Xylographa trunciseda	Eukaryota	Fungi	Ascomycota	Lecanoromycetes	Baeomycetales	Xylographaceae	Xylographa
Xylographa_vitiligo	Fungi	223429	Xylographa vitiligo	Eukaryota	Fungi	Ascomycota	Lecanoromycetes	Baeomycetales	Xylographaceae	Xylographa
Xylona_heveae_TC161	Fungi	1328760	Xylona heveae TC161	Eukaryota	Fungi	Ascomycota	Xylonomycetes	Xylonales	Xylonaceae	Xylona
Yamadazyma_tenuis	Fungi	2315449	Yamadazyma tenuis	Eukaryota	Fungi	Ascomycota	Pichiomycetes	Serinales	Debaryomycetaceae	Yamadazyma
Yarrowia_lipolytica	Fungi	4952	Yarrowia lipolytica	Eukaryota	Fungi	Ascomycota	Dipodascomycetes	Dipodascales		Yarrowia
Zalaria_obscura	Fungi	2024903	Zalaria obscura	Eukaryota	Fungi	Ascomycota	Dothideomycetes	Dothideales	Zalariaceae	Zalaria
Zalerion_maritima	Fungi	339359	Zalerion maritima	Eukaryota	Fungi	Ascomycota	Sordariomycetes	Lulworthiales	Lulworthiaceae	Zalerion
Zasmidium_cellare_ATCC_36951	Fungi	1080233	Zasmidium cellare ATCC 36951	Eukaryota	Fungi	Ascomycota	Dothideomycetes	Mycosphaerellales	Mycosphaerellaceae	Zasmidium
Zea_mays	angiosperms	4577	Zea mays	Eukaryota	Viridiplantae	Streptophyta	Magnoliopsida	Poales	Poaceae	Zea
Zelinkaderes_brightae	Metazoa	1564080	Zelinkaderes brightae	Eukaryota	Metazoa	Kinorhyncha	Cyclorhagida	Kentrorhagata	Zelinkaderidae	Zelinkaderes
Zelinkaderes_yong	Metazoa	2835552	Zelinkaderes yong	Eukaryota	Metazoa	Kinorhyncha	Cyclorhagida	Kentrorhagata	Zelinkaderidae	Zelinkaderes
Zerene_cesonia	Metazoa	33412	Zerene cesonia	Eukaryota	Metazoa	Arthropoda	Insecta	Lepidoptera	Pieridae	Zerene
Zingiber_officinale	angiosperms	94328	Zingiber officinale	Eukaryota	Viridiplantae	Streptophyta	Magnoliopsida	Zingiberales	Zingiberaceae	Zingiber
Zizania_palustris	angiosperms	103762	Zizania palustris	Eukaryota	Viridiplantae	Streptophyta	Magnoliopsida	Poales	Poaceae	Zizania
Ziziphus_jujuba	angiosperms	326968	Ziziphus jujuba	Eukaryota	Viridiplantae	Streptophyta	Magnoliopsida	Rosales	Rhamnaceae	Ziziphus
Zootermopsis_nevadensis	Metazoa	136037	Zootermopsis nevadensis	Eukaryota	Metazoa	Arthropoda	Insecta	Blattodea	Termopsidae	Zootermopsis
Zopfia_rhizophila_CBS_207.26	Fungi	1314779	Zopfia rhizophila CBS 207.26	Eukaryota	Fungi	Ascomycota	Dothideomycetes		Zopfiaceae	Zopfia
Zopfochytrium_polystomum	Fungi	2211651	Zopfochytrium polystomum	Eukaryota	Fungi	Chytridiomycota	Chytridiomycetes	Chytridiales	Chytridiaceae	Zopfochytrium
Zostera_marina	angiosperms	29655	Zostera marina	Eukaryota	Viridiplantae	Streptophyta	Magnoliopsida	Alismatales	Zosteraceae	Zostera
Zoysia_sinica	angiosperms	1043351	Zoysia sinica	Eukaryota	Viridiplantae	Streptophyta	Magnoliopsida	Poales	Poaceae	Zoysia
Zychaea_mexicana	Fungi	64656	Zychaea mexicana	Eukaryota	Fungi	Mucoromycota	Mucoromycetes	Mucorales	Lichtheimiaceae	Zychaea
Zygosaccharomyces_bisporus	Fungi	4957	Zygosaccharomyces bisporus	Eukaryota	Fungi	Ascomycota	Saccharomycetes	Saccharomycetales	Saccharomycetaceae	Zygosaccharomyces
Zygosaccharomyces_parabailii	Fungi	1365886	Zygosaccharomyces parabailii	Eukaryota	Fungi	Ascomycota	Saccharomycetes	Saccharomycetales	Saccharomycetaceae	Zygosaccharomyces
Zygosaccharomyces_rouxii	Fungi	4956	Zygosaccharomyces rouxii	Eukaryota	Fungi	Ascomycota	Saccharomycetes	Saccharomycetales	Saccharomycetaceae	Zygosaccharomyces
Zygotorulaspora_mrakii	Fungi	42260	Zygotorulaspora mrakii	Eukaryota	Fungi	Ascomycota	Saccharomycetes	Saccharomycetales	Saccharomycetaceae	Zygotorulaspora
Zymoseptoria_tritici_IPO323	Fungi	336722	Zymoseptoria tritici IPO323	Eukaryota	Fungi	Ascomycota	Dothideomycetes	Mycosphaerellales	Mycosphaerellaceae	Zymoseptoria
[Ashbya]_aceris_(nom._inval.)	Fungi	566037	[Ashbya] aceris (nom. inval.)	Eukaryota	Fungi	Ascomycota	Saccharomycetes	Saccharomycetales	Saccharomycetaceae	Eremothecium
[Candida]_anglica	Fungi	148631	[Candida] anglica	Eukaryota	Fungi	Ascomycota	Pichiomycetes	Serinales	Debaryomycetaceae	Kurtzmaniella
[Candida]_arabinofermentans_NRRL_YB-2248	Fungi									
[Candida]_jaroonii	Fungi	467808	Yamadazyma jaroonii	Eukaryota	Fungi	Ascomycota	Pichiomycetes	Serinales	Debaryomycetaceae	Yamadazyma
[Candida]_railenensis	Fungi	45579	Dujonia railenensis	Eukaryota	Fungi	Ascomycota	Pichiomycetes	Serinales	Debaryomycetaceae	Dujonia
[Candida]_subhashii	Fungi	561895	Hemisphaericaspora subhashii	Eukaryota	Fungi	Ascomycota	Pichiomycetes	Serinales	Debaryomycetaceae	Hemisphaericaspora
[Emmonsia]_crescens	Fungi	73230	[Emmonsia] crescens	Eukaryota	Fungi	Ascomycota	Eurotiomycetes	Onygenales	Ajellomycetaceae	Emergomyces
[Neocosmospora]_mangrovei	Fungi	2954835	[Neocosmospora] mangrovei	Eukaryota	Fungi	Ascomycota	Sordariomycetes	Hypocreales	Nectriaceae	Fusarium
[Pythium]_brassicae_(nom._inval.)	Protists	1485010	[Pythium] brassicae (nom. inval.)	Eukaryota		Oomycota	Peronosporomycetes	Pythiales	Pythiaceae	Globisporangium
[Torrubiella]_hemipterigena	Fungi	1531966	[Torrubiella] hemipterigena	Eukaryota	Fungi	Ascomycota	Sordariomycetes	Hypocreales	Clavicipitaceae	
