Species	Group	TaxID	Source
ASG001	Asgard		unresolved
ASG003	Asgard		unresolved
ASG004	Asgard		unresolved
ASG005	Asgard		unresolved
ASG006	Asgard		unresolved
ASG007	Asgard		unresolved
ASG008	Asgard		unresolved
ASG009	Asgard		unresolved
ASG010	Asgard		unresolved
ASG011	Asgard		unresolved
ASG012	Asgard		unresolved
ASG013	Asgard		unresolved
ASG014	Asgard		unresolved
ASG030	Asgard		unresolved
ASG031	Asgard		unresolved
ASG032	Asgard		unresolved
ASG033	Asgard		unresolved
ASG034	Asgard		unresolved
ASG035	Asgard		unresolved
ASG036	Asgard		unresolved
ASG037	Asgard		unresolved
ASG042	Asgard		unresolved
ASG043	Asgard		unresolved
ASG044	Asgard		unresolved
ASG045	Asgard		unresolved
ASG046	Asgard		unresolved
ASG047	Asgard		unresolved
ASG048	Asgard		unresolved
ASG049	Asgard		unresolved
ASG050	Asgard		unresolved
ASG051	Asgard		unresolved
ASG052	Asgard		unresolved
ASG053	Asgard		unresolved
ASG054	Asgard		unresolved
ASG055	Asgard		unresolved
ASG056	Asgard		unresolved
ASG057	Asgard		unresolved
ASG058	Asgard		unresolved
ASG059	Asgard		unresolved
ASG060	Asgard		unresolved
ASG061	Asgard		unresolved
ASG062	Asgard		unresolved
ASG063	Asgard		unresolved
ASG064	Asgard		unresolved
ASG065	Asgard		unresolved
ASG066	Asgard		unresolved
ASG067	Asgard		unresolved
ASG068	Asgard		unresolved
ASG069	Asgard		unresolved
ASG070	Asgard		unresolved
ASG071	Asgard		unresolved
ASG072	Asgard		unresolved
ASG073	Asgard		unresolved
ASG074	Asgard		unresolved
ASG075	Asgard		unresolved
ASG076	Asgard		unresolved
ASG077	Asgard		unresolved
ASG078	Asgard		unresolved
ASG079	Asgard		unresolved
ASG080	Asgard		unresolved
ASG081	Asgard		unresolved
ASG082	Asgard		unresolved
ASG083	Asgard		unresolved
ASG084	Asgard		unresolved
ASG085	Asgard		unresolved
ASG086	Asgard		unresolved
ASG087	Asgard		unresolved
ASG088	Asgard		unresolved
ASG089	Asgard		unresolved
ASG090	Asgard		unresolved
ASG091	Asgard		unresolved
ASG092	Asgard		unresolved
ASG093	Asgard		unresolved
ASG094	Asgard		unresolved
ASG095	Asgard		unresolved
ASG096	Asgard		unresolved
ASG097	Asgard		unresolved
ASG098	Asgard		unresolved
ASG099	Asgard		unresolved
ASG100	Asgard		unresolved
ASG101	Asgard		unresolved
ASG102	Asgard		unresolved
ASG103	Asgard		unresolved
ASG104	Asgard		unresolved
ASG105	Asgard		unresolved
ASG106	Asgard		unresolved
ASG107	Asgard		unresolved
ASG108	Asgard		unresolved
ASG109	Asgard		unresolved
ASG110	Asgard		unresolved
ASG111	Asgard		unresolved
ASG112	Asgard		unresolved
ASG113	Asgard		unresolved
ASG114	Asgard		unresolved
ASG115	Asgard		unresolved
ASG116	Asgard		unresolved
ASG117	Asgard		unresolved
ASG118	Asgard		unresolved
ASG119	Asgard		unresolved
ASG120	Asgard		unresolved
ASG121	Asgard		unresolved
ASG122	Asgard		unresolved
ASG123	Asgard		unresolved
ASG124	Asgard		unresolved
ASG125	Asgard		unresolved
ASG126	Asgard		unresolved
ASG127	Asgard		unresolved
ASG128	Asgard		unresolved
ASG129	Asgard		unresolved
ASG130	Asgard		unresolved
ASG131	Asgard		unresolved
ASG132	Asgard		unresolved
ASG133	Asgard		unresolved
ASG134	Asgard		unresolved
ASG135	Asgard		unresolved
ASG136	Asgard		unresolved
ASG137	Asgard		unresolved
ASG138	Asgard		unresolved
ASG139	Asgard		unresolved
ASG140	Asgard		unresolved
ASG141	Asgard		unresolved
ASG142	Asgard		unresolved
ASG143	Asgard		unresolved
ASG144	Asgard		unresolved
ASG145	Asgard		unresolved
ASG146	Asgard		unresolved
ASG147	Asgard		unresolved
ASG148	Asgard		unresolved
ASG149	Asgard		unresolved
ASG150	Asgard		unresolved
ASG151	Asgard		unresolved
ASG152	Asgard		unresolved
ASG153	Asgard		unresolved
ASG154	Asgard		unresolved
ASG155	Asgard		unresolved
ASG156	Asgard		unresolved
ASG157	Asgard		unresolved
ASG158	Asgard		unresolved
ASG159	Asgard		unresolved
ASG160	Asgard		unresolved
ASG161	Asgard		unresolved
ASG162	Asgard		unresolved
ASG163	Asgard		unresolved
ASG164	Asgard		unresolved
ASG165	Asgard		unresolved
ASG166	Asgard		unresolved
ASG167	Asgard		unresolved
ASG168	Asgard		unresolved
ASG169	Asgard		unresolved
ASG170	Asgard		unresolved
ASG171	Asgard		unresolved
ASG172	Asgard		unresolved
ASG173	Asgard		unresolved
ASG174	Asgard		unresolved
ASG175	Asgard		unresolved
ASG176	Asgard		unresolved
ASG177	Asgard		unresolved
ASG178	Asgard		unresolved
ASG179	Asgard		unresolved
ASG180	Asgard		unresolved
ASG181	Asgard		unresolved
ASG182	Asgard		unresolved
ASG183	Asgard		unresolved
ASG184	Asgard		unresolved
ASG185	Asgard		unresolved
ASG186	Asgard		unresolved
ASG187	Asgard		unresolved
ASG188	Asgard		unresolved
ASG189	Asgard		unresolved
ASG190	Asgard		unresolved
ASG191	Asgard		unresolved
ASG192	Asgard		unresolved
ASG193	Asgard		unresolved
ASG194	Asgard		unresolved
ASG195	Asgard		unresolved
ASG196	Asgard		unresolved
ASG197	Asgard		unresolved
ASG198	Asgard		unresolved
ASG199	Asgard		unresolved
ASG200	Asgard		unresolved
ASG201	Asgard		unresolved
ASG202	Asgard		unresolved
ASG203	Asgard		unresolved
ASG204	Asgard		unresolved
ASG205	Asgard		unresolved
ASG206	Asgard		unresolved
ASG207	Asgard		unresolved
ASG208	Asgard		unresolved
ASG209	Asgard		unresolved
ASG210	Asgard		unresolved
ASG232	Asgard		unresolved
ASG233	Asgard		unresolved
ASG235	Asgard		unresolved
ASG237	Asgard		unresolved
ASG242	Asgard		unresolved
ASG243	Asgard		unresolved
ASG244	Asgard		unresolved
ASG245	Asgard		unresolved
ASG246	Asgard		unresolved
ASG247	Asgard		unresolved
ASG249	Asgard		unresolved
ASG250	Asgard		unresolved
ASG251	Asgard		unresolved
ASG252	Asgard		unresolved
ASG253	Asgard		unresolved
ASG254	Asgard		unresolved
ASG255	Asgard		unresolved
ASG256	Asgard		unresolved
ASG257	Asgard		unresolved
ASG258	Asgard		unresolved
ASG259	Asgard		unresolved
ASG260	Asgard		unresolved
ASG261	Asgard		unresolved
ASG262	Asgard		unresolved
ASG263	Asgard		unresolved
ASG264	Asgard		unresolved
ASG265	Asgard		unresolved
ASG266	Asgard		unresolved
ASG267	Asgard		unresolved
ASG268	Asgard		unresolved
ASG269	Asgard		unresolved
ASG270	Asgard		unresolved
ASG271	Asgard		unresolved
ASG272	Asgard		unresolved
ASG273	Asgard		unresolved
ASG274	Asgard		unresolved
ASG275	Asgard		unresolved
ASG276	Asgard		unresolved
ASG277	Asgard		unresolved
ASG278	Asgard		unresolved
ASG279	Asgard		unresolved
ASG280	Asgard		unresolved
ASG281	Asgard		unresolved
ASG282	Asgard		unresolved
ASG283	Asgard		unresolved
ASG284	Asgard		unresolved
ASG285	Asgard		unresolved
ASG286	Asgard		unresolved
ASG287	Asgard		unresolved
ASG288	Asgard		unresolved
ASG289	Asgard		unresolved
ASG290	Asgard		unresolved
ASG291	Asgard		unresolved
ASG292	Asgard		unresolved
ASG293	Asgard		unresolved
ASG294	Asgard		unresolved
ASG295	Asgard		unresolved
ASG296	Asgard		unresolved
ASG297	Asgard		unresolved
ASG298	Asgard		unresolved
ASG299	Asgard		unresolved
ASG300	Asgard		unresolved
ASG301	Asgard		unresolved
ASG302	Asgard		unresolved
ASG303	Asgard		unresolved
ASG304	Asgard		unresolved
ASG305	Asgard		unresolved
ASG306	Asgard		unresolved
ASG307	Asgard		unresolved
ASG308	Asgard		unresolved
ASG309	Asgard		unresolved
ASG310	Asgard		unresolved
ASG311	Asgard		unresolved
ASG312	Asgard		unresolved
ASG313	Asgard		unresolved
ASG314	Asgard		unresolved
ASG315	Asgard		unresolved
ASG316	Asgard		unresolved
ASG317	Asgard		unresolved
ASG318	Asgard		unresolved
ASG319	Asgard		unresolved
ASG320	Asgard		unresolved
ASG321	Asgard		unresolved
ASG322	Asgard		unresolved
ASG323	Asgard		unresolved
ASG324	Asgard		unresolved
ASG325	Asgard		unresolved
ASG326	Asgard		unresolved
ASG327	Asgard		unresolved
ASG328	Asgard		unresolved
ASG329	Asgard		unresolved
ASG330	Asgard		unresolved
ASG331	Asgard		unresolved
ASG332	Asgard		unresolved
ASG333	Asgard		unresolved
ASG334	Asgard		unresolved
ASG335	Asgard		unresolved
ASG336	Asgard		unresolved
ASG338	Asgard		unresolved
ASG339	Asgard		unresolved
ASG340	Asgard		unresolved
ASG341	Asgard		unresolved
ASG342	Asgard		unresolved
ASG347	Asgard		unresolved
ASG349	Asgard		unresolved
ASG354	Asgard		unresolved
ASG361	Asgard		unresolved
ASG364	Asgard		unresolved
ASG366	Asgard		unresolved
ASG387	Asgard		unresolved
ASG391	Asgard		unresolved
ASG392	Asgard		unresolved
ASG393	Asgard		unresolved
ASG394	Asgard		unresolved
ASG395	Asgard		unresolved
ASG396	Asgard		unresolved
ASG397	Asgard		unresolved
ASG398	Asgard		unresolved
ASG399	Asgard		unresolved
ASG400	Asgard		unresolved
ASG401	Asgard		unresolved
ASG402	Asgard		unresolved
ASG403	Asgard		unresolved
ASG404	Asgard		unresolved
ASG405	Asgard		unresolved
ASG406	Asgard		unresolved
ASG407	Asgard		unresolved
ASG408	Asgard		unresolved
ASG409	Asgard		unresolved
ASG410	Asgard		unresolved
ASG411	Asgard		unresolved
ASG412	Asgard		unresolved
ASG417	Asgard		unresolved
ASG418	Asgard		unresolved
ASG419	Asgard		unresolved
ASG420	Asgard		unresolved
ASG421	Asgard		unresolved
ASG422	Asgard		unresolved
ASG423	Asgard		unresolved
ASG424	Asgard		unresolved
ASG425	Asgard		unresolved
ASG426	Asgard		unresolved
ASG427	Asgard		unresolved
ASG428	Asgard		unresolved
ASG429	Asgard		unresolved
ASG430	Asgard		unresolved
ASG431	Asgard		unresolved
ASG432	Asgard		unresolved
ASG433	Asgard		unresolved
ASG434	Asgard		unresolved
ASG435	Asgard		unresolved
ASG436	Asgard		unresolved
ASG437	Asgard		unresolved
ASG438	Asgard		unresolved
ASG439	Asgard		unresolved
ASG440	Asgard		unresolved
ASG441	Asgard		unresolved
ASG442	Asgard		unresolved
ASG443	Asgard		unresolved
ASG444	Asgard		unresolved
ASG445	Asgard		unresolved
ASG446	Asgard		unresolved
ASG447	Asgard		unresolved
ASG448	Asgard		unresolved
ASG449	Asgard		unresolved
ASG450	Asgard		unresolved
ASG451	Asgard		unresolved
ASG452	Asgard		unresolved
ASG453	Asgard		unresolved
ASG454	Asgard		unresolved
ASG455	Asgard		unresolved
ASG456	Asgard		unresolved
ASG457	Asgard		unresolved
ASG458	Asgard		unresolved
ASG467	Asgard		unresolved
ASG468	Asgard		unresolved
ASG469	Asgard		unresolved
ASG470	Asgard		unresolved
ASG472	Asgard		unresolved
ASG473	Asgard		unresolved
ASG474	Asgard		unresolved
ASG475	Asgard		unresolved
ASG476	Asgard		unresolved
ASG477	Asgard		unresolved
ASG478	Asgard		unresolved
ASG479	Asgard		unresolved
ASG480	Asgard		unresolved
ASG481	Asgard		unresolved
ASG482	Asgard		unresolved
ASG483	Asgard		unresolved
ASG484	Asgard		unresolved
ASG485	Asgard		unresolved
ASG486	Asgard		unresolved
ASG487	Asgard		unresolved
ASG488	Asgard		unresolved
ASG489	Asgard		unresolved
ASG490	Asgard		unresolved
ASG491	Asgard		unresolved
ASG492	Asgard		unresolved
ASG493	Asgard		unresolved
ASG494	Asgard		unresolved
ASG495	Asgard		unresolved
ASG496	Asgard		unresolved
ASG497	Asgard		unresolved
ASG498	Asgard		unresolved
ASG499	Asgard		unresolved
ASG500	Asgard		unresolved
ASG501	Asgard		unresolved
ASG502	Asgard		unresolved
ASG503	Asgard		unresolved
ASG504	Asgard		unresolved
ASG505	Asgard		unresolved
ASG506	Asgard		unresolved
ASG507	Asgard		unresolved
ASG508	Asgard		unresolved
ASG509	Asgard		unresolved
ASG510	Asgard		unresolved
ASG511	Asgard		unresolved
ASG512	Asgard		unresolved
ASG513	Asgard		unresolved
ASG514	Asgard		unresolved
ASG515	Asgard		unresolved
ASG516	Asgard		unresolved
ASG517	Asgard		unresolved
ASG518	Asgard		unresolved
ASG519	Asgard		unresolved
ASG520	Asgard		unresolved
ASG521	Asgard		unresolved
ASG523	Asgard		unresolved
ASG524	Asgard		unresolved
ASG525	Asgard		unresolved
ASG526	Asgard		unresolved
ASG528	Asgard		unresolved
ASG529	Asgard		unresolved
Aaosphaeria_arxii_CBS_175.79	Fungi	1450172	accession_api
Abarenicola_pacifica	Metazoa	273052	metazoa_metadata
Abeliophyllum_distichum	angiosperms	126358	accession_api
Abeoforma_whisleri	Protists	749232	name_search_full_name
Abortiporus_biennis	Fungi	137743	accession_api
Abrus_precatorius	angiosperms	3816	accession_api
Absidia_cylindrospora	Fungi	213030	accession_api
Absidia_glauca	Fungi	4829	accession_api
Absidia_repens	Fungi	90262	accession_api
Acacia_confusa	angiosperms	3809	accession_api
Acacia_crassicarpa	angiosperms	499986	accession_api
Acacia_pycnantha	angiosperms	880440	accession_api
Acanthochitona_crinita	Metazoa	126420	metazoa_metadata
Acanthoeca_spectabilis	Protists	81533	name_search_full_name
Acanthoecidae_sp_10tr	Protists		unresolved
Acanthopleura_gemmata	Metazoa	167016	accession_api
Acanthopleura_granulata	Metazoa	61363	accession_api
Acaromyces_ingoldii	Fungi	215250	accession_api
Acaulospora_colombiana	Fungi	27376	accession_api
Acaulospora_morrowiae	Fungi	94023	accession_api
Acephala_macrosclerotiorum	Fungi	886606	accession_api
Acer_negundo	angiosperms	4023	accession_api
Acer_pseudosieboldianum	angiosperms	47968	name_search_full_name
Acer_saccharum	angiosperms	4024	accession_api
Acer_truncatum	angiosperms	47965	name_search_full_name
Acer_yangbiense	angiosperms	1000413	accession_api
Acerentomon_sp._AD-2013	Metazoa	1323558	metazoa_metadata
Acetes_chinensis	Metazoa	439396	metazoa_metadata
Achaetomium_macrosporum	Fungi	79813	accession_api
Achatina/Lissachatina_immaculata	Metazoa	2605667	accession_api
Achlya_hypogyna	Protists	1202772	accession_api
Acipenser_ruthenus	Metazoa	7906	accession_api
Acopauropus_ornatus	Metazoa	1820145	metazoa_metadata
Acorus_calamus	angiosperms	4465	accession_api
Acorus_gramineus	angiosperms	55184	accession_api
Acrobeloides_nanus	Metazoa	290746	accession_api
Acrodontium_crateriforme	Fungi	150365	accession_api
Acropsopilio_neozelandiae	Metazoa	1954383	metazoa_metadata
Actinia_tenebrosa	Metazoa	6105	accession_api
Actinidia_arguta	angiosperms	64478	name_search_full_name
Actinidia_chinensis	angiosperms	3625	accession_api
Actinidia_cylindrica	angiosperms	165704	name_search_full_name
Actinidia_deliciosa	angiosperms	3627	accession_api
Actinidia_eriantha	angiosperms	165200	accession_api
Actinidia_hemsleyana	angiosperms	165707	name_search_full_name
Actinidia_latifolia	angiosperms	165711	name_search_full_name
Actinidia_macrosperma	angiosperms	165712	name_search_full_name
Actinidia_polygama	angiosperms	64480	name_search_full_name
Actinidia_rufa	angiosperms	165716	name_search_full_name
Actinidia_zhejiangensis	angiosperms	165720	name_search_full_name
Actinomortierella_ambigua	Fungi	1343610	accession_api
Actinomortierella_wolfii	Fungi	90253	accession_api
Acyrthosiphon_pisum	Metazoa	7029	accession_api
Adiantum_capillusveneris	pteridophyte	13818	accession_api
Adineta_vaga	Metazoa	104782	accession_api
Aedes_aegypti	Metazoa	7159	accession_api
Aegilops_comosa	angiosperms	4485	accession_api
Aegilops_geniculata	angiosperms	130459	accession_api
Aegilops_speltoides	angiosperms	4573	name_search_full_name
Aegilops_tauschii	angiosperms	200361	accession_api
Aegista_chejuensis	Metazoa	1399158	metazoa_metadata
Aeolosoma_sp.	Metazoa	55817	metazoa_metadata
Agaricus_bisporus_var._bisporus_H97	Fungi	936046	accession_api
Agarophyton_chilense	Rhodophyta	2510777	name_search_full_name
Agathotanais_misakiensis	Metazoa	2823062	metazoa_metadata
Ageratina_adenophora	angiosperms	176616	accession_api
Agrocybe_chaxingu	Fungi	84603	accession_api
Agrocybe_pediades	Fungi	84607	accession_api
Agyrium_rufum	Fungi	443868	accession_api
Ajuga_decumbens	angiosperms	167911	name_search_full_name
Akanthomyces_lecanii_RCEF_1005	Fungi	1081108	accession_api
Akanthomyces_muscarius	Fungi	2231603	accession_api
Akebia_trifoliata	angiosperms	155132	name_search_full_name
Albizia_julibrissin	angiosperms	3813	accession_api
Alcyonidium_sp._KMK-2022	Metazoa	2969545	metazoa_metadata
Alderia_modesta	Metazoa	369574	metazoa_metadata
Alectoria_fallacina	Fungi	1903189	accession_api
Alexandromenia_crassa	Metazoa	1638916	metazoa_metadata
Alinda_biplicata	Metazoa	1290020	metazoa_metadata
Alipes_grandidieri	Metazoa	1257097	metazoa_metadata
Alitta_virens	Metazoa	880429	accession_api
Alligator_sinensis	Metazoa	38654	accession_api
Allium_cepa	angiosperms	4679	name_search_full_name
Allium_fistulosum	angiosperms	35875	name_search_full_name
Allodorylaimus	Metazoa	288449	metazoa_metadata
Allomyces_arbusculus	Fungi	64504	accession_api
Allomyces_javanicus	Fungi	64505	accession_api
Allomyces_macrogynus_ATCC_38327	Fungi	578462	accession_api
Alnus_glutinosa	angiosperms	3517	accession_api
Alopecurus_aequalis	angiosperms	114194	accession_api
Alsophila_spinulosa	pteridophyte	204586	name_search_full_name
Alternaria_alternata	Fungi	5599	accession_api
Alternaria_arborescens	Fungi	156630	accession_api
Alternaria_arbusti	Fungi	232088	accession_api
Alternaria_atra	Fungi	119953	accession_api
Alternaria_burnsii	Fungi	1187904	accession_api
Alternaria_conjuncta	Fungi	181017	accession_api
Alternaria_dauci	Fungi	48095	accession_api
Alternaria_ethzedia	Fungi	181014	accession_api
Alternaria_gaisen	Fungi	167740	accession_api
Alternaria_hordeiaustralica	Fungi	1187925	accession_api
Alternaria_incomplexa	Fungi	1187928	accession_api
Alternaria_infectoria	Fungi	45303	accession_api
Alternaria_metachromatica	Fungi	283354	accession_api
Alternaria_novae-zelandiae	Fungi	430562	name_search_full_name
Alternaria_novaezelandiae	Fungi	430562	accession_api
Alternaria_panax	Fungi	48097	accession_api
Alternaria_postmessia	Fungi	1187938	accession_api
Alternaria_rosae	Fungi	1187941	accession_api
Alternaria_triticimaculans	Fungi	297637	accession_api
Alternaria_ventricosa	Fungi	1187951	accession_api
Alternaria_viburni	Fungi	566460	accession_api
Alvinella_pompejana	Metazoa	6376	metazoa_metadata
Alyxoria_varia	Fungi	91480	accession_api
Amanita_brunnescens_Koide_BX004	Fungi	1457509	accession_api
Amanita_inopinata_Kibby_2008	Fungi	1457513	accession_api
Amanita_muscaria	Fungi	41956	accession_api
Amanita_phalloides	Fungi	67723	accession_api
Amanita_polypyramis_BW_CC	Fungi	1457511	accession_api
Amanita_thiersii_Skay4041	Fungi	703135	accession_api
Amaranthus_hypochondriacus	angiosperms	28502	accession_api
Amaranthus_tricolor	angiosperms	29722	accession_api
Ambigolimax_valentianus	Metazoa	1338344	metazoa_metadata
Ambispora_gerdemannii	Fungi	144530	accession_api
Ambispora_leptoticha	Fungi	144679	accession_api
Amblyomma_americanum	Metazoa	6943	accession_api
Amblyopyrum_muticum	angiosperms	3118280	accession_api
Amblyraja_radiata	Metazoa	386614	accession_api
Amborella_trichopoda	angiosperms	13333	accession_api
Ambrosia_artemisiifolia	angiosperms	4212	accession_api
Ameiurus_melas	Metazoa	219545	accession_api
Amia_calva	Metazoa	7924	accession_api
Amniculicola_lignicola_CBS_123094	Fungi	1392246	accession_api
Amoebidium_parasiticum	Protists	4881	name_search_full_name
Amorphochlora_amoebiformis	Protists	1561963	accession_api
Amorphotheca_resinae_ATCC_22711	Fungi	857342	accession_api
Ampelocalamus_luodianensis	angiosperms	387595	accession_api
Amphibalanus_amphitrite	Metazoa	1232801	accession_api
Amphichorda_felina	Fungi	37994	accession_api
Amphidinium_carterae	Protists	2961	accession_api
Amphiduros_fuscescens	Metazoa	1209993	accession_api
Amphimedon_queenslandica	Metazoa	400682	accession_api
Amphimeniidae_sp.	Metazoa	2137300	metazoa_metadata
Amphiporus_lactifloreus	Metazoa	187594	metazoa_metadata
Amphizoa_insolens	Metazoa	107775	metazoa_metadata
Amylocarpus_encephaloides	Fungi	45428	accession_api
Amylocystis_lapponica	Fungi	202700	accession_api
Amylostereum_chailletii	Fungi	55340	accession_api
Anabas_testudineus	Metazoa	64144	accession_api
Anaeromyces_robustus	Fungi	1754192	accession_api
Anamobaea_orstedii	Metazoa	2733422	metazoa_metadata
Ananas_comosus	angiosperms	4615	accession_api
Anaplectus_granulosus	Metazoa	2072756	metazoa_metadata
Anaulaciulus_tonginus	Metazoa	2850401	metazoa_metadata
Anchistropus_emarginatus	Metazoa	423250	metazoa_metadata
Ancistrocladus_abbreviatus	angiosperms	122295	accession_api
Andrographis_paniculata	angiosperms	175694	accession_api
Androsace_septentrionalis	angiosperms	184985	accession_api
Androsace_vitaliana	angiosperms	175111	accession_api
Androsace_wulfeniana	angiosperms	229462	accession_api
Anentome_helena	Metazoa	1912881	accession_api
Angophora_floribunda	angiosperms	34308	accession_api
Anguilla_anguilla	Metazoa	7936	accession_api
Anisodus_acutangulus	angiosperms	402998	accession_api
Anisodus_tanguticus	angiosperms	243964	accession_api
Anncaliia_algerae_PRA339	Fungi	1288291	accession_api
Anneissia_japonica	Metazoa	1529436	accession_api
Annulohypoxylon_bovei_var._microspora	Fungi	326617	accession_api
Annulohypoxylon_maeteangense	Fungi	1927788	accession_api
Annulohypoxylon_moriforme	Fungi	326622	accession_api
Annulohypoxylon_nitens	Fungi	326626	accession_api
Annulohypoxylon_truncatum	Fungi	327061	accession_api
Anopheles_gambiae	Metazoa	7165	accession_api
Anopheles_merus	Metazoa	30066	accession_api
Anoplodactylus_insignis	Metazoa	1842456	metazoa_metadata
Anopsobius_giribeti	Metazoa	269517	metazoa_metadata
Antalis_entalis	Metazoa	211836	metazoa_metadata
Anthoceros_agrestis	bryophytes	41834	name_search_full_name
Anthoceros_fusiformis	bryophytes	400545	name_search_full_name
Anthoceros_punctatus	bryophytes	3234	name_search_full_name
Anthostomella_pinea	Fungi	933095	accession_api
Antiaris_toxicaria	angiosperms	241857	accession_api
Antirrhinum_hispanicum	angiosperms	49039	name_search_full_name
Antirrhinum_majus	angiosperms	4151	name_search_full_name
Antrodiella_citrinella	Fungi	2447956	accession_api
Antygomonas_paulae	Metazoa	1564067	metazoa_metadata
Anurida_maritima	Metazoa	64695	metazoa_metadata
Aoraki_denticulata	Metazoa	526530	metazoa_metadata
Apachyus_charteceus	Metazoa	1323532	metazoa_metadata
Apatococcus_fuscideae	chlorophyta	2026836	accession_api
Apatococcus_lobatus	chlorophyta	904363	accession_api
Aphanocladium_album	Fungi	12942	accession_api
Aphanoconia_osumiense	Metazoa	2950572	metazoa_metadata
Aphanomyces_astaci	Protists	112090	accession_api
Aphanomyces_cochlioides	Protists	112091	accession_api
Aphanomyces_euteiches	Protists	100861	accession_api
Aphanomyces_invadans	Protists	157072	accession_api
Aphanomyces_stellatus	Protists	120398	accession_api
Aphelenchus_avenae	Metazoa	70226	accession_api
Apios_americana	angiosperms	185702	accession_api
Apios_priceana	angiosperms	254393	accession_api
Apiosordaria_backusii	Fungi	314023	accession_api
Apiospora_arundinis	Fungi	335852	accession_api
Apiospora_aurea	Fungi	335848	accession_api
Apiospora_hydei	Fungi	1337664	accession_api
Apiospora_kogelbergensis	Fungi	1337665	accession_api
Apiospora_marii	Fungi	335849	accession_api
Apiospora_phragmitis	Fungi	2905665	accession_api
Apiospora_rasikravindrae	Fungi	990691	accession_api
Apiospora_saccharicola	Fungi	335842	accession_api
Apiotrichum_porosum	Fungi	105984	accession_api
Apis_mellifera	Metazoa	7460	accession_api
Apium_graveolens	angiosperms	4045	accession_api
Aplosporella_prunicola_CBS_121167	Fungi	1176127	accession_api
Aplysiopsis_enteromorphae	Metazoa	649608	metazoa_metadata
Apocyclops_royi	Metazoa	298420	accession_api
Apocynum_pictum	angiosperms	377126	accession_api
Apodomenia_enigmatica	Metazoa	2138613	metazoa_metadata
Apodospora_peruviana	Fungi	516989	accession_api
Apolpium_sp._MCZ_144360	Metazoa	2590504	metazoa_metadata
Apophysomyces_ossiformis	Fungi	679940	accession_api
Apostasia_shenzhenica	angiosperms	1088818	accession_api
Aposthonia_japonica	Metazoa	911381	metazoa_metadata
Aquilegia_coerulea	angiosperms	218851	accession_api
Arabidopsis_arenicola	angiosperms	347883	accession_api
Arabidopsis_arenosa	angiosperms	38785	accession_api
Arabidopsis_halleri	angiosperms	81970	accession_api
Arabidopsis_lyrata	angiosperms	81972	accession_api
Arabidopsis_suecica	angiosperms	45249	accession_api
Arabidopsis_thaliana	angiosperms	3702	accession_api
Arabidopsis_thaliana_x_Arabidopsis_arenosa	angiosperms	1240361	accession_api
Arabis_caerulea	angiosperms	586519	accession_api
Arabis_ciliata	angiosperms	571353	accession_api
Arachis_duranensis	angiosperms	130453	accession_api
Arachis_hypogaea	angiosperms	3818	name_search_full_name
Arachis_ipaensis	angiosperms	130454	accession_api
Arachis_stenosperma	angiosperms	217475	accession_api
Arapaima_gigas	Metazoa	113544	accession_api
Architeuthis_dux	Metazoa	256136	accession_api
Archoleptoneta_schusteri	Metazoa	1002511	metazoa_metadata
Arctium_lappa	angiosperms	4217	accession_api
Arenicola_marina	Metazoa	6344	accession_api
Aretaon_asperrimus	Metazoa	173775	metazoa_metadata
Argentina_anserina	angiosperms	57926	accession_api
Argiope_bruennichi	Metazoa	94029	accession_api
Argopecten_purpuratus	Metazoa	228297	metazoa_metadata
Argulus_siamensis	Metazoa	1167309	metazoa_metadata
Argyroneta_aquatica	Metazoa	375087	accession_api
Arion_vulgaris	Metazoa	1028688	accession_api
Aristida_adscensionis	angiosperms	121766	accession_api
Aristolochia_californica	angiosperms	171875	accession_api
Aristolochia_fimbriata	angiosperms	158543	accession_api
Armadillidium_nasatum	Metazoa	96803	accession_api
Armadillidium_vulgare	Metazoa	13347	accession_api
Armillaria_borealis	Fungi	47425	accession_api
Armillaria_fumosa	Fungi	153910	accession_api
Armillaria_luteobubalina	Fungi	153913	accession_api
Armillaria_mellea	Fungi	47429	accession_api
Armillaria_nabsnona	Fungi	64368	accession_api
Armillaria_novae-zelandiae	Fungi	153914	name_search_full_name
Armillaria_novaezelandiae	Fungi	153914	accession_api
Artemia_salina	Metazoa	85549	metazoa_metadata
Arthrobotrys_conoides	Fungi	74498	accession_api
Arthrobotrys_entomopaga	Fungi	321852	accession_api
Arthrobotrys_flagrans	Fungi	97331	accession_api
Arthrobotrys_megalospora	Fungi	2528406	accession_api
Arthrobotrys_musiformis	Fungi	47236	accession_api
Arthroderma_uncinatum	Fungi	74035	accession_api
Arthromyces_matolae	Fungi	530044	accession_api
Artomyces_pyxidatus	Fungi	48021	accession_api
Arxiozyma_heterogenica	Fungi	278026	accession_api
Ascaphus_truei	Metazoa	8439	accession_api
Asclepias_curassavica	angiosperms	52823	accession_api
Asclepias_syriaca	angiosperms	48545	accession_api
Ascobolus_immersus_RN42	Fungi	1160509	accession_api
Ascochyta_clinopodiicola	Fungi	2249482	accession_api
Ascochyta_lentis	Fungi	205686	accession_api
Ascochyta_rabiei	Fungi	5454	accession_api
Ascodesmis_nigricans	Fungi	341454	accession_api
Ascoidea_rubescens_DSM_1968	Fungi	1344418	accession_api
Ascophyllum_nodosum	Protists	52969	accession_api
Ascosphaera_acerosa	Fungi	51565	accession_api
Ascosphaera_aggregata	Fungi	51564	accession_api
Ascosphaera_apis_ARSEF_7405	Fungi	392613	accession_api
Ascosphaera_atra	Fungi	51567	accession_api
Ascosphaera_pollenicola	Fungi	51576	accession_api
Asellus_aquaticus	Metazoa	92525	accession_api
Asimina_triloba	angiosperms	12953	accession_api
Asparagus_officinalis	angiosperms	4686	accession_api
Asparagus_setaceus	angiosperms	272863	accession_api
Aspergillus_aculeatinus_CBS_121060	Fungi	1448322	accession_api
Aspergillus_aculeatus_ATCC_16872	Fungi	690307	accession_api
Aspergillus_affinis	Fungi	1070780	accession_api
Aspergillus_alliaceus	Fungi	209559	accession_api
Aspergillus_ambiguus	Fungi	176160	accession_api
Aspergillus_arachidicola	Fungi	656916	accession_api
Aspergillus_aurantiobrunneus	Fungi	41725	accession_api
Aspergillus_avenaceus	Fungi	36643	accession_api
Aspergillus_awamori	Fungi	105351	accession_api
Aspergillus_bertholletiae	Fungi	1226010	accession_api
Aspergillus_bombycis	Fungi	109264	accession_api
Aspergillus_brasiliensis_CBS_101740	Fungi	767769	accession_api
Aspergillus_brunneoviolaceus_CBS_621.78	Fungi	1450534	accession_api
Aspergillus_caelatus	Fungi	61420	accession_api
Aspergillus_calidoustus	Fungi	454130	accession_api
Aspergillus_californicus	Fungi	1810905	accession_api
Aspergillus_campestris_IBT_28561	Fungi	1392248	accession_api
Aspergillus_candidus	Fungi	41067	accession_api
Aspergillus_carbonarius_ITEM_5010	Fungi	602072	accession_api
Aspergillus_cavernicola	Fungi	176166	accession_api
Aspergillus_chevalieri	Fungi	182096	accession_api
Aspergillus_clavatus_NRRL_1	Fungi	344612	accession_api
Aspergillus_coremiiformis	Fungi	138285	accession_api
Aspergillus_costaricaensis_CBS_115574	Fungi	1448317	accession_api
Aspergillus_crustosus	Fungi	41757	accession_api
Aspergillus_desertorum	Fungi	1810909	accession_api
Aspergillus_destruens	Fungi	1915368	accession_api
Aspergillus_egyptiacus	Fungi	41743	accession_api
Aspergillus_ellipticus_CBS_707.79	Fungi	1448320	accession_api
Aspergillus_eucalypticola_CBS_122712	Fungi	1448314	accession_api
Aspergillus_falconensis	Fungi	1810910	accession_api
Aspergillus_fijiensis_CBS_313.89	Fungi	1448319	accession_api
Aspergillus_filifer	Fungi	447248	accession_api
Aspergillus_fischeri_NRRL_181	Fungi	331117	accession_api
Aspergillus_flavus	Fungi	5059	accession_api
Aspergillus_floccosus	Fungi	658358	accession_api
Aspergillus_foveolatus	Fungi	210207	accession_api
Aspergillus_fruticulosus	Fungi	1250369	accession_api
Aspergillus_fumigatiaffinis	Fungi	340414	accession_api
Aspergillus_fumigatus_Af293	Fungi	330879	accession_api
Aspergillus_germanicus	Fungi	1506149	accession_api
Aspergillus_glaucus_CBS_516.65	Fungi	1160497	accession_api
Aspergillus_granulosus	Fungi	176169	accession_api
Aspergillus_hancockii	Fungi	1873369	accession_api
Aspergillus_heteromorphus_CBS_117.55	Fungi	1448321	accession_api
Aspergillus_heterothallicus	Fungi	41742	accession_api
Aspergillus_hiratsukae	Fungi	1194566	accession_api
Aspergillus_homomorphus_CBS_101889	Fungi	1450537	accession_api
Aspergillus_ibericus_CBS_121593	Fungi	1448316	accession_api
Aspergillus_indologenus_CBS_114.80	Fungi	1450541	accession_api
Aspergillus_insuetus	Fungi	469274	accession_api
Aspergillus_japonicus_CBS_114.51	Fungi	1448312	accession_api
Aspergillus_karnatakaensis	Fungi	1810916	accession_api
Aspergillus_keveii	Fungi	714993	accession_api
Aspergillus_lentulus	Fungi	293939	accession_api
Aspergillus_leporis	Fungi	41062	accession_api
Aspergillus_luchuensis	Fungi	1069201	accession_api
Aspergillus_lucknowensis	Fungi	176173	accession_api
Aspergillus_magnivesiculatus	Fungi	1915373	accession_api
Aspergillus_melleus	Fungi	138277	accession_api
Aspergillus_multicolor	Fungi	41759	accession_api
Aspergillus_mulundensis	Fungi	1810919	accession_api
Aspergillus_nanangensis	Fungi	2582783	accession_api
Aspergillus_navahoensis	Fungi	91484	accession_api
Aspergillus_neoniger_CBS_115656	Fungi	1448310	accession_api
Aspergillus_nidulans_FGSC_A4	Fungi	227321	accession_api
Aspergillus_niger	Fungi	5061	accession_api
Aspergillus_nomiae_NRRL_13137	Fungi	1509407	accession_api
Aspergillus_novofumigatus_IBT_16806	Fungi	1392255	accession_api
Aspergillus_novoparasiticus	Fungi	986946	accession_api
Aspergillus_ochraceoroseus_IBT_24754	Fungi	1392256	accession_api
Aspergillus_oleicola	Fungi	1250372	accession_api
Aspergillus_oryzae_RIB40	Fungi	510516	accession_api
Aspergillus_phoenicis_ATCC_13157	Fungi	1353007	accession_api
Aspergillus_piperis_CBS_112811	Fungi	1448313	accession_api
Aspergillus_proliferans	Fungi	41414	accession_api
Aspergillus_pseudocaelatus	Fungi	1825620	accession_api
Aspergillus_pseudodeflectus	Fungi	176178	accession_api
Aspergillus_pseudonomiae	Fungi	1506151	accession_api
Aspergillus_pseudotamarii	Fungi	132259	accession_api
Aspergillus_pseudoustus	Fungi	1810923	accession_api
Aspergillus_pseudoviridinutans	Fungi	1517512	accession_api
Aspergillus_puulaauensis	Fungi	1220207	accession_api
Aspergillus_rambellii	Fungi	308745	accession_api
Aspergillus_recurvatus	Fungi	41761	accession_api
Aspergillus_ruber_CBS_135680	Fungi	1388766	accession_api
Aspergillus_saccharolyticus_JOP_1030-1	Fungi	1450539	name_search_full_name
Aspergillus_saccharolyticus_JOP_10301	Fungi	1450539	accession_api
Aspergillus_sclerotialis	Fungi	2070753	accession_api
Aspergillus_sclerotiicarbonarius_CBS_121057	Fungi	1448318	accession_api
Aspergillus_sclerotioniger_CBS_115572	Fungi	1450535	accession_api
Aspergillus_sergii	Fungi	1034303	accession_api
Aspergillus_similis	Fungi	1810925	accession_api
Aspergillus_spectabilis	Fungi	41731	accession_api
Aspergillus_stella-maris	Fungi	1810926	name_search_full_name
Aspergillus_stellamaris	Fungi	1810926	accession_api
Aspergillus_steynii_IBT_23096	Fungi	1392250	accession_api
Aspergillus_sydowii_CBS_593.65	Fungi	1036612	accession_api
Aspergillus_taichungensis	Fungi	482145	accession_api
Aspergillus_tanneri	Fungi	1220188	accession_api
Aspergillus_terreus_NIH2624	Fungi	341663	accession_api
Aspergillus_terricola_var._indicus	Fungi	138288	accession_api
Aspergillus_tetrazonus	Fungi	1883080	accession_api
Aspergillus_thermomutatus	Fungi	41047	accession_api
Aspergillus_transmontanensis	Fungi	1034304	accession_api
Aspergillus_tubingensis	Fungi	5068	accession_api
Aspergillus_turcosus	Fungi	1245748	accession_api
Aspergillus_udagawae	Fungi	91492	accession_api
Aspergillus_undulatus	Fungi	1810928	accession_api
Aspergillus_uvarum_CBS_121591	Fungi	1448315	accession_api
Aspergillus_vadensis_CBS_113365	Fungi	1448311	accession_api
Aspergillus_varians	Fungi	176181	accession_api
Aspergillus_venezuelensis	Fungi	1810929	accession_api
Aspergillus_versicolor_CBS_583.65	Fungi	1036611	accession_api
Aspergillus_violaceofuscus_CBS_115571	Fungi	1450538	accession_api
Aspergillus_viridinutans	Fungi	75553	accession_api
Aspergillus_vitricola	Fungi	469283	accession_api
Aspergillus_welwitschiae	Fungi	1341132	accession_api
Aspergillus_wentii_DTO_134E9	Fungi	1073089	accession_api
Astacus_astacus	Metazoa	6715	metazoa_metadata
Astathelohania_contejeani	Fungi	164912	accession_api
Asterias_rubens	Metazoa	7604	accession_api
Asterophora_parasitica	Fungi	117018	accession_api
Astraeus_odoratus	Fungi	265491	accession_api
Astrephomene_gubernaculifera	chlorophyta	47775	accession_api
Astrocystis_sublimbata	Fungi	743114	accession_api
Astyanax_mexicanus	Metazoa	7994	accession_api
Atelura_formicaria	Metazoa	459531	metazoa_metadata
Athelia_psychrophila	Fungi	1759441	accession_api
Atractiella_rhizophila	Fungi	1938712	accession_api
Atractosteus_spatula	Metazoa	7917	accession_api
Atropa_belladonna	angiosperms	33113	name_search_full_name
Aulacomnium_turgidum	bryophytes	67248	accession_api
Aulodrilus_japonicus	Metazoa	2020002	metazoa_metadata
Aulographum_hederae_CBS_113979	Fungi	1176131	accession_api
Aureobasidium_aubasidani	Fungi	3424008	accession_api
Aureobasidium_melanogenum_CBS_110374	Fungi	1043003	accession_api
Aureobasidium_mustum	Fungi	2773714	accession_api
Aureobasidium_namibiae_CBS_147.97	Fungi	1043004	accession_api
Aureobasidium_pullulans_EXF-150	Fungi	1043002	name_search_full_name
Aureobasidium_pullulans_EXF150	Fungi	1043002	accession_api
Aureobasidium_subglaciale_EXF-2481	Fungi	1043005	name_search_full_name
Aureobasidium_subglaciale_EXF2481	Fungi	1043005	accession_api
Aureobasidium_uvarum	Fungi	2773716	accession_api
Aureobasidium_vineae	Fungi	2773715	accession_api
Aureococcus_anophagefferens	Protists	44056	accession_api
Australozyma_monospora	Fungi	3459182	accession_api
Australozyma_saopauloensis	Fungi	291208	accession_api
Auxenochlorella_protothecoides	chlorophyta	3075	accession_api
Auxenochlorella_protothecoides_x_Auxenochlorella_symbiontica	chlorophyta	3385098	accession_api
Babesia_bigemina	Protists	5866	accession_api
Babesia_bovis_T2Bo	Protists	484906	accession_api
Babesia_caballi	Protists	5871	accession_api
Babesia_duncani	Protists	323732	accession_api
Babesia_microti_strain_RI	Protists	1133968	accession_api
Babesia_ovata	Protists	189622	accession_api
Babjeviella_inositovora_NRRL_Y-12698	Fungi	984486	name_search_full_name
Babjeviella_inositovora_NRRL_Y12698	Fungi	984486	accession_api
Bacidia_gigantensis	Fungi	2732470	accession_api
Backusella_circina_FSU_941	Fungi	1314798	accession_api
Baculentulus_morikawai	Metazoa	1314696	metazoa_metadata
Baetis_sp._AD-2013	Metazoa	1476881	metazoa_metadata
Baffinella_frigidus	Protists	2571260	accession_api
Bambusa_tulda	angiosperms	292582	accession_api
Bangiopsis_sp_CCMP1999	Rhodophyta	2713495	name_search_full_name
Barentsia_gracilis	Metazoa	232741	metazoa_metadata
Barroeca_monosierra	Protists	2830476	name_search_full_name
Baseodiscus_unicolor	Metazoa	547255	metazoa_metadata
Basidioascus_undulatus	Fungi	1230402	accession_api
Basidiobolus_meristosporus_CBS_931.73	Fungi	1314790	accession_api
Basidiobolus_ranarum	Fungi	34480	accession_api
Bathelium_mastoideum	Fungi	2939407	accession_api
Bathycallisoma_schellenbergi	Metazoa	228744	metazoa_metadata
Bathycoccus_prasinos	chlorophyta	41875	accession_api
Bathydrilus_sp._DSW-2020	Metazoa	2705229	metazoa_metadata
Bathymodiolus/Gigantidas_platifrons	Metazoa	2830794	accession_api
Bathynomus_jamesi	Metazoa	1955234	accession_api
Batillaria_attramentaria	Metazoa	370345	accession_api
Batrachochytrium_dendrobatidis_JAM81	Fungi	684364	accession_api
Batrachochytrium_salamandrivorans	Fungi	1357716	accession_api
Batrachuperus_yenyuanensis	Metazoa	156990	metazoa_metadata
Baudoinia_panamericana_UAMH_10762	Fungi	717646	accession_api
Bauhinia_variegata	angiosperms	167791	accession_api
Bayerotrochus_midas	Metazoa	702825	metazoa_metadata
Beauveria_asiatica	Fungi	1069075	accession_api
Beauveria_bassiana_ARSEF_2860	Fungi	655819	accession_api
Beauveria_gryllotalpidicola	Fungi	2684613	accession_api
Beauveria_mimosiformis	Fungi	2857482	accession_api
Beauveria_namnaoensis	Fungi	2857483	accession_api
Beauveria_neobassiana	Fungi	2857484	accession_api
Beauveria_thailandica	Fungi	2857485	accession_api
Benincasa_hispida	angiosperms	102211	accession_api
Benjaminiella_poitrasii	Fungi	64631	accession_api
Berkeleyomyces_rouxiae	Fungi	2035830	accession_api
Bertholletia_excelsa	angiosperms	3645	accession_api
Besnoitia_besnoiti	Protists	94643	accession_api
Beta_vulgaris	angiosperms	3555	accession_api
Betta_splendens	Metazoa	158456	accession_api
Biancaea_sappan	angiosperms	483143	accession_api
Bicosta_minor	Protists	1864616	name_search_full_name
Bidens_hawaiensis	angiosperms	980011	accession_api
Bienertia_sinuspersici	angiosperms	338654	accession_api
Bifiguratus_adelaidae	Fungi	1938954	accession_api
Bimuria_novae-zelandiae_CBS_107.79	Fungi	1447943	name_search_full_name
Bimuria_novaezelandiae_CBS_107.79	Fungi	1447943	accession_api
Binucleata_daphniae	Fungi	478975	accession_api
Biomphalaria_glabrata	Metazoa	6526	accession_api
Bipalium_kewense	Metazoa	66750	metazoa_metadata
Bipolaris_maydis	Fungi	5016	accession_api
Bipolaris_oryzae_ATCC_44560	Fungi	930090	accession_api
Bipolaris_sorokiniana_ND90Pr	Fungi	665912	accession_api
Bipolaris_victoriae_FI3	Fungi	930091	accession_api
Bipolaris_zeicola_26-R-13	Fungi	930089	name_search_full_name
Bipolaris_zeicola_26R13	Fungi	930089	accession_api
Birgus_latro	Metazoa	177283	accession_api
Biscogniauxia_marginata	Fungi	110534	accession_api
Bithynia_siamensis_goniomphalos	Metazoa	479249	metazoa_metadata
Blaberus_atropos	Metazoa	36942	metazoa_metadata
Blakeslea_trispora	Fungi	4850	accession_api
Blastenia_crenularia	Fungi	1301208	accession_api
Blastocladiella_britannica	Fungi	64508	accession_api
Blastocladiella_emersonii_ATCC_22665	Fungi	1313167	accession_api
Blastocystis_hominis	Protists	12968	accession_api
Blastomyces_dermatitidis_ER-3	Fungi	559297	name_search_full_name
Blastomyces_dermatitidis_ER3	Fungi	559297	accession_api
Blastomyces_gilchristii_SLH14081	Fungi	559298	accession_api
Blastomyces_parvus	Fungi	2060905	accession_api
Blastomyces_silverae	Fungi	2060906	accession_api
Blastosporella_zonata	Fungi	530045	accession_api
Blattella_germanica	Metazoa	6973	accession_api
Blepharisma_stoltei	Protists	1481888	accession_api
Blomia_tropicalis	Metazoa	40697	accession_api
Blumeria_graminis_f._sp._triticale	Fungi	1689686	accession_api
Blyttiomyces_helicus	Fungi	388810	accession_api
Boccardia_wellingtonensis	Metazoa	2584083	metazoa_metadata
Bochica_withi	Metazoa	2590525	metazoa_metadata
Boeremia_exigua	Fungi	749465	accession_api
Bogoriella_megaspora	Fungi	2939406	accession_api
Boleophthalmus_pectinirostris	Metazoa	150288	accession_api
Boletus_coccyginus	Fungi	1758874	accession_api
Boletus_reticuloceps	Fungi	495285	accession_api
Bombardia_bombarda	Fungi	252184	accession_api
Bombina_bombina	Metazoa	8345	accession_api
Bombyx_mori	Metazoa	7091	accession_api
Bonamia_ostreae	Protists	126728	accession_api
Bondarzewia_mesenterica	Fungi	1095465	accession_api
Bonia_amplexicaulis	angiosperms	338503	accession_api
Boothiomyces_macroporosus	Fungi	261099	accession_api
Borealophlyctis_nickersoniae	Fungi	2735257	accession_api
Boreus_hyemalis	Metazoa	185833	metazoa_metadata
Bostrychus_sinensis	Metazoa	86224	accession_api
Bothrioneurum_vejdovskyanum	Metazoa	188204	metazoa_metadata
Bothrioplana_semperi	Metazoa	79787	metazoa_metadata
Botryobasidium_botryosum_FD-172_SS1	Fungi	930990	name_search_full_name
Botryobasidium_botryosum_FD172_SS1	Fungi	930990	accession_api
Botryosphaeria_dothidea	Fungi	55169	accession_api
Botryotinia_calthae	Fungi	38488	accession_api
Botryotinia_convoluta	Fungi	54673	accession_api
Botryotinia_globosa	Fungi	278942	accession_api
Botryotinia_narcissicola	Fungi	278944	accession_api
Botrytis_aclada	Fungi	139639	accession_api
Botrytis_byssoidea	Fungi	139641	accession_api
Botrytis_cinerea_B05.10	Fungi	332648	accession_api
Botrytis_deweyae	Fungi	2478750	accession_api
Botrytis_fragariae	Fungi	1964551	accession_api
Botrytis_galanthina	Fungi	278940	accession_api
Botrytis_hyacinthi	Fungi	278943	accession_api
Botrytis_paeoniae	Fungi	278948	accession_api
Botrytis_porri	Fungi	87229	accession_api
Botrytis_sinoallii	Fungi	1463999	accession_api
Botrytis_tulipae	Fungi	87230	accession_api
Brachionus_plicatilis	Metazoa	10195	accession_api
Brachycephalus_rotenbergae	Metazoa	2731235	metazoa_metadata
Brachycybe_lecontii	Metazoa	1176341	metazoa_metadata
Brachypodium_distachyon	angiosperms	15368	accession_api
Bradybaena_similaris	Metazoa	145626	accession_api
Bradysia_coprophila	Metazoa	38358	accession_api
Branchinecta_lindahli	Metazoa	91573	accession_api
Branchiostoma_belcheri	Metazoa	7741	accession_api
Branchiostoma_floridae	Metazoa	7739	accession_api
Branchiostoma_lanceolatum	Metazoa	7740	accession_api
Brassica_carinata	angiosperms	52824	accession_api
Brassica_cretica	angiosperms	69181	accession_api
Brassica_napus	angiosperms	3708	name_search_full_name
Brassica_oleracea	angiosperms	109376	accession_api
Brassica_rapa	angiosperms	3711	accession_api
Bremia_lactucae	Protists	4779	accession_api
Brettanomyces_bruxellensis	Fungi	5007	accession_api
Brettanomyces_nanus	Fungi	13502	accession_api
Brigantiaea_leucoxantha	Fungi	1145299	accession_api
Brotheas_granulatus	Metazoa	311986	metazoa_metadata
Buddleja_alternifolia	angiosperms	168488	accession_api
Bufo_gargarizans	Metazoa	30331	accession_api
Bugula_neritina	Metazoa	10212	accession_api
Bursaphelenchus_okinawaensis	Metazoa	465554	accession_api
Butyriboletus_roseoflavus	Fungi	1325616	accession_api
Byssothecium_circinans	Fungi	147558	accession_api
Cacodemonius_sp._MCZ_144363	Metazoa	2590505	metazoa_metadata
Cadophora_gregata	Fungi	51156	accession_api
Cadophora_malorum	Fungi	108018	accession_api
Caenoplana_variegata	Metazoa	1520502	metazoa_metadata
Caenorhabditis_elegans	Metazoa	6239	accession_api
Caeruleum_heppii	Fungi	2939410	accession_api
Cafeteria_roenbergensis	Protists	33653	accession_api
Cajanus_cajan	angiosperms	3821	name_search_full_name
Calanus_finmarchicus	Metazoa	6837	accession_api
Calcarisporiella_thermophila	Fungi	911321	accession_api
Caliphylla_sp.4	Metazoa	749954	metazoa_metadata
Calliarthron_tuberculosum	Rhodophyta	48942	name_search_full_name
Callorhinchus_milii	Metazoa	7868	accession_api
Calocera_cornea_HHB12733	Fungi	1353952	accession_api
Calocera_viscosa_TUFC12733	Fungi	1330018	accession_api
Caloplaca_aegaea	Fungi	520571	accession_api
Caloplaca_aetnensis	Fungi	520572	accession_api
Caloplaca_ligustica	Fungi	2905937	accession_api
Calycina_marina	Fungi	1763456	accession_api
Calypogeia_fissa	bryophytes	362796	accession_api
Camelina_sativa	angiosperms	90675	accession_api
Camellia_fascicularis	angiosperms	147913	accession_api
Camellia_lanceoleosa	angiosperms	1840588	accession_api
Camellia_sinensis	angiosperms	542762	accession_api
Camellia_sinensis_var._sinensis	angiosperms	542762	accession_api
Camillea_tinctor	Fungi	110548	accession_api
Campyloderes_vanhoeffeni	Metazoa	1564068	metazoa_metadata
Canariomyces_notabilis	Fungi	2074819	accession_api
Canavalia_gladiata	angiosperms	3824	accession_api
Candelaria_pacifica	Fungi	460848	accession_api
Candelina_mexicana	Fungi	460853	accession_api
Candelina_submexicana	Fungi	460854	accession_api
Candida_africana	Fungi	241526	accession_api
Candida_albicans_SC5314	Fungi	237561	accession_api
Candida_dubliniensis_CD36	Fungi	573826	accession_api
Candida_jiufengensis	Fungi	497108	accession_api
Candida_maltosa_Xu316	Fungi	1245528	accession_api
Candida_margitis	Fungi	1775924	accession_api
Candida_metapsilosis	Fungi	273372	accession_api
Candida_orthopsilosis_Co_90-125	Fungi		unresolved
Candida_orthopsilosis_Co_90125	Fungi	1136231	accession_api
Candida_oxycetoniae	Fungi	497107	accession_api
Candida_parapsilosis	Fungi	5480	accession_api
Candida_pseudojiufengensis	Fungi	497109	accession_api
Candida_theae	Fungi	1198502	accession_api
Candida_tropicalis_MYA-3404	Fungi	294747	name_search_full_name
Candida_tropicalis_MYA3404	Fungi	294747	accession_api
Candida_verbasci	Fungi	1227364	accession_api
Candidozyma_auris	Fungi	498019	accession_api
Candidozyma_duobushaemuli	Fungi	1231522	accession_api
Candidozyma_haemuli	Fungi	45357	accession_api
Candidozyma_pseudohaemuli	Fungi	418784	accession_api
Candidula_unifasciata	Metazoa	100452	accession_api
Candolleomyces_aberdarensis	Fungi	2316362	accession_api
Candolleomyces_candolleanus	Fungi	71730	accession_api
Candolleomyces_efflorescens	Fungi	2917767	accession_api
Candolleomyces_eurysporus	Fungi	2828524	accession_api
Canna_indica	angiosperms	4628	accession_api
Cannabis_sativa	angiosperms	3483	accession_api
Cantharellus_anzutake	Fungi	1750568	accession_api
Capitella_teleta	Metazoa	283909	accession_api
Capronia_coronata_CBS_617.96	Fungi	1182541	accession_api
Capronia_epimyces_CBS_606.96	Fungi	1182542	accession_api
Capsaspora_owczarzaki	Protists	595528	accession_api
Capsella_rubella	angiosperms	81985	accession_api
Capsicum_annuum	angiosperms	4072	accession_api
Capsicum_chacoense	angiosperms	107817	accession_api
Capsicum_galapagoense	angiosperms	165701	accession_api
Carcinoscorpius_rotundicauda	Metazoa	6848	accession_api
Cardamine_amara	angiosperms	228776	accession_api
Cardamine_hirsuta	angiosperms	50463	accession_api
Cardamine_resedifolia	angiosperms	352370	accession_api
Cardiosporidium_cionae	Protists	476202	accession_api
Cardisoma_armatum	Metazoa	556312	metazoa_metadata
Carex_littledalei	angiosperms	544730	accession_api
Carex_rostrata	angiosperms	241230	accession_api
Carica_papaya	angiosperms	3649	accession_api
Carnegiea_gigantea	angiosperms	171969	accession_api
Carpetania_elisae	Metazoa	452200	metazoa_metadata
Carpinus_fangiana	angiosperms	176857	accession_api
Carya_illinoinensis	angiosperms	32201	accession_api
Carychium_sp.	Metazoa	145634	metazoa_metadata
Castanea_dentata	angiosperms	134033	accession_api
Castanea_mollissima	angiosperms	60419	accession_api
Castanea_sativa	angiosperms	21020	accession_api
Castilleja_foliolosa	angiosperms	1961234	accession_api
Catenaria_anguillulae_PL171	Fungi	765915	accession_api
Cateria_styx	Metazoa	2835554	metazoa_metadata
Caulochytrium_protostelioides	Fungi	1555241	accession_api
Cellana_grata	Metazoa	157699	metazoa_metadata
Cellana_radiata	Metazoa	351208	metazoa_metadata
Cenococcum_geophilum_1.58	Fungi	794803	accession_api
Centaurea_solstitialis	angiosperms	347529	accession_api
Centroderes_spinosus	Metazoa	1415222	metazoa_metadata
Centruroides_sculpturatus	Metazoa	218467	accession_api
Cephalodiscus	Metazoa	117498	metazoa_metadata
Cephalothrix_hongkongiensis	Metazoa	937758	metazoa_metadata
Cephalothrix_simula	Metazoa	187810	accession_api
Cephalotrichum_gorgonifer	Fungi	2041049	accession_api
Cephalotus_follicularis	angiosperms	3775	accession_api
Ceraceosorus_bombacis	Fungi	401625	accession_api
Ceraceosorus_guamensis	Fungi	1522189	accession_api
Ceratocystis_huliohia	Fungi	2019549	accession_api
Ceratocystis_lukuohia	Fungi	2019550	accession_api
Ceratocystis_pirilliformis	Fungi	259994	accession_api
Ceratocystis_platani	Fungi	88771	accession_api
Ceratodon_purpureus	bryophytes	3225	accession_api
Ceratophyllus_gallinae	Metazoa	217689	metazoa_metadata
Ceratopteris_richardii	angiosperms	49495	accession_api
Cercophora_newfieldiana	Fungi	92897	accession_api
Cercophora_samala	Fungi	330535	accession_api
Cercophora_scortea	Fungi	314031	accession_api
Cercopis_vulnerata	Metazoa	279269	metazoa_metadata
Cercospora_berteroae	Fungi	357750	accession_api
Cercospora_beticola	Fungi	122368	accession_api
Cercospora_kikuchii	Fungi	84275	accession_api
Cerebratulus_marginatus	Metazoa	187795	accession_api
Cerebratulus_sp._BE-2015	Metazoa	1612428	metazoa_metadata
Ceriodaphnia_quadrangula	Metazoa	302196	metazoa_metadata
Cerioporus_squamosus	Fungi	2829415	accession_api
Cerrena_zonata	Fungi	2478898	accession_api
Cetraspora_pellucida	Fungi	1433469	accession_api
Chaenotheca_gracillima	Fungi	164576	accession_api
Chaerilus_celebensis	Metazoa	1577633	metazoa_metadata
Chaetoceros_neogracilis	Protists	240364	accession_api
Chaetoceros_tenuissimus	Protists	426638	accession_api
Chaetoderma_nitidulum	Metazoa	256131	accession_api
Chaetogaster_diaphanus	Metazoa	212246	metazoa_metadata
Chaetomidium_leptoderma	Fungi	669021	accession_api
Chaetomium_fimeti	Fungi	1854472	accession_api
Chaetomium_globosum_CBS_148.51	Fungi	306901	accession_api
Chaetomium_olivicolor	Fungi	1485946	accession_api
Chaetomium_strumarium	Fungi	1170767	accession_api
Chaetomium_tenue	Fungi	1854479	accession_api
Chaetopleura_apiculata	Metazoa	58794	metazoa_metadata
Chaetopterus_sp._SL-2014	Metazoa	1570313	metazoa_metadata
Chaetopterus_variopedatus	Metazoa	34590	metazoa_metadata
Chanos_chanos	Metazoa	29144	accession_api
Chara_braunii	chlorophyta	69332	accession_api
Charinus_ioanniticus	Metazoa	1938788	metazoa_metadata
Charinus_israelensis	Metazoa	2760776	metazoa_metadata
Charonia_lampas	Metazoa	500097	metazoa_metadata
Chelonia_mydas	Metazoa	8469	accession_api
Chenopodium_album	angiosperms	3559	accession_api
Chenopodium_quinoa	angiosperms	63459	accession_api
Cherax_quadricarinatus	Metazoa	27406	accession_api
Childia_submaculatum	Metazoa	243778	metazoa_metadata
Chiloscyllium_plagiosum	Metazoa	36176	accession_api
Chionoecetes_opilio	Metazoa	41210	accession_api
Chiridota_heheva	Metazoa	2743191	accession_api
Chiromantes_haematocheir	Metazoa	151164	metazoa_metadata
Chiroteuthis_calyx	Metazoa	559536	metazoa_metadata
Chiroxiphia_lanceolata	Metazoa	296741	accession_api
Chiton_olivaceus_(Rhyssoplax_olivaceus)	Metazoa	256108	accession_api
Chiton_tuberculatus	Metazoa	1539881	metazoa_metadata
Chiua_virens	Fungi	1914213	accession_api
Chlamydoabsidia_padenii	Fungi	90267	accession_api
Chlamydomonas_eustigma	chlorophyta	1157962	accession_api
Chlamydomonas_incerta	chlorophyta	51695	accession_api
Chlamydomonas_reinhardtii	chlorophyta	3055	accession_api
Chlamydomonas_schloesseri	chlorophyta	2026947	accession_api
Chloranthus_sessilifolius	angiosperms	146544	name_search_full_name
Chlorella_ohadii	chlorophyta	2649997	accession_api
Chlorella_variabilis	chlorophyta	554065	accession_api
Chlorella_vulgaris	chlorophyta	3077	accession_api
Chloropicon_primus	chlorophyta	1764295	accession_api
Chloropicon_roscoffensis	chlorophyta	1461544	accession_api
Choanephora_cucurbitarum	Fungi	101091	accession_api
Choanoeca_flexa	Protists	2572930	name_search_full_name
Choanoeca_perplexa	Protists	81531	name_search_full_name
Choanoflagellata_sp_UC4	Protists	2611346	name_search_binomial_fallback
Choiromyces_venosus_120613-1	Fungi	1336337	name_search_full_name
Choiromyces_venosus_1206131	Fungi	1336337	accession_api
Choloepus_didactylus	Metazoa	27675	accession_api
Chondrus_crispus	Rhodophyta	2769	accession_api
Chorismus_antarcticus	Metazoa	442697	metazoa_metadata
Choristocarpus_tenellus	Protists	116065	accession_api
Chromosphaera_perkinsii	Protists	1932427	name_search_full_name
Chrysis_viridula	Metazoa	212616	metazoa_metadata
Chrysochromulina_tobinii	Protists	1460289	accession_api
Chrysomallon_squamiferum	Metazoa	216257	accession_api
Chrysoparadoxa_australica	Protists	2498842	accession_api
Chrysoperla_nipponensis	Metazoa	413239	metazoa_metadata
Chrysopetalum_occidentale	Metazoa	2859446	metazoa_metadata
Chrysophaeum_taylorii	Protists	2483200	accession_api
Chytridium_lagenaria	Fungi	64509	accession_api
Chytriomyces_confervae	Fungi	246404	accession_api
Chytriomyces_hyalinus	Fungi	4814	accession_api
Ciborinia_camelliae	Fungi	647257	accession_api
Cicer_arietinum	angiosperms	3827	accession_api
Cichorium_intybus	angiosperms	13427	accession_api
Cimex_lectularius	Metazoa	79782	accession_api
Cinchona_calisaya	angiosperms	153742	accession_api
Cinnamomum_camphora	angiosperms	13429	name_search_full_name
Cinnamomum_chago	angiosperms	1757932	accession_api
Cinnamomum_kanehirae	angiosperms	337465	accession_api
Cinnamomum_micranthum	angiosperms	337465	accession_api
Ciona_intestinalis	Metazoa	7719	accession_api
Circinaria_calcarea	Fungi	1006475	accession_api
Circinella_minor	Fungi	1195481	accession_api
Circinella_umbellata	Fungi	101103	accession_api
Cirratulus_cirratus	Metazoa	394749	metazoa_metadata
Cirrosporium_novae-zelandiae	Fungi	1130053	name_search_full_name
Cirrosporium_novaezelandiae	Fungi	1130053	accession_api
Cirrula_hians	Metazoa	1577616	accession_api
Citrus_sinensis	angiosperms	2711	accession_api
Citrus_x_aurantiifolia	angiosperms	159033	accession_api
Citrus_x_changshan-huyou	angiosperms	2935761	accession_api
Citrus_x_changshanhuyou	angiosperms	2935761	accession_api
Citrus_x_clementina	angiosperms	85681	accession_api
Cladobotryum_mycophilum	Fungi	491253	accession_api
Cladochytrium_replicatum	Fungi	109936	accession_api
Cladochytrium_tenue	Fungi	1604274	accession_api
Cladocopium_goreaui	Protists	2562237	accession_api
Cladonia_borealis	Fungi	184061	accession_api
Cladophialophora_bantiana_CBS_173.52	Fungi	1442370	accession_api
Cladophialophora_carrionii_CBS_160.54	Fungi	1279043	accession_api
Cladophialophora_chaetospira	Fungi	386627	accession_api
Cladophialophora_humicola	Fungi	1307819	accession_api
Cladophialophora_immunda	Fungi	569365	accession_api
Cladophialophora_minutissima	Fungi	408822	accession_api
Cladophialophora_psammophila_CBS_110553	Fungi	1182543	accession_api
Cladophialophora_sylvestris	Fungi	1608269	accession_api
Cladophialophora_yegresii_CBS_114405	Fungi	1182544	accession_api
Cladorrhinum_samala	Fungi	585594	accession_api
Cladosporium_allicinum	Fungi	1338630	accession_api
Cladosporium_fusiforme	Fungi	1052093	accession_api
Cladosporium_halotolerans	Fungi	1052096	accession_api
Cladosporium_inversicolor	Fungi	887095	accession_api
Clarias_magur	Metazoa	1594786	accession_api
Clarireedia_jacksonii	Fungi	2036908	accession_api
Clathrospora_elynae	Fungi	706981	accession_api
Clathrus_columnatus	Fungi	1419009	accession_api
Claviceps_africana	Fungi	83212	accession_api
Claviceps_arundinis	Fungi	1623583	accession_api
Claviceps_capensis	Fungi	1649128	accession_api
Claviceps_citrina	Fungi	62069	accession_api
Claviceps_cyperi	Fungi	247652	accession_api
Claviceps_digitariae	Fungi	254901	accession_api
Claviceps_humidiphila	Fungi	1294629	accession_api
Claviceps_lovelessii	Fungi	1806559	accession_api
Claviceps_maximensis	Fungi	89174	accession_api
Claviceps_monticola	Fungi	1649129	accession_api
Claviceps_pazoutovae	Fungi	1649127	accession_api
Claviceps_pusilla	Fungi	123648	accession_api
Claviceps_sorghi	Fungi	96774	accession_api
Claviceps_spartinae	Fungi	1294630	accession_api
Clavispora_lusitaniae	Fungi	36911	accession_api
Clinopodes_flavidus	Metazoa	511797	metazoa_metadata
Clione_antarctica	Metazoa	672780	metazoa_metadata
Clithon_retropictum	Metazoa	2094009	metazoa_metadata
Cloeon_dipterum	Metazoa	197152	accession_api
Clohesyomyces_aquaticus	Fungi	1231657	accession_api
Clonostachys_byssicola	Fungi	160290	accession_api
Clonostachys_chloroleuca	Fungi	1926264	accession_api
Clonostachys_solani	Fungi	160281	accession_api
Clydaea_vesicula	Fungi	447962	accession_api
Coccidioides_immitis_RS	Fungi	246410	accession_api
Coccidioides_posadasii_str._Silveira	Fungi	443226	accession_api
Coccomyxa_elongata	chlorophyta	1965095	accession_api
Coccomyxa_subellipsoidea	chlorophyta	574566	accession_api
Coccomyxa_viridis	chlorophyta	1274662	accession_api
Cocculina_japonica	Metazoa	2905118	metazoa_metadata
Codosiga_hollandica	Protists	1742608	name_search_full_name
Coelomomyces_lativittatus	Fungi	945690	accession_api
Coemansia_aciculifera	Fungi	417176	accession_api
Coemansia_asiatica	Fungi	1052880	accession_api
Coemansia_biformis	Fungi	1286918	accession_api
Coemansia_brasiliensis	Fungi	2650707	accession_api
Coemansia_erecta	Fungi	147472	accession_api
Coemansia_furcata	Fungi	417177	accession_api
Coemansia_guatemalensis	Fungi	2761395	accession_api
Coemansia_helicoidea	Fungi	1286919	accession_api
Coemansia_interrupta	Fungi	1126814	accession_api
Coemansia_javaensis	Fungi	2761396	accession_api
Coemansia_linderi	Fungi	2663919	accession_api
Coemansia_mojavensis	Fungi	4864	accession_api
Coemansia_nantahalensis	Fungi	2789366	accession_api
Coemansia_pectinata	Fungi	1052879	accession_api
Coemansia_reversa_NRRL_1564	Fungi	763665	accession_api
Coemansia_spiralis	Fungi	417178	accession_api
Coemansia_thaxteri	Fungi	2663907	accession_api
Coemansia_umbellata	Fungi	1424467	accession_api
Coenobita_clypeatus	Metazoa	474045	metazoa_metadata
Coffea_arabica	angiosperms	13443	accession_api
Coffea_eugenioides	angiosperms	49369	accession_api
Cokeromyces_recurvatus	Fungi	90255	accession_api
Coleophoma_crateriformis	Fungi	565419	accession_api
Coleophoma_cylindrospora	Fungi	1849047	accession_api
Colletotrichum_abscissum	Fungi	1671311	accession_api
Colletotrichum_acutatum	Fungi	27357	accession_api
Colletotrichum_aenigma	Fungi	1215731	accession_api
Colletotrichum_caudatum	Fungi	5460	accession_api
Colletotrichum_chlorophyti	Fungi	708187	accession_api
Colletotrichum_chrysophilum	Fungi	1836956	accession_api
Colletotrichum_costaricense	Fungi	1209916	accession_api
Colletotrichum_cuscutae	Fungi	1209917	accession_api
Colletotrichum_destructivum	Fungi	34406	accession_api
Colletotrichum_eremochloae	Fungi	1173702	accession_api
Colletotrichum_filicis	Fungi	2940390	accession_api
Colletotrichum_fioriniae	Fungi	710243	accession_api
Colletotrichum_fructicola_Nara_gc5	Fungi	1213859	accession_api
Colletotrichum_gloeosporioides	Fungi	474922	accession_api
Colletotrichum_godetiae	Fungi	1209918	accession_api
Colletotrichum_graminicola_M1.001	Fungi	645133	accession_api
Colletotrichum_higginsianum_IMI_349063	Fungi	759273	accession_api
Colletotrichum_incanum	Fungi	1573173	accession_api
Colletotrichum_jinshuiense	Fungi	2283408	accession_api
Colletotrichum_kahawae	Fungi	34407	accession_api
Colletotrichum_karsti	Fungi	1095194	accession_api
Colletotrichum_limetticola	Fungi	1209924	accession_api
Colletotrichum_liriopes	Fungi	708192	accession_api
Colletotrichum_lupini	Fungi	145971	accession_api
Colletotrichum_melonis	Fungi	1209925	accession_api
Colletotrichum_musicola	Fungi	2175873	accession_api
Colletotrichum_navitas	Fungi	681940	accession_api
Colletotrichum_noveboracense	Fungi	2664923	accession_api
Colletotrichum_nupharicola	Fungi	1215361	accession_api
Colletotrichum_orbiculare_MAFF_240422	Fungi	1213857	accession_api
Colletotrichum_orchidophilum	Fungi	1209926	accession_api
Colletotrichum_paranaense	Fungi	1914294	accession_api
Colletotrichum_phormii	Fungi	359342	accession_api
Colletotrichum_plurivorum	Fungi	2175906	accession_api
Colletotrichum_salicis	Fungi	1209931	accession_api
Colletotrichum_scovillei	Fungi	1209932	accession_api
Colletotrichum_shisoi	Fungi	2078593	accession_api
Colletotrichum_siamense	Fungi	690259	accession_api
Colletotrichum_sidae	Fungi	1347389	accession_api
Colletotrichum_simmondsii	Fungi	703756	accession_api
Colletotrichum_sojae	Fungi	2175907	accession_api
Colletotrichum_somersetense	Fungi	1500509	accession_api
Colletotrichum_spaethianum	Fungi	700344	accession_api
Colletotrichum_spinosum	Fungi	1347390	accession_api
Colletotrichum_tabaci	Fungi	1209068	accession_api
Colletotrichum_tamarilloi	Fungi	1209934	accession_api
Colletotrichum_tanaceti	Fungi	1306861	accession_api
Colletotrichum_tofieldiae	Fungi	708197	accession_api
Colletotrichum_trifolii	Fungi	5466	accession_api
Colletotrichum_truncatum	Fungi	5467	accession_api
Colletotrichum_zoysiae	Fungi	1216348	accession_api
Collybia_nuda	Fungi	64659	accession_api
Collybiopsis_confluens	Fungi	2823264	accession_api
Collybiopsis_luxurians_FD-317_M1	Fungi	944289	name_search_full_name
Collybiopsis_luxurians_FD317_M1	Fungi	944289	accession_api
Compsopogon_caeruleus	Rhodophyta	31354	name_search_full_name
Conglomerata_obtusa	Fungi	2483382	accession_api
Coniella_lustricola	Fungi	2025994	accession_api
Coniferiporia_weirii	Fungi	135589	accession_api
Coniocarpon_cinnabarinum	Fungi	1542792	accession_api
Coniochaeta_hoffmannii	Fungi	91930	accession_api
Coniochaeta_ligniaria_NRRL_30616	Fungi	1408157	accession_api
Coniochaeta_pulveracea	Fungi	177199	accession_api
Coniophora_puteana_RWD-64-598_SS2	Fungi	741705	name_search_full_name
Coniophora_puteana_RWD64598_SS2	Fungi	741705	accession_api
Coniosporium_apollinis_CBS_100218	Fungi	1168221	accession_api
Coniosporium_tulheliwenetii	Fungi	3383036	accession_api
Coniosporium_uncinatum	Fungi	93489	accession_api
Conoideocrella_luteorostrata	Fungi	1105319	accession_api
Conticribra_weissflogii	Protists	1577725	accession_api
Convoluta_(Praesagittifera)_naikaiensis	Metazoa	31270	metazoa_metadata
Coprinellus_aureogranulatus	Fungi	752674	accession_api
Coprinopsis_cinerea	Metazoa	240176	accession_api
Coprinopsis_cinerea_okayama7#130	Fungi	240176	accession_api
Coprinopsis_marcescibilis	Fungi	230819	accession_api
Coptis_chinensis	angiosperms	261450	accession_api
Corallochytrium_limacisporum	Protists	98351	accession_api
Corchorus_capsularis	angiosperms	210143	accession_api
Corchorus_olitorius	angiosperms	93759	accession_api
Cordulegaster_boltonii	Metazoa	126173	accession_api
Cordyceps_cateniannulata	Fungi	983339	accession_api
Cordyceps_fumosorosea_ARSEF_2679	Fungi	1081104	accession_api
Cordyceps_javanica	Fungi	43265	accession_api
Cordyceps_militaris_CM01	Fungi	983644	accession_api
Cornu_aspersum	Metazoa	6535	accession_api
Cornus_florida	angiosperms	4283	accession_api
Corydalus_cornutus	Metazoa	559164	metazoa_metadata
Corylus_avellana	angiosperms	13451	accession_api
Corymbia_citriodora	angiosperms	360336	accession_api
Corynascus_novoguineensis	Fungi	1126955	accession_api
Corynascus_sepedonium	Fungi	190048	accession_api
Corynascus_similis_CBS_632.67	Fungi	1403191	accession_api
Costasiella_nonatoi_-_Panderevela_nonatoi	Metazoa	698695	metazoa_metadata
Costasiella_ocellifera	Metazoa	380564	accession_api
Costasiella_sp.1	Metazoa	380564	accession_api
Craigia_yunnanensis	angiosperms	197121	accession_api
Craspedida_sp_UC1	Protists	2812018	name_search_binomial_fallback
Craspedosoma_sp._AD-2016	Metazoa	1820136	metazoa_metadata
Crassisporium_funariophilum	Fungi	1954473	accession_api
Crassostrea_virginica	Metazoa	6565	accession_api
Craterostigmus_tasmanianus	Metazoa	60162	metazoa_metadata
Creolimax_fragrantissima	Protists	470921	accession_api
Crepidotus_variabilis	Fungi	179855	accession_api
Crepidula_navicella	Metazoa	1707815	metazoa_metadata
Cristaphyes_yushini	Metazoa	2835549	metazoa_metadata
Cristaria_plicata	Metazoa	165446	metazoa_metadata
Cristatella_mucedo	Metazoa	67896	accession_api
Cristinia_sonorae	Fungi	1940300	accession_api
Crocodylus_porosus	Metazoa	8502	accession_api
Cronartium_quercuum_f._sp._fusiforme_G11	Fungi	708437	accession_api
Crotalaria_pallida	angiosperms	3830	accession_api
Crucibulum_laeve	Fungi	68775	accession_api
Cryoendolithus_antarcticus	Fungi	1507870	accession_api
Cryomyces_antarcticus	Fungi	329879	accession_api
Cryomyces_minteri	Fungi	331657	accession_api
Cryphonectria_parasitica_EP155	Fungi	660469	accession_api
Cryptocellus_becki	Metazoa	1642531	metazoa_metadata
Cryptocellus_sp._n._RF-2015	Metazoa	1643398	metazoa_metadata
Cryptococcus_amylolentus_CBS_6039	Fungi	1295533	accession_api
Cryptococcus_bacillisporus_CA1280	Fungi	1296109	accession_api
Cryptococcus_decagattii	Fungi	1859122	accession_api
Cryptococcus_deneoformans_JEC21	Fungi	214684	accession_api
Cryptococcus_depauperatus_CBS_7841	Fungi	1295531	accession_api
Cryptococcus_deuterogattii_R265	Fungi	294750	accession_api
Cryptococcus_gattii_WM276	Fungi	367775	accession_api
Cryptococcus_neoformans_H99	Fungi	235443	accession_api
Cryptococcus_tetragattii_IND107	Fungi	1296105	accession_api
Cryptococcus_wingfieldii_CBS_7118	Fungi	1295528	accession_api
Cryptomeria_japonica	gymnosperms	3369	accession_api
Cryptoplax_larvaeformis	Metazoa	2732484	metazoa_metadata
Cryptops_anomalans	Metazoa	1418174	metazoa_metadata
Cryptops_hortensis	Metazoa	1268897	metazoa_metadata
Cryptosporidium_andersoni	Protists	117008	accession_api
Cryptosporidium_bovis	Protists	310047	accession_api
Cryptosporidium_canis	Protists	195482	accession_api
Cryptosporidium_felis	Protists	83540	accession_api
Cryptosporidium_hominis_TU502	Protists	353151	accession_api
Cryptosporidium_meleagridis	Protists	93969	accession_api
Cryptosporidium_muris_RN66	Protists	441375	accession_api
Cryptosporidium_parvum_Iowa_II	Protists	353152	accession_api
Cryptosporidium_proliferans	Protists	1729943	accession_api
Cryptosporidium_ryanae	Protists	515981	accession_api
Cryptosporidium_serpentis	Protists	83999	accession_api
Cryptosporidium_tyzzeri	Protists	756076	accession_api
Cryptosporidium_ubiquitum	Protists	857276	accession_api
Cryptosporidium_xiaoi	Protists	659607	accession_api
Cryptotermes_secundus	Metazoa	105785	accession_api
Cryptotrichosporon_argae	Fungi	1890679	accession_api
Ctenocephalides_felis	Metazoa	7515	accession_api
Ctenochauliodes_similis	Metazoa	1890692	metazoa_metadata
Cubamyces_lactineus	Fungi	1391043	accession_api
Cubamyces_menziesii	Fungi	2136021	accession_api
Cucumis_melo	angiosperms	3656	accession_api
Cucumis_sativus	angiosperms	3659	accession_api
Cucumispora_dikerogammari	Fungi	658444	accession_api
Cucurbita_argyrosperma	angiosperms	37648	accession_api
Cucurbita_maxima	angiosperms	3661	accession_api
Cucurbita_moschata	angiosperms	3662	accession_api
Cucurbita_pepo	angiosperms	3664	accession_api
Cucurbitaria_berberidis_CBS_394.84	Fungi	1168544	accession_api
Cudoniella_acicularis	Fungi	354080	accession_api
Cunninghamella_echinulata	Fungi	76405	accession_api
Curcuma_longa	angiosperms	136217	accession_api
Curvularia_kusanoi	Fungi	90978	accession_api
Cuscuta_australis	angiosperms	267555	accession_api
Cuscuta_europaea	angiosperms	41803	accession_api
Cutaneotrichosporon_cavernicola	Fungi	279322	accession_api
Cutaneotrichosporon_oleaginosum	Fungi	879819	accession_api
Cutaneotrichosporon_spelunceum	Fungi	1672016	accession_api
Cyanidiococcus_yangmingshanensis	Rhodophyta	2690220	accession_api
Cyanidioschyzon_merolae	Rhodophyta	45157	name_search_full_name
Cyanidioschyzon_merolae_strain_10D	Rhodophyta	280699	accession_api
Cyanidium_caldarium	Rhodophyta	2771	accession_api
Cyanoptyche_gloeocystis	Glaucophyta	77922	name_search_full_name
Cybella_gelanggi	Metazoa	2590503	metazoa_metadata
Cyberlindnera_jadinii_NRRL_Y-1542	Fungi	4903	name_search_full_name
Cyberlindnera_jadinii_NRRL_Y1542	Fungi	4903	accession_api
Cybister_japonicus	Metazoa	398594	metazoa_metadata
Cycas_panzhihuaensis	gymnosperms	123604	name_search_full_name
Cyclestheria_hislopi	Metazoa	77743	metazoa_metadata
Cyclocybe_aegerita	Fungi	1973307	accession_api
Cyclopterus_lumpus	Metazoa	8103	accession_api
Cyclospora_cayetanensis	Protists	88456	accession_api
Cyclostephanos_tholiformis	Protists	382380	accession_api
Cyclotella_atomus	Protists	382360	accession_api
Cyclotella_cryptica	Protists	29204	accession_api
Cyerce_aff._antillensis	Metazoa	483961	metazoa_metadata
Cylicobdellidae_sp._DSW-2020	Metazoa	2705382	metazoa_metadata
Cylindrobulla_beauii	Metazoa	431608	metazoa_metadata
Cylindrodendrum_hubeiense	Fungi	595255	accession_api
Cylindroiulus_sp._RF-2016	Metazoa	1816490	metazoa_metadata
Cylindroleberidinae_sp._MS-2016	Metazoa	1897137	metazoa_metadata
Cylindrotheca_closterium	Protists	2856	accession_api
Cymbomonas_tetramitiformis	chlorophyta	36881	accession_api
Cynara_cardunculus	angiosperms	59895	accession_api
Cyphellophora_attinorum	Fungi	1664694	accession_api
Cyphellophora_europaea_CBS_101466	Fungi	1220924	accession_api
Cyprideis_torosa	Metazoa	163714	metazoa_metadata
Cystobasidium_minutum_MCA_4210	Fungi	1397322	accession_api
Cystoisospora_suis	Protists	483139	accession_api
Cytidiella_melzeri	Fungi	1883072	accession_api
Cytospora_leucostoma	Fungi	1230097	accession_api
Cytospora_paraplurivora	Fungi	2898453	accession_api
Cytospora_schulzeri	Fungi	448051	accession_api
Dacryopinax_primogenitus	Fungi	1858805	accession_api
Dactylella_cylindrospora	Fungi	1814901	accession_api
Dactylonectria_estremocensis	Fungi	1079267	accession_api
Dactylonectria_macrodidyma	Fungi	307937	accession_api
Daedalea_quercina_L-15889	Fungi	1314783	name_search_full_name
Daedalea_quercina_L15889	Fungi	1314783	accession_api
Daedaleopsis_nitida	Fungi	1140402	accession_api
Daldinia_bambusicola	Fungi	326643	accession_api
Daldinia_caldariorum	Fungi	326644	accession_api
Daldinia_childiae	Fungi	326645	accession_api
Daldinia_decipiens	Fungi	326647	accession_api
Daldinia_eschscholtzii	Fungi	292717	accession_api
Daldinia_grandis	Fungi	103428	accession_api
Daldinia_loculata	Fungi	103429	accession_api
Daldinia_vernicosa	Fungi	114800	accession_api
Damon_sp._Maynooth	Metazoa	2508655	metazoa_metadata
Dampetrus_sp._RF-2017	Metazoa	1955546	metazoa_metadata
Danaus_plexippus_plexippus	Metazoa	278856	metazoa_metadata
Danio_rerio	Metazoa	7955	accession_api
Daphnia_magna	Metazoa	35525	accession_api
Darwinula_stevensoni	Metazoa	69355	accession_api
Datura_stramonium	angiosperms	4076	accession_api
Daucus_carota	angiosperms	79200	accession_api
Debaryomyces_fabryi	Fungi	58627	accession_api
Debaryomyces_hansenii_CBS767	Fungi	284592	accession_api
Debaryomyces_tyrocola	Fungi	522358	accession_api
Decorospora_gaudefroyi	Fungi	184978	accession_api
Deinandra_increscens	angiosperms	3103831	accession_api
Delaya_leruthi	Metazoa	1963245	metazoa_metadata
Delisea_pulchra	Rhodophyta	40385	accession_api
Delitschia_confertaspora_ATCC_74209	Fungi	1513339	accession_api
Delonix_regia	angiosperms	72433	accession_api
Delphinella_strobiligena	Fungi	147560	accession_api
Dendrobeania_fruticosa	Metazoa	2893298	metazoa_metadata
Dendrobium_catenatum	angiosperms	906689	accession_api
Dendrobium_chrysotoxum	angiosperms	161865	accession_api
Dendrobium_nobile	angiosperms	94219	accession_api
Dendrobium_thyrsiflorum	angiosperms	117978	accession_api
Dendrocalamus_sinicus	angiosperms	338490	accession_api
Dendrophyllia_cribrosa	Metazoa	1140371	accession_api
Dendrothele_bispora_CBS_962.96	Fungi	1314807	accession_api
Dendryphion_nanum	Fungi	256645	accession_api
Denticeps_clupeoides	Metazoa	299321	accession_api
Dentipellis_fragilis	Fungi	205917	accession_api
Dentiscutata_erythropus	Fungi	1348616	accession_api
Dentiscutata_heterogama	Fungi	1316150	accession_api
Dermacentor_andersoni	Metazoa	34620	accession_api
Dermanyssus_gallinae	Metazoa	34641	accession_api
Deroceras_reticulatum	Metazoa	145610	metazoa_metadata
Desarmillaria_ectypa	Fungi	47430	accession_api
Desarmillaria_tabescens	Fungi	1929756	accession_api
Diacronema_lutheri	Protists	2081491	accession_api
Diaphanoeca_grandis	Protists	28014	name_search_full_name
Diaporthe_amygdali	Fungi	1214568	accession_api
Diaporthe_batatas	Fungi	748121	accession_api
Diaporthe_citri	Fungi	83186	accession_api
Diaporthe_ilicicola	Fungi	2419934	accession_api
Diatrype_stigma	Fungi	117547	accession_api
Dichanthelium_oligosanthes	angiosperms	888268	accession_api
Dichomitus_squalens_LYAD-421_SS1	Fungi	732165	name_search_full_name
Dichomitus_squalens_LYAD421_SS1	Fungi	732165	accession_api
Dichotomocladium_elegans	Fungi	101130	accession_api
Dichotomopilus_funicola	Fungi	1934379	accession_api
Dictyocoela_muelleri	Fungi	279532	accession_api
Dictyocoela_roeselum	Fungi	288439	accession_api
Dicyemida_sp._4_KMK-2022	Metazoa	2969543	metazoa_metadata
Dicyemida_sp._5_KMK-2022	Metazoa	2969544	metazoa_metadata
Didymella_exigua_CBS_183.55	Fungi	1150837	accession_api
Didymella_heteroderae	Fungi	1769908	accession_api
Didymella_keratinophila	Fungi	2301244	accession_api
Didymella_pomorum	Fungi	749634	accession_api
Didymodactylos_carnosus	Metazoa	1234261	accession_api
Didymoeca_costata	Protists	459534	name_search_full_name
Didymosphaeria_variabile	Fungi	1932322	accession_api
Digitaria_exilis	angiosperms	1010633	accession_api
Dillenia_turbinata	angiosperms	194707	accession_api
Dimargaris_cristalligena	Fungi	215637	accession_api
Dimargaris_verticillata	Fungi	2761393	accession_api
Dimargaris_xerosporica	Fungi	2761399	accession_api
Dimorphilus_gyrociliatus	Metazoa	2664684	accession_api
Dinochytrium_kinnereticum	Fungi	1774096	accession_api
Dinothrombium_tinctorium	Metazoa	1965070	accession_api
Dionaea_muscipula	angiosperms	4362	accession_api
Diopisthoporus_longitubus	Metazoa	996724	metazoa_metadata
Dioscorea_cayenensis	angiosperms	55577	accession_api
Dioscorea_sansibarensis	angiosperms	55578	accession_api
Dioscorea_zingiberensis	angiosperms	325984	accession_api
Diospyros_lotus	angiosperms	55363	accession_api
Dioszegia_hungarica	Fungi	4972	accession_api
Diphasiastrum_complanatum	lycophytes	34168	accession_api
Diplocarpon_coronariae	Fungi	2795749	accession_api
Diplocarpon_mali	Fungi	946123	accession_api
Diplocarpon_rosae	Fungi	946125	accession_api
Diplodia_corticola	Fungi	236234	accession_api
Diplodia_intermedia	Fungi	856260	accession_api
Diplodia_sapinea	Fungi	66738	accession_api
Diplodia_seriata	Fungi	420778	accession_api
Diplodiscus_trichospermus	angiosperms	248822	accession_api
Diplogasteroides_magnus	Metazoa	560213	accession_api
Diplogelasinospora_grovesii	Fungi	303347	accession_api
Diploscapter_pachys	Metazoa	2018661	accession_api
Diploschistes_diacapsis	Fungi	150877	accession_api
Dipodascopsis_tothii	Fungi	44089	accession_api
Dipsacomyces_acuminosporus	Fungi	4866	accession_api
Dipteronia_dyeriana	angiosperms	168575	accession_api
Dipteronia_sinensis	angiosperms	43782	accession_api
Discosporangium_mesarthrocarpum	Protists	376270	accession_api
Discostella_pseudostelligera	Protists	259834	accession_api
Discula_destructiva	Fungi	148313	accession_api
Dispira_parvispora	Fungi	1520584	accession_api
Dispira_simplex	Fungi	2789359	accession_api
Dissoconium_aciculare_CBS_342.82	Fungi	1314786	accession_api
Dissophora_globulifera	Fungi	979702	accession_api
Dissophora_ornata	Fungi	979620	accession_api
Diurodrilus_subterraneus	Metazoa	1318637	metazoa_metadata
Diuronotus_aspetos	Metazoa	1681188	metazoa_metadata
Diutina_catenulata	Fungi	45537	accession_api
Diutina_rugosa	Fungi	5481	accession_api
Diversispora_eburnea	Fungi	1213867	accession_api
Diversispora_epigaea	Fungi	1348612	accession_api
Dorcoceras_hygrometricum	angiosperms	472368	accession_api
Dorylaimopsis_sp._T63	Metazoa	2879815	metazoa_metadata
Dothidotthia_symphoricarpi_CBS_119687	Fungi	1392245	accession_api
Dovyalis_caffra	angiosperms	77055	accession_api
Drawida_sp._KH-2017	Metazoa	1963188	metazoa_metadata
Drechmeria_coniospora	Fungi	98403	accession_api
Drechslerella_stenobrocha_248	Fungi	1043628	accession_api
Dreissena_rostriformis	Metazoa	427924	accession_api
Drepanopeziza_brunnea_f._sp._'multigermtubi'	Fungi	698441	accession_api
Dromaius_novaehollandiae	Metazoa	8790	accession_api
Dromiciops_gliroides	Metazoa	33562	accession_api
Drosera_capensis	angiosperms	4366	accession_api
Drosera_rotundifolia	angiosperms	173423	accession_api
Drosophila_melanogaster	Metazoa	7227	accession_api
Drosophila_pseudoobscura	Metazoa	7237	accession_api
Dugesia_japonica	Metazoa	6161	accession_api
Dugesia_ryukyuensis	Metazoa	79738	metazoa_metadata
Dunaliella_salina	chlorophyta	3046	accession_api
Durio_zibethinus	angiosperms	66656	accession_api
Durotheca_rogersii	Fungi	419775	accession_api
Durusdinium_trenchii	Protists	1381693	accession_api
Earliella_scabrosa	Fungi	2478900	accession_api
Echeneis_naucrates	Metazoa	173247	accession_api
Echiniscoides_sigismundi	Metazoa	500494	metazoa_metadata
Echiniscus_testudo	Metazoa	399800	metazoa_metadata
Echinoderes_ohtsukai	Metazoa	1755667	metazoa_metadata
Echinogammarus_berilloni	Metazoa	889313	metazoa_metadata
Echinoplana_celerrima	Metazoa	983673	metazoa_metadata
Echria_macrotheca	Fungi	438768	accession_api
Ectocarpus_fasciculatus	Protists	43935	accession_api
Ectocarpus_siliculosus	Protists	2880	accession_api
Ectopsocus_briggsi	Metazoa	322492	metazoa_metadata
Edaphochlamys_debaryana	chlorophyta	47281	accession_api
Edhazardia_aedis_USNM_41457	Fungi	1003232	accession_api
Eigenmannia_virescens	Metazoa	749526	metazoa_metadata
Eimeria_acervulina	Protists	5801	accession_api
Eimeria_brunetti	Protists	51314	accession_api
Eimeria_flavescens	Protists	471277	accession_api
Eimeria_intestinalis	Protists	471278	accession_api
Eimeria_magna	Protists	471282	accession_api
Eimeria_maxima	Protists	5804	accession_api
Eimeria_media	Protists	471279	accession_api
Eimeria_mitis	Protists	44415	accession_api
Eimeria_necatrix	Protists	51315	accession_api
Eimeria_stiedai	Protists	471275	accession_api
Eimeria_tenella	Protists	5802	accession_api
Eisenia_andrei	Metazoa	168636	metazoa_metadata
Elaeis_guineensis	angiosperms	51953	accession_api
Elaphomyces_granulatus	Fungi	519963	accession_api
Elasticomyces_elasticus	Fungi	574655	accession_api
Electrophorus_electricus	Metazoa	8005	accession_api
Eleusine_coracana	angiosperms	191504	accession_api
Eleutherodactylus_coqui	Metazoa	57060	accession_api
Elliptochloris_bilobata	chlorophyta	381761	accession_api
Ellobium_chinense	Metazoa	1628040	accession_api
Elsinoe_batatas	Fungi	2601811	accession_api
Elysia_chlorotica	Metazoa	188477	accession_api
Elysia_crispata	Metazoa	231223	accession_api
Elysia_hedgpethi	Metazoa	1522333	metazoa_metadata
Elysia_rufescens	Metazoa	380559	metazoa_metadata
Elysia_timida	Metazoa	154625	accession_api
Elysia_velutinus	Metazoa	2136272	metazoa_metadata
Emarellia_grisea	Fungi	1805848	accession_api
Emergomyces_africanus	Fungi	1955775	accession_api
Emergomyces_pasteurianus_Ep9510	Fungi	1447872	accession_api
Emericellopsis_atlantica	Fungi	2614577	accession_api
Emericellopsis_cladophorae	Fungi	2686198	accession_api
Emiliania_huxleyi_CCMP1516	Protists	280463	accession_api
Emydomyces_testavorans	Fungi	2070801	accession_api
Encephalitozoon_cuniculi_GB-M1	Fungi	284813	name_search_full_name
Encephalitozoon_cuniculi_GBM1	Fungi	284813	accession_api
Encephalitozoon_hellem_ATCC_50504	Fungi	907965	accession_api
Encephalitozoon_intestinalis_ATCC_50506	Fungi	876142	accession_api
Encephalitozoon_romaleae_SJ-2008	Fungi	1178016	name_search_full_name
Encephalitozoon_romaleae_SJ2008	Fungi	1178016	accession_api
Enchytraeus_crypticus	Metazoa	913645	accession_api
Endocarpon_pusillum_Z07020	Fungi	1263415	accession_api
Engystomops_pustulosus	Metazoa	76066	accession_api
Enoplus_brevis	Metazoa	57292	metazoa_metadata
Ensete_ventricosum	angiosperms	4639	accession_api
Enteropsectra_breve	Fungi	1912989	accession_api
Enterospora_canceri	Fungi	1081671	accession_api
Entomophthora_muscae	Fungi	34485	accession_api
Entomortierella_beljakovae	Fungi	979673	accession_api
Entomortierella_chlamydospora	Fungi	101097	accession_api
Entomortierella_lignicola	Fungi	979712	accession_api
Entonomenia_tricarinata	Metazoa	1541969	metazoa_metadata
Entophlyctis_helioformis	Fungi	281842	accession_api
Entophlyctis_luteolus	Fungi	109932	accession_api
Eoacmaea_pustulata	Metazoa	2494650	metazoa_metadata
Eocyzicus_sp._MCZ_IZ_50104	Metazoa	1930652	metazoa_metadata
Eoleptestheria_cf._ticinensis_MCZ_IZ_50108	Metazoa	1930653	metazoa_metadata
Eoperipatus_totoro	Metazoa	1385931	metazoa_metadata
Eosentomon_sakura	Metazoa	289450	metazoa_metadata
Ephemerocybe_angulata	Fungi	980116	accession_api
Ephydatia_muelleri	Metazoa	6052	accession_api
Epibryon_bryophilum	Fungi	1206335	accession_api
Epibryon_interlamellare	Fungi	1206340	accession_api
Epibryon_turfosorum	Fungi	1206344	accession_api
Epichloe_festucae_Fl1	Fungi	877507	accession_api
Epicoccum_nigrum	Fungi	105696	accession_api
Epiperipatus_broadwayi	Metazoa	2448278	accession_api
Epiperipatus_sp._CB-2018_/_Epiperipatus_sp._(Panama)_MCZ-141126	Metazoa	2497346	metazoa_metadata
Epiperipatus_trinidadensis	Metazoa	2448280	metazoa_metadata
Epiperipatus_vagans	Metazoa	2448281	metazoa_metadata
Epithele_typhae	Fungi	378194	accession_api
Eptatretus_burgeri	Metazoa	7764	accession_api
Eragrostis_curvula	angiosperms	38414	accession_api
Ercolania_boodleae	Metazoa	2720088	metazoa_metadata
Eremomyces_bilateralis_CBS_781.70	Fungi	1392243	accession_api
Eremothecium_cymbalariae_DBVPG#7215	Fungi	931890	accession_api
Eremothecium_gossypii_ATCC_10895	Fungi	284811	accession_api
Eremothecium_sinecaudum	Fungi	45286	accession_api
Erigeron_canadensis	angiosperms	72917	accession_api
Eriocheir_sinensis	Metazoa	95602	accession_api
Ero_leonina	Metazoa	1506261	metazoa_metadata
Erpetoichthys_calabaricus	Metazoa	27687	accession_api
Eruca_vesicaria	angiosperms	29727	accession_api
Erysiphe_necator	Fungi	52586	accession_api
Erysiphe_neolycopersici	Fungi	212602	accession_api
Erysiphe_pulchra	Fungi	225359	accession_api
Erythranthe_guttata	angiosperms	4155	accession_api
Erythranthe_nasuta	angiosperms	4158	accession_api
Erythranthe_tilingii	angiosperms	4161	accession_api
Erythrolobus_australicus	Rhodophyta	1077150	name_search_full_name
Erythrolobus_madagascarensis	Rhodophyta	708628	name_search_full_name
Erythroxylum_novogranatense	angiosperms	1862640	accession_api
Escallonia_herrerae	angiosperms	1293975	accession_api
Escallonia_rubra	angiosperms	112253	accession_api
Esox_lucius	Metazoa	8010	accession_api
Eubranchus_rustyus	Metazoa	763125	metazoa_metadata
Eucalyptus_globulus	angiosperms	34317	accession_api
Eucalyptus_grandis	angiosperms	71139	accession_api
Eucheuma_denticulatum	Rhodophyta	305493	name_search_full_name
Euchromadora_sp._MIHIF	Metazoa	2490274	metazoa_metadata
Eucyclops_serrulatus	Metazoa	84317	metazoa_metadata
Eudigraphis_taiwanensis	Metazoa	1816489	metazoa_metadata
Eudigraphis_takakuwai	Metazoa	1366109	metazoa_metadata
Eukoenenia_zariquieyi	Metazoa	129188	metazoa_metadata
Eukrohnia_hamata	Metazoa	58920	metazoa_metadata
Eulimnadia_sp._MCZ_IZ_50085	Metazoa	1930639	metazoa_metadata
Euperipatoides_rowelli	Metazoa	49087	accession_api
Euphausia_pacifica	Metazoa	102976	metazoa_metadata
Euphorbia_lathyris	angiosperms	212925	accession_api
Euphorbia_peplus	angiosperms	38846	accession_api
Eurytemora_affinis	Metazoa	88015	accession_api
Eusergestes_similis	Metazoa	2841602	metazoa_metadata
Eutrema_salsugineum	angiosperms	72664	accession_api
Evadne_cf._nordmanni_MCZ_IZ_68046	Metazoa	1930655	metazoa_metadata
Exidia_glandulosa_HHB12029	Fungi	1314781	accession_api
Exobasidium_rhododendri	Fungi	63378	accession_api
Exophiala_aquamarina_CBS_119918	Fungi	1182545	accession_api
Exophiala_bonariae	Fungi	1690606	accession_api
Exophiala_dermatitidis_NIH/UT8656	Fungi	858893	name_search_full_name
Exophiala_mesophila	Fungi	212818	accession_api
Exophiala_oligosperma	Fungi	215243	accession_api
Exophiala_sideris	Fungi	1016849	accession_api
Exophiala_spinifera	Fungi	91928	accession_api
Exophiala_viscosa	Fungi	2486360	accession_api
Exophiala_xenobiotica	Fungi	348802	accession_api
Exserohilum_turcica_Et28A	Fungi	671987	accession_api
Extremus_antarcticus	Fungi	702011	accession_api
FWG001	Asgard		unresolved
FWG016	Asgard		unresolved
FWG037	Asgard		unresolved
FWG038	Asgard		unresolved
FWG135	Asgard		unresolved
FWG136	Asgard		unresolved
FWG137	Asgard		unresolved
FWG138	Asgard		unresolved
FWG139	Asgard		unresolved
FWG140	Asgard		unresolved
FWG166	Asgard		unresolved
FWG169	Asgard		unresolved
Fagus_crenata	angiosperms	28929	accession_api
Falcidens_caudatus	Metazoa	2049293	metazoa_metadata
Falcidens_sagittiferus	Metazoa	2136975	metazoa_metadata
Favolaschia_claudopus	Fungi	2862362	accession_api
Fenneropenaeus_chinensis	Metazoa	139456	accession_api
Festuca_glaucescens	angiosperms	89681	accession_api
Fibroporia_radiculosa	Fungi	599839	accession_api
Filientomon_takanawanum	Metazoa	533279	metazoa_metadata
Filobasidium_floriforme	Fungi	5210	accession_api
Fimicolochytrium_jonesii	Fungi	1396493	accession_api
Fissiphallius_martensi	Metazoa	1955530	metazoa_metadata
Fissurella_natalensis	Metazoa	2497952	metazoa_metadata
Fistulina_hepatica_ATCC_64428	Fungi	1128425	accession_api
Flabegraviera_mundata	Metazoa	2507406	metazoa_metadata
Flaccisagitta_hexaptera	Metazoa	1562707	metazoa_metadata
Flammula_alnicola	Fungi	109635	accession_api
Flavoperla_sp._YW-2014	Metazoa	1471781	metazoa_metadata
Flavoplaca_austrocitrina	Fungi	522353	accession_api
Flavoplaca_citrina	Fungi	1301329	accession_api
Flavoplaca_limonia	Fungi	1498898	accession_api
Flavoplaca_navasiana	Fungi	1301335	accession_api
Flavoplaca_oasis	Fungi	1301336	accession_api
Flemingia_macrophylla	angiosperms	520843	accession_api
Folsomia_candida	Metazoa	158441	accession_api
Fomes_fomentarius	Fungi	40442	accession_api
Fomitiporia_mediterranea_MF3/22	Fungi	694068	name_search_full_name
Fomitopsis_betulina	Fungi	40450	accession_api
Fomitopsis_schrenkii	Fungi	2126942	accession_api
Fomitopsis_serialis	Fungi	139415	accession_api
Fonsecaea_erecta	Fungi	1367422	accession_api
Fonsecaea_monophora	Fungi	254056	accession_api
Fonsecaea_multimorphosa_CBS_102226	Fungi	1442371	accession_api
Fonsecaea_nubica	Fungi	856822	accession_api
Fonsecaea_pedrosoi_CBS_271.37	Fungi	1442368	accession_api
Fonticula_alba	Protists	691883	name_search_full_name
Forficula_auricularia	Metazoa	13068	accession_api
Forsythia_ovata	angiosperms	205694	accession_api
Fragaria_vesca	angiosperms	101020	accession_api
Fragilaria_crotonensis	Protists	210448	accession_api
Franciscideres_kalenesos	Metazoa	1415231	metazoa_metadata
Fraxinus_pennsylvanica	angiosperms	56036	accession_api
Fredericella_sultana	Metazoa	349672	metazoa_metadata
Friedmanniomyces_endolithicus	Fungi	329885	accession_api
Friedmanniomyces_simplex	Fungi	329884	accession_api
Fruticicola_(Koreanohadra)_kurodana	Metazoa	1738606	metazoa_metadata
Fulgogasparrea_decipioides	Fungi	1445002	accession_api
Fulvia_fulva	Fungi	5499	accession_api
Fumontana_deprehendor	Metazoa	476021	metazoa_metadata
Funneliformis_caledonium	Fungi	1117310	accession_api
Funneliformis_geosporum	Fungi	1117311	accession_api
Funneliformis_mosseae	Fungi	27381	accession_api
Furcellaria_lumbricalis	Rhodophyta	28020	name_search_full_name
Furculomyces_boomerangus	Fungi	61424	accession_api
Fusarium_acuminatum	Fungi	5515	accession_api
Fusarium_acutatum	Fungi	78861	accession_api
Fusarium_albosuccineum	Fungi	1237068	accession_api
Fusarium_ambrosium	Fungi	131363	accession_api
Fusarium_anthophilum	Fungi	48485	accession_api
Fusarium_austroafricanum	Fungi	2364996	accession_api
Fusarium_beomiforme	Fungi	44412	accession_api
Fusarium_bulbicola	Fungi	79018	accession_api
Fusarium_chlamydosporum	Fungi	86545	accession_api
Fusarium_chuoi	Fungi	2885761	accession_api
Fusarium_coffeatum	Fungi	231269	accession_api
Fusarium_coicis	Fungi	1567539	accession_api
Fusarium_culmorum	Fungi	5516	accession_api
Fusarium_decemcellulare	Fungi	57161	accession_api
Fusarium_denticulatum	Fungi	48507	accession_api
Fusarium_duplospermum	Fungi	1325734	accession_api
Fusarium_falciforme	Fungi	195108	accession_api
Fusarium_flagelliforme	Fungi	2675880	accession_api
Fusarium_floridanum	Fungi	1325733	accession_api
Fusarium_fujikuroi_IMI_58289	Fungi	1279085	accession_api
Fusarium_gaditjirri	Fungi	282569	accession_api
Fusarium_globosum	Fungi	78864	accession_api
Fusarium_graminearum_PH-1	Fungi	229533	name_search_full_name
Fusarium_graminearum_PH1	Fungi	229533	accession_api
Fusarium_graminum	Fungi	86546	accession_api
Fusarium_heterosporum	Fungi	42747	accession_api
Fusarium_irregulare	Fungi	2494466	accession_api
Fusarium_keratoplasticum	Fungi	1328300	accession_api
Fusarium_kuroshium	Fungi	2010991	accession_api
Fusarium_lateritium	Fungi	5523	accession_api
Fusarium_mangiferae	Fungi	192010	accession_api
Fusarium_mexicanum	Fungi	751941	accession_api
Fusarium_mundagurra	Fungi	1567541	accession_api
Fusarium_musae	Fungi	1042133	accession_api
Fusarium_napiforme	Fungi	42672	accession_api
Fusarium_nematophilum	Fungi	1053271	accession_api
Fusarium_odoratissimum_NRRL_54006	Fungi	1089451	accession_api
Fusarium_oligoseptatum	Fungi	2604345	accession_api
Fusarium_oxysporum_Fo47	Fungi	660027	accession_api
Fusarium_phalaenopsidis	Fungi	3417454	accession_api
Fusarium_phyllophilum	Fungi	47803	accession_api
Fusarium_poae	Fungi	36050	accession_api
Fusarium_proliferatum_ET1	Fungi	1227346	accession_api
Fusarium_pseudoanthophilum	Fungi	48495	accession_api
Fusarium_pseudocircinatum	Fungi	56676	accession_api
Fusarium_pseudograminearum_CS3096	Fungi	1028729	accession_api
Fusarium_redolens	Fungi	48865	accession_api
Fusarium_sambucinum	Fungi	5128	accession_api
Fusarium_sarcochroum	Fungi	1208366	accession_api
Fusarium_solani	Fungi	169388	accession_api
Fusarium_solani-melongenae	Fungi	2747967	name_search_full_name
Fusarium_solanimelongenae	Fungi	2747967	accession_api
Fusarium_subglutinans	Fungi	42677	accession_api
Fusarium_tjaetaba	Fungi	1567544	accession_api
Fusarium_torreyae	Fungi	1237075	accession_api
Fusarium_vanettenii_77-13-4	Fungi	660122	name_search_full_name
Fusarium_vanettenii_77134	Fungi	660122	accession_api
Fusarium_venenatum	Fungi	56646	accession_api
Fusarium_verticillioides_7600	Fungi	334819	accession_api
Fusarium_zealandicum	Fungi	1053134	accession_api
Gadila_tolmiei	Metazoa	1077242	metazoa_metadata
Gadus_morhua	Metazoa	8049	accession_api
Gaertneriomyces_semiglobifer	Fungi	109897	accession_api
Gaetice_depressus	Metazoa	156504	metazoa_metadata
Gaeumannomyces_avenae	Fungi	36778	accession_api
Gaeumannomyces_hyphopodioides	Fungi	1940676	accession_api
Gaeumannomyces_tritici_R3-111a-1	Fungi	644352	name_search_full_name
Gaeumannomyces_tritici_R3111a1	Fungi	644352	accession_api
Galdieria_partita	Rhodophyta	83374	accession_api
Galdieria_phlegrea	Rhodophyta	1389228	name_search_full_name
Galdieria_sulphuraria	Rhodophyta	130081	accession_api
Galdieria_yellowstonensis	Rhodophyta	3028027	accession_api
Galendromus_occidentalis	Metazoa	34638	accession_api
Galeodes_sp._JLF-2018	Metazoa	2126959	metazoa_metadata
Gallowayella_concinna	Fungi	3058863	accession_api
Gallowayella_weberi	Fungi	395029	accession_api
Gammarinema_sp._T79	Metazoa	2879816	metazoa_metadata
Gammarus_locusta	Metazoa	65426	metazoa_metadata
Gamsiella_multidivaricata	Fungi	101098	accession_api
Ganoderma_adspersum	Fungi	34456	accession_api
Ganoderma_sinense_ZZ0214-1	Fungi	1077348	name_search_full_name
Ganoderma_sinense_ZZ02141	Fungi	1077348	accession_api
Gastrolobium_bilobum	angiosperms	150636	accession_api
Gautieria_morchelliformis	Fungi	112417	accession_api
Gecarcinus_lateralis	Metazoa	6769	metazoa_metadata
Genlisea_aurea	angiosperms	192259	accession_api
Geocentrophora_applanata	Metazoa	1468192	metazoa_metadata
Geoglossum_simile	Fungi	1086352	accession_api
Geoglossum_umbratile	Fungi	315204	accession_api
Geoplana_quagga	Metazoa	934997	metazoa_metadata
Geopyxis_carbonaria	Fungi	49969	accession_api
Geosiphon_pyriformis	Fungi	50956	accession_api
Geosmithia_morbida	Fungi	1094350	accession_api
Geotrichum_bryndzae	Fungi	485427	accession_api
Geotrichum_candidum	Fungi	1173061	accession_api
Geotrichum_galactomycetum	Fungi	27317	accession_api
Geotrichum_reessii	Fungi	43985	accession_api
Geotrypetes_seraphini	Metazoa	260995	accession_api
Geranomyces_michiganensis	Fungi	1134077	accession_api
Geranomyces_variabilis	Fungi	109894	accession_api
Gerris_buenoi	Metazoa	56086	accession_api
Gigantopelta_aegis	Metazoa	1735272	accession_api
Gigaspora_margarita	Fungi	4874	accession_api
Gigaspora_rosea	Fungi	44941	accession_api
Gilbertella_persicaria	Fungi	101096	accession_api
Girardia_dorotocephala	Metazoa	135777	metazoa_metadata
Girardia_sp._n._ER-2019	Metazoa	2592332	metazoa_metadata
Glarea_lozoyensis_ATCC_20868	Fungi	1116229	accession_api
Glaucocystis_incrassata	Glaucophyta	1789788	name_search_full_name
Gleditsia_sinensis	angiosperms	66096	accession_api
Globisporangium_polare	Protists	1489738	accession_api
Globisporangium_splendens	Protists	82926	accession_api
Globomyces_pollinis-pini	Fungi	382532	name_search_full_name
Globomyces_pollinispini	Fungi	382532	accession_api
Gloeochaete_wittrockiana	Glaucophyta	38269	name_search_full_name
Gloeopeniophorella_convolvens	Fungi	205761	accession_api
Gloeophyllum_trabeum_ATCC_11539	Fungi	670483	accession_api
Glomeridella_minima	Metazoa	1173034	metazoa_metadata
Glomeridesmus_sp._MITS489	Metazoa	2099817	metazoa_metadata
Glomeris_maerens	Metazoa	2116692	accession_api
Glomus_cerebriforme	Fungi	658196	accession_api
Glonium_stellatum	Fungi	574774	accession_api
Glottidia_pyramidata	Metazoa	34515	metazoa_metadata
Glugoides_intestinalis	Fungi	174680	accession_api
Glutinoglossum_americanum	Fungi	1670608	accession_api
Glycine_max	angiosperms	3847	accession_api
Glycine_soja	angiosperms	3848	accession_api
Glyptonotus_antarcticus	Metazoa	104130	metazoa_metadata
Gnetum_montanum	gymnosperms	3381	name_search_full_name
Gnomoniopsis_smithogilvyi	Fungi	1191159	accession_api
Gnosonesimida_sp._IV_CEL-2015	Metazoa	1628690	metazoa_metadata
Godzilliognomus_frondosus	Metazoa	588423	metazoa_metadata
Golfingia_vulgaris	Metazoa	210797	metazoa_metadata
Golovinomyces_cichoracearum	Fungi	62708	accession_api
Gomphillus_americanus	Fungi	1940652	accession_api
Gonapodya_prolifera_JEL478	Fungi	1344416	accession_api
Gongronella_butleri	Fungi	101105	accession_api
Gonium_pectorale	chlorophyta	33097	accession_api
Gopherus_evgoodei	Metazoa	1825980	accession_api
Gordionus_montsenyensis	Metazoa	3053472	metazoa_metadata
Gordius_sp._KK-2019	Metazoa	2571181	metazoa_metadata
Gorgonomyces_haynaldii	Fungi	382530	accession_api
Gossypium_arboreum	angiosperms	29729	accession_api
Gossypium_aridum	angiosperms	34290	accession_api
Gossypium_armourianum	angiosperms	34283	accession_api
Gossypium_australe	angiosperms	47621	accession_api
Gossypium_darwinii	angiosperms	34276	accession_api
Gossypium_davidsonii	angiosperms	34287	accession_api
Gossypium_gossypioides	angiosperms	34282	accession_api
Gossypium_harknessii	angiosperms	34285	accession_api
Gossypium_hirsutum	angiosperms	3635	accession_api
Gossypium_klotzschianum	angiosperms	34286	accession_api
Gossypium_laxum	angiosperms	34288	accession_api
Gossypium_lobatum	angiosperms	34289	accession_api
Gossypium_raimondii	angiosperms	29730	accession_api
Gossypium_schwendimanii	angiosperms	34291	accession_api
Gossypium_stocksii	angiosperms	47602	accession_api
Gossypium_trilobum	angiosperms	34281	accession_api
Gracilaria_changii	Rhodophyta	2510791	name_search_full_name
Gracilaria_domingensis	Rhodophyta	172961	accession_api
Gracilariopsis_chorda	Rhodophyta	448386	accession_api
Grandidierella_japonica	Metazoa	429032	metazoa_metadata
Grapsus_albolineatus	Metazoa	156079	metazoa_metadata
Graptacme_eborea	Metazoa	55752	metazoa_metadata
Gregarina_niphandrodes	Protists	110365	accession_api
Griffithsia_okiensis	Rhodophyta	291168	name_search_full_name
Grosmannia_clavigera_kw1407	Fungi	655863	accession_api
Gryganskiella_cystojenkinii	Fungi	979690	accession_api
Gryllotalpa_sp._AD-2013	Metazoa	1323563	metazoa_metadata
Guadua_angustifolia	angiosperms	323898	accession_api
Guillardia_theta_CCMP2712	Protists	905079	accession_api
Gurleya_vavrai	Fungi	174688	accession_api
Guyanagaster_necrorhizus	Fungi	856835	accession_api
Gyalolechia_ehrenbergii	Fungi	1301418	accession_api
Gyalolechia_fulgens	Fungi	1301421	accession_api
Gyalolechia_gomerana	Fungi	1301422	accession_api
Gyalolechia_marmorata	Fungi	1301611	accession_api
Gymnobisium_sp._MCZ_139238	Metazoa	2590512	metazoa_metadata
Gymnomenia_pellucida	Metazoa	1918950	metazoa_metadata
Gymnopilus_dilepis	Fungi	231916	accession_api
Gymnopus_androsaceus_JB14	Fungi	1447944	accession_api
Gymnopus_earleae	Fungi	236213	accession_api
Gypsophila_vaccaria	angiosperms	39387	accession_api
Gyrinus_marinus	Metazoa	1323538	metazoa_metadata
Gyrodon_lividus	Fungi	85971	accession_api
Habronattus_ustulatus	Metazoa	158281	metazoa_metadata
Haematococcus_lacustris	chlorophyta	44745	accession_api
Halenospora_varia	Fungi	394676	accession_api
Halice_quarta	Metazoa	2692165	metazoa_metadata
Halicephalobus_mephisto	Metazoa	2559892	accession_api
Halicephalobus_sp._NKZ332	Metazoa	2598192	metazoa_metadata
Halichoanolaimus_dolichurus	Metazoa	373650	metazoa_metadata
Halicryptus_spinulosus	Metazoa	160677	metazoa_metadata
Halocaridina_rubra	Metazoa	373956	accession_api
Halomonhystera_hermesi	Metazoa	1573192	metazoa_metadata
Halotydeus_destructor	Metazoa	2874060	accession_api
Halteromyces_radiatus	Fungi	101107	accession_api
Hamiltosporidium_magnivora	Fungi	148818	accession_api
Hamiltosporidium_tvaerminnensis	Fungi	1176355	accession_api
Haminoea_antillarum	Metazoa	163905	metazoa_metadata
Handroanthus_impetiginosus	angiosperms	429701	accession_api
Hanseniaspora_guilliermondii	Fungi	56406	accession_api
Hanseniaspora_menglaensis	Fungi	3081051	accession_api
Hanseniaspora_opuntiae	Fungi	211096	accession_api
Hanseniaspora_osmophila	Fungi	56408	accession_api
Hanseniaspora_uvarum	Fungi	29833	accession_api
Hanseniaspora_valbyensis	Fungi	53685	accession_api
Hanseniaspora_vineae	Fungi	56409	accession_api
Hanseniella_nivea	Metazoa	1820138	metazoa_metadata
Hanseniella_sp._RF-2016	Metazoa	1816491	metazoa_metadata
Haploglomeris_multistriata	Metazoa	1820151	metazoa_metadata
Haplosporangium_bisporale	Fungi	1897645	accession_api
Haplosporangium_gracile	Fungi	2779863	accession_api
Hapterophycus_canaliculatus	Protists	2567908	accession_api
Hartaetosiga_balthica	Protists	1194294	name_search_full_name
Hartaetosiga_gracilis	Protists	216892	name_search_full_name
Hebeloma_cylindrosporum	Fungi	76867	accession_api
Helgoeca_nana	Protists	530540	name_search_full_name
Helianthus_annuus	angiosperms	4232	accession_api
Helianthus_anomalus	angiosperms	73274	accession_api
Helianthus_debilis	angiosperms	74142	accession_api
Helicocarpus_griseus_UAMH5409	Fungi	1447875	accession_api
Helicorthomorpha_holstii	Metazoa	1325552	accession_api
Helicostylum_pulchrum	Fungi	562976	accession_api
Heliocybe_sulcata	Fungi	5364	accession_api
Heliosperma_pusillum	angiosperms	39905	accession_api
Helix_lucorum	Metazoa	31229	metazoa_metadata
Helluoherpia_aegiri	Metazoa	1541971	metazoa_metadata
Helobdella_robusta	Metazoa	6412	accession_api
Hemithiris_psittacea	Metazoa	763142	metazoa_metadata
Henckelia_pumila	angiosperms	405737	accession_api
Henia_brevis	Metazoa	1816497	metazoa_metadata
Henia_illyrica	Metazoa	1428161	metazoa_metadata
Henningerozyma_blattae_CBS_6284	Fungi	1071380	accession_api
Hepatospora_eriocheir	Fungi	1081669	accession_api
Heracleum_sosnowskyi	angiosperms	360622	accession_api
Hericium_alpestre	Fungi	135208	accession_api
Hermanssonia_centrifuga	Fungi	98765	accession_api
Hermissenda_crassicornis_-_Hermissenda_opalescens	Metazoa	1840525	accession_api
Hermodice_carunculata	Metazoa	259844	accession_api
Herrania_umbratica	angiosperms	108875	accession_api
Hesseltinella_vesiculosa	Fungi	101127	accession_api
Heterobasidion_irregulare_TC_32-1	Fungi	747525	name_search_full_name
Heterobasidion_irregulare_TC_321	Fungi	747525	accession_api
Heterocypris_incongruens	Metazoa	425018	metazoa_metadata
Heteromastus_filiformis	Metazoa	397554	metazoa_metadata
Heterosigma_akashiwo	Protists	2829	accession_api
Hevea_brasiliensis	angiosperms	3981	accession_api
Hibiscus_cannabinus	angiosperms	229543	accession_api
Hibiscus_sabdariffa	angiosperms	183260	accession_api
Hibiscus_syriacus	angiosperms	106335	accession_api
Hibiscus_trionum	angiosperms	183268	accession_api
Hierodula_formosana	Metazoa	940208	metazoa_metadata
Hildenbrandia_rubra	Rhodophyta	31481	name_search_full_name
Himantarium_gabrielis	Metazoa	241672	metazoa_metadata
Hinea_brasiliana	Metazoa	1514958	metazoa_metadata
Hippolyte_inermis	Metazoa	575566	metazoa_metadata
Hirsutella_minnesotensis_3608	Fungi	1043627	accession_api
Hirsutella_rhossiliensis	Fungi	111463	accession_api
Hirudo_medicinalis	Metazoa	6421	accession_api
Histoplasma_capsulatum_G186AR	Fungi	447093	accession_api
Histoplasma_mississippiense	Fungi	2059318	accession_api
Histoplasma_ohiense	Fungi	2902605	accession_api
Histriobdella_sp._ET-2021	Metazoa	2863089	metazoa_metadata
Hofstenia_miamia	Metazoa	442651	accession_api
Hohenbuehelia_grisea	Fungi	104357	accession_api
Hoilungia_hongkongensis	Metazoa	1964320	metazoa_metadata
Holtermanniella_festucosa	Fungi	257869	accession_api
Homalenotus_remyi	Metazoa	1954382	metazoa_metadata
Homalonychus_theologus	Metazoa	320780	metazoa_metadata
Homarus_americanus	Metazoa	6706	accession_api
Homo_sapiens	Metazoa	9606	accession_api
Hordeum_erectifolium	angiosperms	58926	accession_api
Hordeum_vulgare	angiosperms	112509	accession_api
Hottonia_inflata	angiosperms	296628	accession_api
Hottonia_palustris	angiosperms	175037	accession_api
Hrabeiella_periglandulata	Metazoa	152469	metazoa_metadata
Hsuehochloa_calcarea	angiosperms	3061239	accession_api
Hubrechtella_ijimai	Metazoa	1519031	metazoa_metadata
Huiozyma_naganishii_CBS_8797	Fungi	1071383	accession_api
Humicola_hyalothermophila	Fungi	1486343	accession_api
Humulus_lupulus	angiosperms	3486	accession_api
Huperzia_asiatica	lycophytes	1756983	name_search_full_name
Hutchinsoniella_macracantha	Metazoa	84335	metazoa_metadata
Hyalella_azteca	Metazoa	294128	accession_api
Hyalomma_excavatum	Metazoa	257692	metazoa_metadata
Hyaloperonospora_brassicae	Protists	162125	accession_api
Hyaloraphidium_curvatum	Fungi	82268	accession_api
Hyaloscypha_bicolor_E	Fungi	1095630	accession_api
Hyaloscypha_finlandica	Fungi	2482753	accession_api
Hyaloscypha_hepaticicola	Fungi	2082293	accession_api
Hyaloscypha_variabilis	Fungi	2482757	accession_api
Hydatina_physis	Metazoa	259632	accession_api
Hydnomerulius_pinastri_MD-312	Fungi	994086	name_search_full_name
Hydnomerulius_pinastri_MD312	Fungi	994086	accession_api
Hydnum_rufescens_UP504	Fungi	1448309	accession_api
Hydra_vulgaris	Metazoa	6087	accession_api
Hydromantes_strinatii	Metazoa	482143	metazoa_metadata
Hydroptila_sp._AD-2013	Metazoa	1325438	metazoa_metadata
Hydroschendyla_submarina	Metazoa	1428152	metazoa_metadata
Hygrophoropsis_aurantiaca	Fungi	72124	accession_api
Hymenopellis_radicata	Fungi	937743	accession_api
Hymenoscyphus_albidus	Fungi	595503	accession_api
Hynobius_retardatus	Metazoa	36312	metazoa_metadata
Hypania_invalida	Metazoa	1977848	metazoa_metadata
Hyphodiscus_hymeniophilus	Fungi	353542	accession_api
Hyphopichia_burtonii_NRRL_Y-1933	Fungi	984485	name_search_full_name
Hyphopichia_burtonii_NRRL_Y1933	Fungi	984485	accession_api
Hypochthonius_rufulus	Metazoa	66581	accession_api
Hypomontagnella_submonticulosa	Fungi	152308	accession_api
Hypoxylon_cercidicola	Fungi	326656	accession_api
Hypoxylon_crocopeplum	Fungi	326657	accession_api
Hypoxylon_fragiforme	Fungi	63214	accession_api
Hypoxylon_fuscum	Fungi	109372	accession_api
Hypoxylon_texense	Fungi	2594544	accession_api
Hypoxylon_trugodes	Fungi	326681	accession_api
Hypsibius_exemplaris	Metazoa	2072580	accession_api
Hysterangium_stoloniferum	Fungi	150792	accession_api
Ichthyophonus_hoferi	Protists	39843	name_search_full_name
Ichthyophthirius_multifiliis	Protists	5932	accession_api
Icmadophila_ericetorum	Fungi	90408	accession_api
Ideobisium_crassimanum	Metazoa	2590493	metazoa_metadata
Idiosepius_pygmaeus	Metazoa	55281	accession_api
Ikaeria_aurantiellina	Fungi	2005598	accession_api
Ilex_paraguariensis	angiosperms	185542	accession_api
Ilyonectria_destructans	Fungi	64609	accession_api
Ilyonectria_robusta	Fungi	1079257	accession_api
Imleria_badia	Fungi	36058	accession_api
Immersiella_caudata	Fungi	314043	accession_api
Impatiens_glandulifera	angiosperms	253017	accession_api
Imshaugia_aleurites	Fungi	172621	accession_api
Infundibulicybe_gibba	Fungi	378275	accession_api
Ipomoea_nil	angiosperms	35883	accession_api
Ipomoea_triloba	angiosperms	35885	accession_api
Irineochytrium_annulatum	Fungi	109884	accession_api
Iris_pallida	angiosperms	29817	accession_api
Irpex_rosettiformis	Fungi	378272	accession_api
Ischnura_elegans	Metazoa	197161	accession_api
Ischnura_senegalensis	Metazoa	126660	accession_api
Ischyropsalis_nodifera	Metazoa	1348668	metazoa_metadata
Isodiametra_pulchra	Metazoa	504439	metazoa_metadata
Isoetes_sinensis	lycophytes	283158	name_search_full_name
Issoca_rezendei	Metazoa	1334141	metazoa_metadata
Itaspiella_helgolandica	Metazoa	1611829	metazoa_metadata
Ixodes_scapularis	Metazoa	6945	accession_api
Jaapia_argillacea_MUCL_33604	Fungi	933084	accession_api
Jackrogersella_minutella	Fungi	1955266	accession_api
Jaminaea_angkorensis_CBS_10918	Fungi	1294688	accession_api
Jaminaea_pallidilutea	Fungi	2878321	accession_api
Jaminaea_rosea	Fungi	1569628	accession_api
Jatropha_curcas	angiosperms	180498	accession_api
Jimgerdemannia_flammicorona	Fungi	994334	accession_api
Juglans_microcarpa	angiosperms	2249226	accession_api
Juglans_microcarpa_x_Juglans_regia	angiosperms	2249226	accession_api
Juglans_regia	angiosperms	51240	accession_api
Juncus_effusus	angiosperms	13579	accession_api
Kalaharituber_pfeilii	Fungi	139406	accession_api
Kalanchoe_gracilipes	angiosperms	80900	accession_api
Kalmanozyma_brasiliensis_GHG001	Fungi	1365824	accession_api
Karstenula_rhodostoma_CBS_690.94	Fungi	1392251	accession_api
Katharina_tunicata	Metazoa	34587	accession_api
Kazachstania_africana_CBS_2517	Fungi	1071382	accession_api
Kickxella_alabastrina	Fungi	61397	accession_api
Kingdonia_uniflora	angiosperms	39325	accession_api
Klebsormidium_nitens	chlorophyta	105231	accession_api
Kluyveromyces_lactis	Fungi	28985	accession_api
Kluyveromyces_marxianus_DMKU3-1042	Fungi	1003335	name_search_full_name
Kluyveromyces_marxianus_DMKU31042	Fungi	1003335	accession_api
Knufia_fluminis	Fungi	191047	accession_api
Knufia_obscura	Fungi	1635080	accession_api
Knufia_peltigerae	Fungi	1002370	accession_api
Kockiozyma_suomiensis	Fungi	1337062	accession_api
Kockovaella_imperatae	Fungi	4999	accession_api
Komagataella_pastoris	Fungi	4922	accession_api
Komagataella_phaffii_GS115	Fungi	644223	accession_api
Konetontli_acapulco	Metazoa	1532980	metazoa_metadata
Kontikia_ventrolineata	Metazoa	1520482	metazoa_metadata
Krohnitta_subtilis	Metazoa	1120154	metazoa_metadata
Kryptolebias_marmoratus	Metazoa	37003	accession_api
Kuettlingeria_erythrocarpa	Fungi	3058864	accession_api
Kukulcania_hibernalis	Metazoa	268415	metazoa_metadata
Kumbadjena_occidentalis	Metazoa	1454319	metazoa_metadata
Kuraishia_capsulata_CBS_1993	Fungi	1382522	accession_api
Kwoniella_bestiolae_CBS_10118	Fungi	1296100	accession_api
Kwoniella_botswanensis	Fungi	1268659	accession_api
Kwoniella_dejecticola_CBS_10117	Fungi	1296121	accession_api
Kwoniella_dendrophila_CBS_6074	Fungi	1295534	accession_api
Kwoniella_europaea_PYCC6329	Fungi	1423913	accession_api
Kwoniella_fici	Fungi	2878307	accession_api
Kwoniella_heveanensis_BCC8398	Fungi	1296120	accession_api
Kwoniella_mangroviensis_CBS_8507	Fungi	1296122	accession_api
Kwoniella_newhampshirensis	Fungi	1651941	accession_api
Kwoniella_ovata	Fungi	2877729	accession_api
Kwoniella_pini_CBS_10737	Fungi	1296096	accession_api
Kwoniella_shandongensis	Fungi	1734106	accession_api
Kwoniella_shivajii	Fungi	564305	accession_api
Laccaria_amethystina_LaAM-08-1	Fungi	1095629	name_search_full_name
Laccaria_amethystina_LaAM081	Fungi	89243	name_search_binomial_fallback
Laccaria_bicolor_S238N-H82	Fungi	486041	name_search_full_name
Laccaria_bicolor_S238NH82	Fungi	486041	accession_api
Lachancea_dasiensis	Fungi	1072105	accession_api
Lachancea_lanzarotensis	Fungi	1245769	accession_api
Lachancea_meyersii_CBS_8951	Fungi	1266667	accession_api
Lachancea_mirantina	Fungi	1230905	accession_api
Lachancea_nothofagi_CBS_11611	Fungi	1266666	accession_api
Lachancea_thermotolerans_CBS_6340	Fungi	559295	accession_api
Lachnellula_arida	Fungi	1316785	accession_api
Lachnellula_cervina	Fungi	1316786	accession_api
Lachnellula_hyalina	Fungi	1316788	accession_api
Lachnellula_occidentalis	Fungi	215460	accession_api
Lachnellula_subtilissima	Fungi	602034	accession_api
Lachnellula_suecica	Fungi	602035	accession_api
Lachnellula_willkommii	Fungi	215461	accession_api
Lactarius_akahatsu	Fungi	416441	accession_api
Lactarius_deliciosus	Fungi	55514	accession_api
Lactarius_hengduanensis	Fungi	1932122	accession_api
Lactarius_indigo	Fungi	222702	accession_api
Lactarius_psammicola	Fungi	1907521	accession_api
Lactarius_pseudohatsudake	Fungi	1932123	accession_api
Lactarius_quietus	Fungi	111141	accession_api
Lactarius_sanguifluus	Fungi	111137	accession_api
Lactarius_vividus	Fungi	1740625	accession_api
Lactifluus_subvellereus	Fungi	1837270	accession_api
Lactifluus_volemus	Fungi	71967	accession_api
Lactuca_saligna	angiosperms	75948	accession_api
Lactuca_sativa	angiosperms	4236	accession_api
Lactuca_serriola	angiosperms	75943	accession_api
Lactuca_virosa	angiosperms	75947	accession_api
Lacydonia_sp._ET-2021	Metazoa	2863088	metazoa_metadata
Laetiporus_sulphureus_93-53	Fungi	1314785	name_search_full_name
Laetiporus_sulphureus_9353	Fungi	1314785	accession_api
Laetmonice_cf._iocasica_ET-2021	Metazoa	2863094	metazoa_metadata
Laevipilina_hyalina	Metazoa	651133	metazoa_metadata
Lambiella_insularis	Fungi	1397036	accession_api
Lamellibrachia_satsuma	Metazoa	104711	accession_api
Laminaria_digitata	Protists	80365	accession_api
Lampea_sp._Ct11R	Metazoa	2584719	metazoa_metadata
Lanistes_nyassanus	Metazoa	500758	accession_api
Lanmaoa_asiatica	Fungi	1603062	accession_api
Laqueus_californianus	Metazoa	33478	metazoa_metadata
Lasiodiplodia_hormozganensis	Fungi	869390	accession_api
Lasiodiplodia_mahajangana	Fungi	1108764	accession_api
Lasiodiplodia_theobromae	Fungi	45133	accession_api
Lasiosphaeria_hispida	Fungi	260671	accession_api
Lasiosphaeria_miniovina	Fungi	1954250	accession_api
Lasiosphaeria_ovina	Fungi	92902	accession_api
Lasiosphaeris_hirsuta	Fungi	260670	accession_api
Lathyrus_oleraceus	angiosperms	3888	accession_api
Lathyrus_sativus	angiosperms	3860	accession_api
Latimeria_chalumnae	Metazoa	7897	accession_api
Latimeria_menadoensis	Metazoa	106881	metazoa_metadata
Lecanora_helva	Fungi	1217787	accession_api
Lecanosticta_acicola	Fungi	111012	accession_api
Leiosporoceros_dussii	bryophytes	263836	name_search_full_name
Leitoscoloplos_robustus	Metazoa	645995	metazoa_metadata
Lentinula_aciculospora	Fungi	153920	accession_api
Lentinula_boryana	Fungi	40481	accession_api
Lentinula_detonsa	Fungi	2804962	accession_api
Lentinula_edodes	Fungi	5353	accession_api
Lentinula_guzmanii	Fungi	2804957	accession_api
Lentinula_lateritia	Fungi	40482	accession_api
Lentinula_novae-zelandiae	Fungi	42442	name_search_full_name
Lentinula_novaezelandiae	Fungi	42442	accession_api
Lentinula_raphanica	Fungi	153919	accession_api
Lentinus_tigrinus_ALCF2SS1-7	Fungi	1328758	name_search_full_name
Lentinus_tigrinus_ALCF2SS17	Fungi	1328758	accession_api
Lentithecium_fluviatile_CBS_122367	Fungi	1168545	accession_api
Lenzites_betulinus	Fungi	5632	accession_api
Lepicerus_sp._AD-2013	Metazoa	1323565	metazoa_metadata
Lepidocampa_weberi	Metazoa	165470	metazoa_metadata
Lepidogalaxias_salamandroides	Metazoa	89578	accession_api
Lepidonotopodium_sp._YZ-2016	Metazoa	1899226	metazoa_metadata
Lepidopterella_palustris_CBS_459.81	Fungi	1314670	accession_api
Lepidurus_apus_apus	Metazoa	217955	accession_api
Lepidurus_couessii	Metazoa	63726	accession_api
Lepidurus_cryptus	Metazoa	1930656	metazoa_metadata
Lepisdosiren_pradoxa	Metazoa	7883	accession_api
Lepisosteus_oculatus	Metazoa	7918	accession_api
Lepraria_finkii	Fungi	1340010	accession_api
Lepraria_neglecta	Fungi	209136	accession_api
Leptestheria_dahalacensis	Metazoa	202083	accession_api
Leptobrachium_leishanense	Metazoa	445787	accession_api
Leptochiton_rugatus	Metazoa	413421	metazoa_metadata
Leptodius_sp._NTOU-LMT-BRA0070	Metazoa	2545259	metazoa_metadata
Leptonemertes_chalicophora	Metazoa	980089	metazoa_metadata
Leptoplana_tremellaris	Metazoa	107733	metazoa_metadata
Leptotrombidium_deliense	Metazoa	299467	accession_api
Lernaea_cyprinacea	Metazoa	342429	metazoa_metadata
Letharia_columbiana	Fungi	112416	accession_api
Letharia_lupina	Fungi	560253	accession_api
Letrouitia_subvulpina	Fungi	1145321	accession_api
Letrouitia_transgressa	Fungi	1145322	accession_api
Leucaena_leucocephala	angiosperms	3866	accession_api
Leucocoprinus_birnbaumii	Fungi	56174	accession_api
Leucocoprinus_gongylophorus	Fungi	79220	accession_api
Leucocoprinus_leucothites	Fungi	201217	accession_api
Leucogyrophana_mollusca	Fungi	85980	accession_api
Levipalatum_texanum	Metazoa	1486449	accession_api
Lichtheimia_hyalospora_FSU_10163	Fungi	1314789	accession_api
Lichtheimia_ornata	Fungi	688661	accession_api
Lightiella_incisa	Metazoa	703591	metazoa_metadata
Ligia_exotica	Metazoa	142080	accession_api
Ligia_oceanica	Metazoa	96856	metazoa_metadata
Lignoscripta_atroalba	Fungi	2918522	accession_api
Limacus_flavus	Metazoa	36461	metazoa_metadata
Limax_maximus	Metazoa	146086	metazoa_metadata
Limnognathia_maerski	Metazoa	195507	metazoa_metadata
Limtongia_smithiae	Fungi	1125753	accession_api
Limulus_polyphemus	Metazoa	6850	accession_api
Linderina_macrospora	Fungi	4868	accession_api
Linderina_pennispora	Fungi	61395	accession_api
Lindgomyces_ingoldianus	Fungi	673940	accession_api
Lineolata_rhizophorae	Fungi	578093	accession_api
Lineus_longissimus	Metazoa	88925	accession_api
Lineus_sanguineus	Metazoa	187800	metazoa_metadata
Lingula_anatina	Metazoa	7574	accession_api
Linhomoeidae	Metazoa	319958	metazoa_metadata
Linnemannia_elongata	Fungi	310910	accession_api
Linnemannia_exigua	Fungi	604196	accession_api
Linnemannia_gamsii	Fungi	64522	accession_api
Linnemannia_hyalina	Fungi	64524	accession_api
Linnemannia_zychae	Fungi	979765	accession_api
Linum_grandiflorum	angiosperms	559336	accession_api
Linum_perenne	angiosperms	35941	name_search_full_name
Linum_tenue	angiosperms	586396	accession_api
Linum_trigynum	angiosperms	586398	accession_api
Lipara_lucens	Metazoa	1323540	metazoa_metadata
Liphistius_thaleban	Metazoa	1905330	metazoa_metadata
Lipomyces_arxii	Fungi	56418	accession_api
Lipomyces_chichibuensis	Fungi	1546026	accession_api
Lipomyces_doorenjongii	Fungi	383834	accession_api
Lipomyces_japonicus	Fungi	56871	accession_api
Lipomyces_kononenkoae	Fungi	34357	accession_api
Lipomyces_mesembrius	Fungi	56874	accession_api
Lipomyces_oligophaga	Fungi	45792	accession_api
Lipomyces_tetrasporus	Fungi	54092	accession_api
Liposcelis_sp._PH-2016	Metazoa	1924920	metazoa_metadata
Liquidambar_formosana	angiosperms	63359	accession_api
Lirceus_culveri	Metazoa	2742979	metazoa_metadata
Lithobius_niger	Metazoa	981152	accession_api
Lithocarpus_litseifolius	angiosperms	425828	accession_api
Lithocolla_globosa	Protists	2511775	name_search_full_name
Lithohypha_guttulata	Fungi	1690604	accession_api
Lithospermum_erythrorhizon	angiosperms	34254	accession_api
Lizonia_empirigonia	Fungi	1496277	accession_api
Lobaria_immixta	Fungi	669869	accession_api
Lobiger_nevilli	Metazoa	2916554	metazoa_metadata
Lobosporangium_transversale	Fungi	64571	accession_api
Lobulomyces_angularis	Fungi	109889	accession_api
Locusta_migratoria_manilensis	Metazoa	229990	metazoa_metadata
Lodderomyces_beijingensis	Fungi	1775926	accession_api
Lodderomyces_elongisporus	Fungi	36914	accession_api
Lojkania_enalia	Fungi	147567	accession_api
Lolium_multiflorum	angiosperms	4521	accession_api
Lolium_perenne	angiosperms	4522	accession_api
Lolium_rigidum	angiosperms	89674	accession_api
Lonicera_macranthoides	angiosperms	638627	accession_api
Lopadorrhynchus_sp._ET-2021	Metazoa	2863092	metazoa_metadata
Lophiostoma_macrostomum_CBS_122681	Fungi	1314788	accession_api
Lophiotrema_nucula	Fungi	690887	accession_api
Lophium_mytilinum	Fungi	390894	accession_api
Lottia_gigantea	Metazoa	225164	accession_api
Lotus_japonicus	angiosperms	34305	accession_api
Loxomitra_sp._KK-2020	Metazoa	2718617	metazoa_metadata
Loxosceles_deserta	Metazoa	424440	metazoa_metadata
Loxosomella_nordgaardi	Metazoa	2718616	metazoa_metadata
Loxospora_ochrophaea	Fungi	400354	accession_api
Lucensosergia_lucens	Metazoa	2849048	metazoa_metadata
Lunasporangiospora_selenospora	Fungi	979761	accession_api
Lupinus_albus	angiosperms	3870	accession_api
Lupinus_angustifolius	angiosperms	3871	accession_api
Lupinus_luteus	angiosperms	3873	accession_api
Luteostriata_ernesti	Metazoa	1334170	metazoa_metadata
Lycium_barbarum	angiosperms	112863	accession_api
Lycium_ferocissimum	angiosperms	112874	accession_api
Lymnaea_stagnalis	Metazoa	6523	accession_api
Lynceus_sp._MCZ_IZ_141354	Metazoa	1930659	metazoa_metadata
Lyophyllum_atratum	Fungi	117065	accession_api
Lyophyllum_shimeji	Fungi	47721	accession_api
Lysiosquilla_maculata	Metazoa	344752	metazoa_metadata
Lysmata_wurdemanni	Metazoa	338206	metazoa_metadata
Lytechinus_variegatus	Metazoa	7654	accession_api
Macadamia_integrifolia	angiosperms	60698	accession_api
Macellomenia_schanderi	Metazoa	1500390	metazoa_metadata
Machilis_hrabei	Metazoa	438506	accession_api
Macleaya_cordata	angiosperms	56857	accession_api
Macrobrachium_nipponense	Metazoa	159736	accession_api
Macrolepiota_fuliginosa_MF-IS2	Fungi	1400762	name_search_full_name
Macrolepiota_fuliginosa_MFIS2	Fungi	1400762	accession_api
Macroperipatus_torquatus	Metazoa	1454321	metazoa_metadata
Macrostomum_lignano	Metazoa	282301	accession_api
Macrotrichidae	Metazoa	77757	metazoa_metadata
Macroventuria_anomochaeta	Fungi	301207	accession_api
Madagascaria_erythrocladioides	Rhodophyta	753684	name_search_full_name
Madurella_fahalii	Fungi	1157608	accession_api
Magallana_gigas	Metazoa	29159	accession_api
Magallana_hongkongensis	Metazoa	2653900	accession_api
Magellania_venosa	Metazoa	406290	metazoa_metadata
Magelona_pitelkai	Metazoa	1653079	metazoa_metadata
Magnaporthiopsis_poae_ATCC_64411	Fungi	644358	accession_api
Magnolia_sinica	angiosperms	86752	accession_api
Magnusiomyces_paraingens	Fungi	2606893	accession_api
Malacobdella_grossa	Metazoa	166027	metazoa_metadata
Malania_oleifera	angiosperms	397392	accession_api
Malassezia_arunalokei	Fungi	1514897	accession_api
Malassezia_brasiliensis	Fungi	1821822	accession_api
Malassezia_caprae	Fungi	1381934	accession_api
Malassezia_cuniculi	Fungi	948313	accession_api
Malassezia_equina	Fungi	1381935	accession_api
Malassezia_furfur	Fungi	55194	accession_api
Malassezia_globosa_CBS_7966	Fungi	425265	accession_api
Malassezia_japonica	Fungi	223818	accession_api
Malassezia_nana	Fungi	180528	accession_api
Malassezia_obtusa	Fungi	76774	accession_api
Malassezia_pachydermatis	Fungi	77020	accession_api
Malassezia_psittaci	Fungi	1821823	accession_api
Malassezia_restricta	Fungi	76775	accession_api
Malassezia_sympodialis_ATCC_42132	Fungi	1230383	accession_api
Malassezia_vespertilionis	Fungi	2020962	accession_api
Malassezia_yamatoensis	Fungi	253288	accession_api
Malbranchea_cinnamomea	Fungi	5041	accession_api
Malus_domestica	angiosperms	3750	accession_api
Malus_sylvestris	angiosperms	3752	name_search_full_name
Manayunkia_occidentalis	Metazoa	2704156	metazoa_metadata
Mangifera_indica	angiosperms	29780	accession_api
Manihot_esculenta	angiosperms	3983	accession_api
Marasmius_crinis-equi	Fungi	585013	name_search_full_name
Marasmius_crinisequi	Fungi	585013	accession_api
Marasmius_fiardii_PR-910	Fungi	1328756	name_search_full_name
Marasmius_fiardii_PR910	Fungi	1328756	accession_api
Marasmius_oreades	Fungi	181124	accession_api
Marasmius_tenuissimus	Fungi	585030	accession_api
Marchantia_paleacea	bryophytes	56867	accession_api
Marchantia_polymorpha	bryophytes	1480154	accession_api
Margaritifera_margaritifera	Metazoa	2505931	accession_api
Marisa_cornuarietis	Metazoa	75126	accession_api
Marteilia_pararefringens	Protists	2184066	accession_api
Martensiomyces_pterosporus	Fungi	61414	accession_api
Martiniozyma_asiatica_(nom._inval.)	Fungi	148097	accession_api
Massarina_eburnea_CBS_473.64	Fungi	1395130	accession_api
Massariosphaeria_phaeospora	Fungi	100035	accession_api
Massospora_cicadina	Fungi	348617	accession_api
Mastacembelus_armatus	Metazoa	205130	accession_api
Mastigoproctus_giganteus	Metazoa	58767	accession_api
Maudiozyma_barnettii	Fungi	61262	accession_api
Maudiozyma_exigua	Fungi	34358	accession_api
Maudiozyma_humilis	Fungi	51915	accession_api
Maudiozyma_saulgeensis	Fungi	1789683	accession_api
Mayamaea_pseudoterrestris	Protists	2872254	accession_api
Meara_stichopi	Metazoa	84115	metazoa_metadata
Mecistocephalus_guildingii	Metazoa	126915	metazoa_metadata
Medicago_truncatula	angiosperms	3880	accession_api
Mediolabrus_comicus	Protists	2590921	accession_api
Megaceros_flagellaris	bryophytes	263821	name_search_full_name
Megacormus_gertschi	Metazoa	1843536	metazoa_metadata
Megadrilus_sp._A5911	Metazoa	1654982	metazoa_metadata
Megahexura_fulva	Metazoa	389833	metazoa_metadata
Megalops_cyprinoides	Metazoa	118141	accession_api
Meganyctiphanes_norvegica	Metazoa	48144	accession_api
Meghimatium_bilineatum	Metazoa	318265	accession_api
Meghimatium_fruhstorferi	Metazoa	414506	metazoa_metadata
Meiomenia_swedmarki	Metazoa	1500384	metazoa_metadata
Meira_miltonrushii	Fungi	1280837	accession_api
Melampsora_americana	Fungi	2182807	accession_api
Melampsora_larici-populina_98AG31	Fungi	747676	name_search_full_name
Melampsora_laricipopulina_98AG31	Fungi	747676	accession_api
Melanogaster_broomeanus	Fungi	2655010	accession_api
Melanomma_pulvis-pyrius_CBS_109.77	Fungi	1314802	name_search_full_name
Melanomma_pulvispyrius_CBS_109.77	Fungi	1314802	accession_api
Melanopsichium_pennsylvanicum	Fungi	63383	accession_api
Melastoma_candidum	angiosperms	119954	accession_api
Melia_azedarach	angiosperms	155640	accession_api
Melibe_leonina	Metazoa	76178	accession_api
Melinna_oculata	Metazoa	2716577	metazoa_metadata
Melocanna_baccifera	angiosperms	104005	accession_api
Menidia_menidia	Metazoa	238744	accession_api
Menneus_sp._RK-2018	Metazoa	2080916	metazoa_metadata
Menopon_gallinae	Metazoa	328185	accession_api
Mercurialis_annua	angiosperms	3986	accession_api
Meredithblackwellia_eburnea_MCA_4105	Fungi	1408158	accession_api
Meripilus_lineatus	Fungi	2056292	accession_api
Meristemomyces_frigidus	Fungi	1508187	accession_api
Mesobiotus_philippinicus	Metazoa	1867265	metazoa_metadata
Mesochaetopterus_minutus	Metazoa	1723709	metazoa_metadata
Mesodasys_laticaudatus	Metazoa	233130	metazoa_metadata
Mesostoma_lingua	Metazoa	99405	metazoa_metadata
Metaperipatus_inae	Metazoa	444703	metazoa_metadata
Metaphire_vulgaris	Metazoa	1196096	accession_api
Metaplax_longipes	Metazoa	1550546	metazoa_metadata
Metarhizium_acridum	Fungi	92637	accession_api
Metarhizium_album_ARSEF_1941	Fungi	1081103	accession_api
Metarhizium_anisopliae	Fungi	5530	accession_api
Metarhizium_brunneum	Fungi	500148	accession_api
Metarhizium_guizhouense_ARSEF_977	Fungi	1276136	accession_api
Metarhizium_humberi	Fungi	2596975	accession_api
Metarhizium_hybridum	Fungi	3151832	accession_api
Metarhizium_robertsii_ARSEF_23	Fungi	655844	accession_api
Metasiro_americanus	Metazoa	397056	metazoa_metadata
Metopograpsus_frontalis	Metazoa	1036996	metazoa_metadata
Metschnikowia_bicuspidata_var._bicuspidata_NRRL_YB-4993	Fungi	869754	name_search_full_name
Metschnikowia_bicuspidata_var._bicuspidata_NRRL_YB4993	Fungi	869754	accession_api
Meyerozyma_guilliermondii_ATCC_6260	Fungi	294746	accession_api
Micractinium_conductrix	chlorophyta	554055	accession_api
Micractinium_tetrahymenae	chlorophyta	2728915	accession_api
Microbotryum_saponariae	Fungi	289078	accession_api
Microcaecilia_unicolor	Metazoa	1415580	accession_api
Microdipoena_guttata	Metazoa	709022	metazoa_metadata
Microdochium_bolleyi	Fungi	196109	accession_api
Microdochium_majus	Fungi	647655	accession_api
Microdochium_nivale	Fungi	5520	accession_api
Microdochium_trichocladiopsis	Fungi	1682393	accession_api
Microhyla_fissipes	Metazoa	387934	metazoa_metadata
Micromenia_fodiens	Metazoa	669226	metazoa_metadata
Micromonas_commoda	chlorophyta	296587	accession_api
Micromonas_pusilla	chlorophyta	564608	accession_api
Microplana_groga	Metazoa	1520483	metazoa_metadata
Microplana_nana	Metazoa	69517	metazoa_metadata
Microplana_plurioculata	Metazoa	1820961	metazoa_metadata
Microplana_scharffi	Metazoa	391273	metazoa_metadata
Microplana_terrestris	Metazoa	138674	metazoa_metadata
Microsporum_canis_CBS_113480	Fungi	554155	accession_api
Microstomoeca_roanoka	Protists	1923864	name_search_full_name
Microstomum_lineare	Metazoa	52057	metazoa_metadata
Microstroma_glucosiphilum	Fungi	1684307	accession_api
Microthlaspi_erraticum	angiosperms	1685480	accession_api
Microthyrium_microscopicum	Fungi	703497	accession_api
Mikania_cordata	angiosperms	207834	accession_api
Mikania_micrantha	angiosperms	192012	accession_api
Mimosa_bimucronata	angiosperms	587864	accession_api
Minona_ileanae	Metazoa	60013	metazoa_metadata
Miscanthus_floridulus	angiosperms	154761	accession_api
Miscanthus_lutarioriparius	angiosperms	422564	accession_api
Mithraculus_sculptus	Metazoa	504429	metazoa_metadata
Mitosporidium_daphniae	Fungi	1485682	accession_api
Mixia_osmundae_IAM_14324	Fungi	764103	accession_api
Mizuhopecten_(Patinopecten)_yessoensis	Metazoa	6573	accession_api
Modicella_reniformis	Fungi	1440133	accession_api
Moelleriella_libera_RCEF_2490	Fungi	1081109	accession_api
Moesziomyces_antarcticus	Fungi	84753	accession_api
Moina_sp._MCZ_IZ_74079	Metazoa	1930661	metazoa_metadata
Mollisia_scopiformis	Fungi	149040	accession_api
Momordica_charantia	angiosperms	3673	accession_api
Monascus_purpureus	Fungi	5098	accession_api
Moneuplotes_crassus	Protists	5936	accession_api
Monilinia_fructicola	Fungi	38448	accession_api
Monilinia_fructigena	Fungi	38457	accession_api
Monilinia_laxa	Fungi	61186	accession_api
Monilinia_vaccinii-corymbosi	Fungi	61207	name_search_full_name
Monilinia_vacciniicorymbosi	Fungi	61207	accession_api
Moniliophthora_roreri	Fungi	221103	accession_api
Monodonta_labio	Metazoa	74046	metazoa_metadata
Monopterus_albus	Metazoa	43700	accession_api
Monoraphidium_minutum	chlorophyta	39955	accession_api
Monoraphidium_neglectum	chlorophyta	145388	accession_api
Monosiga_brevicollis	Protists	431895	accession_api
Monosporascus_cannonballus	Fungi	155416	accession_api
Monosporascus_ibericus	Fungi	155417	accession_api
Monosporozyma_servazzii	Fungi	27293	accession_api
Monosporozyma_unispora	Fungi	27294	accession_api
Mopalia_muscosa	Metazoa	256104	accession_api
Morbakka_virulenta	Metazoa	686327	accession_api
Morchella_americana	Fungi	1582323	accession_api
Morchella_anatolica	Fungi	1582322	accession_api
Morchella_angusticeps	Fungi	60347	accession_api
Morchella_arbutiphila	Fungi	1810715	accession_api
Morchella_brunnea	Fungi	1174671	accession_api
Morchella_diminutiva	Fungi	1174667	accession_api
Morchella_disparilis	Fungi	1810716	accession_api
Morchella_dunalii	Fungi	1582327	accession_api
Morchella_fluvialis	Fungi	1611433	accession_api
Morchella_hispaniolensis	Fungi	2382056	accession_api
Morchella_importuna	Fungi	1174673	accession_api
Morchella_kakiicolor	Fungi	2715921	accession_api
Morchella_norvegiensis	Fungi	1582341	accession_api
Morchella_populiphila	Fungi	1174669	accession_api
Morchella_prava	Fungi	1174674	accession_api
Morchella_pulchella	Fungi	1579549	accession_api
Morchella_punctipes	Fungi	743780	accession_api
Morchella_sextelata	Fungi	1174677	accession_api
Morchella_snyderi	Fungi	1174678	accession_api
Morchella_steppicola	Fungi	743781	accession_api
Morella_rubra	angiosperms	262757	accession_api
Morlockia_williamsi	Metazoa	1017258	metazoa_metadata
Mortierella_alpina	Fungi	64518	accession_api
Mortierella_antarctica	Fungi	979670	accession_api
Mortierella_claussenii	Fungi	1343614	accession_api
Mortierella_hygrophila	Fungi	979708	accession_api
Mortierella_polycephala	Fungi	41804	accession_api
Morus_notabilis	angiosperms	981085	accession_api
Mourgona_sp.5	Metazoa	2916548	metazoa_metadata
Mrakia_frigida	Fungi	29902	accession_api
Mucidula_mucida	Fungi	139077	accession_api
Mucor_ambiguus	Fungi	91626	accession_api
Mucor_atramentarius	Fungi	2021224	accession_api
Mucor_bainieri	Fungi	1095379	accession_api
Mucor_circinelloides	Fungi	36080	accession_api
Mucor_flavus	Fungi	439312	accession_api
Mucor_fragilis	Fungi	64491	accession_api
Mucor_hiemalis	Fungi	64493	accession_api
Mucor_lusitanicus	Fungi	29924	accession_api
Mucor_mucedo	Fungi	29922	accession_api
Mucor_plumbeus	Fungi	97098	accession_api
Mucor_saturninus	Fungi	64648	accession_api
Mucor_velutinosus	Fungi	708070	accession_api
Multifurca_ochricompacta	Fungi	376703	accession_api
Mus_musculus	Metazoa	10090	accession_api
Musa_acuminata	angiosperms	214697	accession_api
Musa_balbisiana	angiosperms	52838	accession_api
Musa_banksii	angiosperms	213591	accession_api
Musa_textilis	angiosperms	228183	accession_api
Musa_troglodytarum	angiosperms	320322	accession_api
Mya_arenaria	Metazoa	6604	accession_api
Mycena_albidolilacea	Fungi	1033008	accession_api
Mycena_alexandri	Fungi	1745969	accession_api
Mycena_amicta	Fungi	380012	accession_api
Mycena_belliarum	Fungi	1033014	accession_api
Mycena_capillaripes	Fungi	230804	accession_api
Mycena_chlorophos	Fungi	658473	accession_api
Mycena_citricolor	Fungi	2018698	accession_api
Mycena_crocata	Fungi	220801	accession_api
Mycena_epipterygia	Fungi	230806	accession_api
Mycena_filopes	Fungi	858877	accession_api
Mycena_floridula	Fungi	1033242	accession_api
Mycena_galopus_ATCC_62051	Fungi	1314675	accession_api
Mycena_haematopus	Fungi	230807	accession_api
Mycena_indigotica	Fungi	2126181	accession_api
Mycena_kentingensis_(nom._inval.)	Fungi	1325293	accession_api
Mycena_latifolia	Fungi	1033247	accession_api
Mycena_leptocephala	Fungi	230808	accession_api
Mycena_maculata	Fungi	230809	accession_api
Mycena_metata	Fungi	1033252	accession_api
Mycena_olivaceomarginata	Fungi	230810	accession_api
Mycena_polygramma	Fungi	230801	accession_api
Mycena_pura	Fungi	153505	accession_api
Mycena_rebaudengoi	Fungi	1045383	accession_api
Mycena_rosella	Fungi	1033263	accession_api
Mycena_sanguinolenta	Fungi	230812	accession_api
Mycena_venus	Fungi	2733690	accession_api
Mycena_vitilis	Fungi	1033281	accession_api
Mycena_vulgaris	Fungi	1033282	accession_api
Mycoblastus_sanguinarius	Fungi	312200	accession_api
Mycoemilia_scoparia	Fungi	417184	accession_api
Mycosarcoma_maydis	Fungi	5270	accession_api
Mycothermus_thermophilus	Fungi	85995	accession_api
Mycotypha_africana	Fungi	64632	accession_api
Mylnosiga_fluctuans	Protists	1928486	name_search_full_name
Myriangium_duriaei_CBS_260.36	Fungi	1168546	accession_api
Myriochele_heeri	Metazoa	1977846	metazoa_metadata
Myripristis_murdjan	Metazoa	586833	accession_api
Myrmecia_bisecta	chlorophyta	41462	accession_api
Myrothamnus_flabellifolius	angiosperms	83223	accession_api
Mysmena_leichhardti	Metazoa	926011	metazoa_metadata
Mytilinidion_resinicola	Fungi	574789	accession_api
Mytilus_unguiculatus	Metazoa	42192	accession_api
Myxicola_infundibulum	Metazoa	76264	metazoa_metadata
Myxozyma_melibiosi	Fungi	54550	accession_api
Nadsonia_fulvescens_var._elongata_DSM_6958	Fungi	857566	accession_api
Naematelia_encephala	Fungi	71784	accession_api
Naganishia_cerealis	Fungi	610337	accession_api
Naganishia_friedmannii	Fungi	89922	accession_api
Naganishia_liquefaciens	Fungi	104408	accession_api
Naganishia_onofrii	Fungi	1851511	accession_api
Naganishia_vaughanmartiniae	Fungi	1424756	accession_api
Naineris_dendritica	Metazoa	273009	metazoa_metadata
Nakaseomyces_bracarensis	Fungi	273131	accession_api
Nakaseomyces_glabratus	Fungi	5478	accession_api
Nannizzia_gypsea_CBS_118893	Fungi	535722	accession_api
Nannochloropsis_gaditana_CCMP526	Protists	1093141	accession_api
Nannochloropsis_salina_CCMP1776	Protists	1027361	accession_api
Nasonia_vitripennis	Metazoa	7425	accession_api
Naumovozyma_castellii	Fungi	27288	accession_api
Naumovozyma_dairenensis_CBS_421	Fungi	1071378	accession_api
Nautilus_pompilius	Metazoa	34573	accession_api
Nebalia_bipes	Metazoa	1032909	metazoa_metadata
Nectonema_munidae	Metazoa	2528854	accession_api
Neltuma_alba	angiosperms	207710	accession_api
Nelumbo_nucifera	angiosperms	4432	accession_api
Nemania_abortiva	Fungi	561989	accession_api
Nemania_bipapillata	Fungi	110536	accession_api
Nemania_serpens	Fungi	109381	accession_api
Nemastomella_dubia	Metazoa	43287	metazoa_metadata
Nematocida_ausubeli	Fungi	1913371	accession_api
Nematocida_displodere	Fungi	1805483	accession_api
Nematocida_homosporus	Fungi	1912981	accession_api
Nematocida_major	Fungi	1912982	accession_api
Nematocida_minor	Fungi	1912983	accession_api
Nematocida_parisii_ERTm1	Fungi	881290	accession_api
Nematolebias_whitei	Metazoa	451745	accession_api
Nematoplana_coelogynoporoides	Metazoa	66743	metazoa_metadata
Nematostella_vectensis	Metazoa	45351	accession_api
Nemertoderma_westbladi	Metazoa	172109	accession_api
Nemophora_degeerella	Metazoa	233164	metazoa_metadata
Neoamphitrite_robusta	Metazoa	868091	metazoa_metadata
Neoarthrinium_moseri	Fungi	1658444	accession_api
Neocallimastix_californiae	Fungi	1754190	accession_api
Neocallimastix_lanati_(nom._inval.)	Fungi	2767002	accession_api
Neocaridina_davidi	Metazoa	1592667	metazoa_metadata
Neocaridina_denticulata	Metazoa	274642	accession_api
Neocarus_sp._MCZ_IZ_162194	Metazoa	2900495	metazoa_metadata
Neochildia_fusca	Metazoa	66402	metazoa_metadata
Neoconidiobolus_thromboides_FSU_785	Fungi	1314799	accession_api
Neocucurbitaria_cava	Fungi	798079	accession_api
Neodothiora_populina	Fungi	2781224	accession_api
Neofusicoccum_ribis	Fungi	45134	accession_api
Neohortaea_acidophila	Fungi	245834	accession_api
Neolecta_irregularis_DAH-3	Fungi	1198029	name_search_full_name
Neolecta_irregularis_DAH3	Fungi	1198029	accession_api
Neolentinus_lepideus_HHB14362_ss-1	Fungi	1314782	name_search_full_name
Neolentinus_lepideus_HHB14362_ss1	Fungi	1314782	accession_api
Neonectria_magnoliae	Fungi	2732573	accession_api
Neonectria_punicea	Fungi	979145	accession_api
Neopestalotiopsis_clavispora	Fungi	289240	accession_api
Neophaeococcomyces_mojaviensis	Fungi	3383035	accession_api
Neophaeotheca_triangularis	Fungi	92988	accession_api
Neosarmatium_indicum	Metazoa	2870673	metazoa_metadata
Neoscona_arabesca	Metazoa	336594	metazoa_metadata
Neospora_caninum_Liverpool	Protists	29176	accession_api
Nepenthes_gracilis	angiosperms	150966	accession_api
Nephroselmis_pyriformis	chlorophyta	156128	name_search_full_name
Nephtys_sp._ET-2021	Metazoa	2863093	metazoa_metadata
Nerita_albicilla	Metazoa	52928	metazoa_metadata
Neritina_pulligera	Metazoa	537799	metazoa_metadata
Neurospora_crassa_OR74A	Fungi	367110	accession_api
Neurospora_hispaniola	Fungi	588809	accession_api
Neurospora_tetrasperma_FGSC_2508	Fungi	510951	accession_api
Neurospora_tetraspora	Fungi	94610	accession_api
Newportia_adisi	Metazoa	1418190	metazoa_metadata
Nicodamidae_sp._2_RK-2018	Metazoa	2080922	metazoa_metadata
Nicotiana_attenuata	angiosperms	49451	accession_api
Nicotiana_benthamiana	angiosperms	4100	name_search_full_name
Nicotiana_sylvestris	angiosperms	4096	accession_api
Nicotiana_tabacum	angiosperms	4097	accession_api
Nicotiana_tomentosiformis	angiosperms	4098	accession_api
Nilaparvata_lugens	Metazoa	108931	accession_api
Ninoe_nigripes	Metazoa	318790	metazoa_metadata
Niphargus_hrabei	Metazoa	556197	metazoa_metadata
Niphotrichum_japonicum	bryophytes	254109	name_search_full_name
Niponia_nodulosa	Metazoa	1325555	metazoa_metadata
Nipponacmea_fuscoviridis	Metazoa	225302	metazoa_metadata
Nipponentomon_nippon	Metazoa	1314697	metazoa_metadata
Nitzschia_inconspicua	Protists	303405	accession_api
Niveomyces_insectorum_RCEF_264	Fungi	1081102	accession_api
Noccaea_brachypetala	angiosperms	1520948	accession_api
Noccaea_rotundifolia	angiosperms	1230357	accession_api
Norana_najaformis	Metazoa	991102	accession_api
Nosema_bombycis_CQ1	Fungi	578461	accession_api
Nosema_granulosis	Fungi	83296	accession_api
Nothophoma_quercina	Fungi	749835	accession_api
Nothrus_palustris	Metazoa	198293	accession_api
Notiphilides_grandis	Metazoa	1816494	metazoa_metadata
Notodromas_monacha	Metazoa	399045	accession_api
Notospermus_geniculatus	Metazoa	416868	accession_api
Notostira_elongata	Metazoa	537464	metazoa_metadata
Notothylas_orbicularis	bryophytes	93617	name_search_full_name
Novanapis_sp._RK-2018	Metazoa	2080923	metazoa_metadata
Novocrania_anomala	Metazoa	317945	metazoa_metadata
Nuclearia_delicatula	Metazoa	154968	metazoa_metadata
Nucleospora_cyclopteri	Fungi	1300064	accession_api
Nucula_tumidula	Metazoa	437803	metazoa_metadata
Nuttallochiton_mirandus	Metazoa	256062	metazoa_metadata
Nylanderia_fulva	Metazoa	613905	accession_api
Nymphaea_colorata	angiosperms	210225	accession_api
Nymphaea_thermarum	angiosperms	419125	accession_api
Nymphon_gracile	Metazoa	136195	metazoa_metadata
Nymphon_molleri	Metazoa	2138377	metazoa_metadata
Nyssa_sinensis	angiosperms	561372	accession_api
Oasisia_alvinae	Metazoa	53619	metazoa_metadata
Obama_braunsi	Metazoa	1336527	metazoa_metadata
Obama_carinata	Metazoa	1336530	metazoa_metadata
Obama_nungara	Metazoa	1826298	metazoa_metadata
Obba_rivulosa	Fungi	1052685	accession_api
Obelidium_mucronatum	Fungi	110081	accession_api
Occasjapyx_japonicus	Metazoa	289462	metazoa_metadata
Occiperipatoides_gilesii	Metazoa	1454325	metazoa_metadata
Ochyrocera_sp._RK-2018	Metazoa	2080925	metazoa_metadata
Octopoteuthis_deletron	Metazoa	1582096	metazoa_metadata
Octopus_bimaculoides	Metazoa	37653	accession_api
Octopus_sinensis	Metazoa	2607531	accession_api
Octostigma_sinensis	Metazoa	211997	metazoa_metadata
Oculimacula_yallundae	Fungi	86028	accession_api
Ocypode_ceratophthalmus	Metazoa	373423	metazoa_metadata
Oecobius_cellariorum	Metazoa	198414	metazoa_metadata
Ogataea_angusta	Fungi	870730	accession_api
Ogataea_haglerorum	Fungi	1937702	accession_api
Ogataea_parapolymorpha_DL-1	Fungi	871575	name_search_full_name
Ogataea_parapolymorpha_DL1	Fungi	871575	accession_api
Ogataea_philodendri	Fungi	1378263	accession_api
Ogataea_polymorpha	Fungi	460523	accession_api
Oidiodendron_maius_Zn	Fungi	913774	accession_api
Oikopleura_dioica	Metazoa	34765	accession_api
Olavius_sp._CE14538	Metazoa	2562122	metazoa_metadata
Oldenlandia_corymbosa	angiosperms	529605	accession_api
Olea_europaea	angiosperms	158386	accession_api
Olea_hansineensis	Metazoa	1522364	metazoa_metadata
Oleoguttula_mirabilis	Fungi	1507867	accession_api
Olpidium_bornovanus	Fungi	278681	accession_api
Olyra_latifolia	angiosperms	38716	accession_api
Onchidella_floridana	Metazoa	259645	metazoa_metadata
Onchidium_reevesii	Metazoa	2547651	metazoa_metadata
Onchidium_verrucosum	Metazoa	259646	metazoa_metadata
Oncomelania_hupensis	Metazoa	56141	accession_api
Onthophagus_taurus	Metazoa	166361	accession_api
Onychoteuthis_banksii	Metazoa	392296	metazoa_metadata
Oopsacas_minuta	Metazoa	111878	accession_api
Ophelina_acuminata	Metazoa	190468	metazoa_metadata
Ophidiomyces_ophidiicola	Fungi	1387563	accession_api
Ophiobolus_disseminans	Fungi	1469910	accession_api
Ophiocordyceps_australis	Fungi	1399860	accession_api
Ophiocordyceps_camponoti-floridani	Fungi	2030778	name_search_full_name
Ophiocordyceps_camponoti-leonardi_(nom._inval.)	Fungi		unresolved
Ophiocordyceps_camponoti-rufipedis	Fungi	2004952	name_search_full_name
Ophiocordyceps_camponoti-saundersi_(nom._inval.)	Fungi		unresolved
Ophiocordyceps_camponotifloridani	Fungi	2030778	accession_api
Ophiocordyceps_camponotirufipedis	Fungi	2004952	accession_api
Ophiocordyceps_polyrhachis-furcata_BCC_54312	Fungi	1330021	name_search_full_name
Ophiocordyceps_polyrhachisfurcata_BCC_54312	Fungi	1330021	accession_api
Ophiocordyceps_sinensis	Fungi	72228	accession_api
Ophiocordyceps_unilateralis	Fungi	268505	accession_api
Ophryotrocha_xiamen	Metazoa	2741705	metazoa_metadata
Opilioacaridae_sp._CSL-2018	Metazoa	2480684	metazoa_metadata
Opilioacarus_texanus	Metazoa	91343	metazoa_metadata
Opisthopatus_kwazululandi	Metazoa	2448284	metazoa_metadata
Opopaea_sp._RK-2018	Metazoa	2080926	metazoa_metadata
Oratosquilla_oratoria	Metazoa	337810	accession_api
Orbilia_blumenaviensis	Fungi	1796055	accession_api
Orbilia_brochopaga	Fungi	3140254	accession_api
Orbilia_ellipsospora	Fungi	2528407	accession_api
Orbilia_javanica	Fungi	47235	accession_api
Orbilia_oligospora_ATCC_24927	Fungi	756982	accession_api
Orchesella_cincta	Metazoa	48709	accession_api
Orchestia_grillus	Metazoa	1859082	accession_api
Ordospora_colligata_OC4	Fungi	1354746	accession_api
Ordospora_pajunii	Fungi	3039483	accession_api
Ornithodoros_rostratus	Metazoa	360320	metazoa_metadata
Ornithorhynchus_anatinus	Metazoa	9258	accession_api
Orobanche_gracilis	angiosperms	223107	accession_api
Orobanche_minor	angiosperms	36748	accession_api
Orsolobidae_sp._RK-2018	Metazoa	2080927	metazoa_metadata
Oryza_brachyantha	angiosperms	4533	accession_api
Oryza_glaberrima	angiosperms	4538	accession_api
Oryza_sativa	angiosperms	39947	accession_api
Oscheius_tipulae	Metazoa	141969	accession_api
Osedax_frankpressi	Metazoa	283776	accession_api
Ostrea_edulis	Metazoa	37623	accession_api
Ostreobium_quekettii	chlorophyta	121088	accession_api
Ostreococcus_lucimarinus	chlorophyta	436017	accession_api
Ostreococcus_tauri	chlorophyta	70448	accession_api
Otatea_glauca	angiosperms	464970	accession_api
Owenia_fusiformis	Metazoa	6347	accession_api
Oxalis_oulophora	angiosperms	53806	accession_api
Oxystele_tabularis	Metazoa	336183	metazoa_metadata
Oxytricha_trifallax	Protists	1172189	accession_api
Ozestheria_pilosa	Metazoa	1930649	metazoa_metadata
Ozestheria_rubra	Metazoa	1897130	metazoa_metadata
Pachygrapsus_marmoratus	Metazoa	135190	metazoa_metadata
Pachysolen_tannophilus_NRRL_Y-2460	Fungi	669874	name_search_full_name
Pachysolen_tannophilus_NRRL_Y2460	Fungi	669874	accession_api
Paecilomyces_variotii	Fungi	264951	accession_api
Pallenella_flava	Metazoa	2138384	metazoa_metadata
Palmaria_palmata	Rhodophyta	2822	name_search_full_name
Panaeolus_cyanescens	Fungi	181874	accession_api
Panaeolus_papilionaceus	Fungi	330517	accession_api
Panagrellus_redivivus	Metazoa	6233	accession_api
Pancytospora_epiphaga	Fungi	1938578	accession_api
Pancytospora_philotis	Fungi	1923975	accession_api
Pandinus_imperator	Metazoa	55084	metazoa_metadata
Panicum_hallii	angiosperms	206008	accession_api
Panicum_virgatum	angiosperms	38727	accession_api
Panonychus_citri	Metazoa	50023	accession_api
Panulirus_ornatus	Metazoa	150431	accession_api
Panus_rudis_PR-1116_ss-1	Fungi	1314784	name_search_full_name
Panus_rudis_PR1116_ss1	Fungi	1314784	accession_api
Papaver_armeniacum	angiosperms	357465	accession_api
Papaver_atlanticum	angiosperms	357466	accession_api
Papaver_bracteatum	angiosperms	215227	accession_api
Papaver_californicum	angiosperms	74822	accession_api
Papaver_nudicaule	angiosperms	74823	accession_api
Papaver_somniferum	angiosperms	3469	accession_api
Papiliotrema_laurentii	Fungi	5418	accession_api
Paracentrophyes_quadridentatus	Metazoa	1564076	metazoa_metadata
Parachaetomium_inaequale	Fungi	2588326	accession_api
Parachelifer_persimilis	Metazoa	2590497	metazoa_metadata
Parachlorella_kessleri	chlorophyta	3074	accession_api
Paracoccidioides_brasiliensis_Pb18	Fungi	502780	accession_api
Paracoccidioides_lutzii_Pb01	Fungi	502779	accession_api
Paraescarpia_echinospica	Metazoa	2080241	accession_api
Paraglomus_brasilianum	Fungi	144538	accession_api
Paraglomus_occultum	Fungi	144539	accession_api
Paragordius_varius	Metazoa	190579	accession_api
Parahya_submersa	Metazoa	534673	metazoa_metadata
Parahypoxylon_ruwenzoriense	Fungi	3127341	accession_api
Parajaminaea_phylloscopi	Fungi	1463510	accession_api
Paralamyctes_validus	Metazoa	126942	metazoa_metadata
Paralimnadia_urukhai	Metazoa	1747217	metazoa_metadata
Paralithodes_camtschaticus	Metazoa	6741	accession_api
Paramacrobiotus_metropolitanus	Metazoa	2943436	accession_api
Paramacrobiotus_richtersi	Metazoa	697321	accession_api
Paramarasmius_palmivorus	Fungi	297713	accession_api
Paramarteilia_canceri	Protists	2844372	accession_api
Paramatachia_sp._RK-2018	Metazoa	2080958	metazoa_metadata
Paramecium_bursaria	Protists	74790	accession_api
Paramecium_sonneborni	Protists	65129	accession_api
Paramecium_tetraurelia	Protists	5888	accession_api
Paramicrosporidium_saccamoebae	Fungi	1246581	accession_api
Paramyrothecium_foliicola	Fungi	1859967	accession_api
Paranais_sp._DSW-2020	Metazoa	2705234	metazoa_metadata
Paraphaeosphaeria_minitans	Fungi	565426	accession_api
Paraphaeosphaeria_sporulosa	Fungi	1460663	accession_api
Paraphoma_chrysanthemicola	Fungi	798071	accession_api
Paraphymatoceros_pearsonii	bryophytes	319835	name_search_full_name
Paraphysoderma_sedebokerense	Fungi	1500003	accession_api
Paraplatyarthrus_subterraneus	Metazoa	1778624	metazoa_metadata
Parapristionchus_giblindavisi	Metazoa	1187980	accession_api
Pararchaea_alba	Metazoa	1654964	metazoa_metadata
Parasagitta_elegans	Metazoa	1562708	metazoa_metadata
Parasagitta_setosa	Metazoa	366441	metazoa_metadata
Parascedosporium_putredinis	Fungi	1442378	accession_api
Parasergestes_armatus	Metazoa	2283577	metazoa_metadata
Parasesarma_affine	Metazoa	1550548	metazoa_metadata
Parasitella_parasitica	Fungi	35722	accession_api
Paraspadella_gotoi	Metazoa	34758	accession_api
Parasponia_andersonii	angiosperms	3476	accession_api
Parastagonospora_nodorum_SN15	Fungi	321614	accession_api
Parasteatoda_tepidariorum	Metazoa	114398	accession_api
Parathielavia_appendiculata	Fungi	2587402	accession_api
Parathielavia_hyrcaniae	Fungi	113614	accession_api
Paratomella_rubra	Metazoa	90914	metazoa_metadata
Paratya_australiensis	Metazoa	159741	metazoa_metadata
Parergodrilus_heideri	Metazoa	152569	metazoa_metadata
Pareurythoe_californica	Metazoa	1633897	metazoa_metadata
Parhyale_hawaiensis	Metazoa	317513	accession_api
Parides_eurimedes	Metazoa	299019	metazoa_metadata
Paruroctonus_baergi	Metazoa	1897136	metazoa_metadata
Parvidrilus_meyssonnieri	Metazoa	1171980	metazoa_metadata
Parvularia_atlantis	Protists	1993908	name_search_full_name
Patella_ulyssiponensis	Metazoa	334708	accession_api
Patellaria_atrata_CBS_101060	Fungi	1346257	accession_api
Patelloida_saccharina	Metazoa	72694	metazoa_metadata
Pauropus_huxleyi	Metazoa	2043368	metazoa_metadata
Paxillus_ammoniavirescens	Fungi	1132860	accession_api
Paxillus_involutus_ATCC_200175	Fungi	664439	accession_api
Paxillus_rubicundulus_Ve08.2h10	Fungi	930991	accession_api
Pecten_maximus	Metazoa	6579	accession_api
Pectinatella_magnifica	Metazoa	350071	metazoa_metadata
Pedicellina_cernua	Metazoa	43123	metazoa_metadata
Pediculus_humanus	Metazoa	121224	accession_api
Pelagomonas_calceolata	Protists	35677	accession_api
Pellobunus_sp._RF-2017	Metazoa	1955543	metazoa_metadata
Pelodrilus_sp._HAPS2	Metazoa	1963180	metazoa_metadata
Peltaster_fructicola	Fungi	286661	accession_api
Peltigera_leucophlebia	Fungi	52883	accession_api
Penaeus_monodon	Metazoa	6687	accession_api
Penaeus_vannamei	Metazoa	6689	accession_api
Penicilliopsis_zonata_CBS_506.65	Fungi	1073090	accession_api
Penicillium_alfredii	Fungi	1506179	accession_api
Penicillium_angulare	Fungi	116970	accession_api
Penicillium_antarcticum	Fungi	416450	accession_api
Penicillium_argentinense	Fungi	1131581	accession_api
Penicillium_arizonense	Fungi	1835702	accession_api
Penicillium_atrosanguineum	Fungi	1132637	accession_api
Penicillium_bovifimosum	Fungi	126998	accession_api
Penicillium_brasilianum	Fungi	104259	accession_api
Penicillium_brevicompactum	Fungi	5074	accession_api
Penicillium_canariense	Fungi	189055	accession_api
Penicillium_canescens	Fungi	5083	accession_api
Penicillium_capsulatum	Fungi	69766	accession_api
Penicillium_cataractarum	Fungi	2100454	accession_api
Penicillium_chermesinum	Fungi	63820	accession_api
Penicillium_chrysogenum	Fungi	5076	accession_api
Penicillium_cinerascens	Fungi	70096	accession_api
Penicillium_citrinum	Fungi	5077	accession_api
Penicillium_concentricum	Fungi	293559	accession_api
Penicillium_coprophilum	Fungi	36646	accession_api
Penicillium_cosmopolitanum	Fungi	1131564	accession_api
Penicillium_crustosum	Fungi	36656	accession_api
Penicillium_daleae	Fungi	63821	accession_api
Penicillium_desertorum	Fungi	1303715	accession_api
Penicillium_diatomitis	Fungi	2819901	accession_api
Penicillium_digitatum	Fungi	36651	accession_api
Penicillium_discolor	Fungi	74830	accession_api
Penicillium_egyptiacum	Fungi	1303716	accession_api
Penicillium_expansum	Fungi	27334	accession_api
Penicillium_fimorum	Fungi	1882269	accession_api
Penicillium_flavigenum	Fungi	254877	accession_api
Penicillium_freii	Fungi	48697	accession_api
Penicillium_frequentans	Fungi	3151616	accession_api
Penicillium_glandicola	Fungi	197659	accession_api
Penicillium_griseofulvum	Fungi	5078	accession_api
Penicillium_hetheringtonii	Fungi	911720	accession_api
Penicillium_hispanicum	Fungi	1080232	accession_api
Penicillium_hordei	Fungi	40994	accession_api
Penicillium_lagena	Fungi	94218	accession_api
Penicillium_lividum	Fungi	70099	accession_api
Penicillium_longicatenatum	Fungi	1561947	accession_api
Penicillium_maclennaniae	Fungi	1343394	accession_api
Penicillium_macrosclerotiorum	Fungi	303699	accession_api
Penicillium_majusculum	Fungi	2972122	accession_api
Penicillium_malachiteum	Fungi	1324776	accession_api
Penicillium_manginii	Fungi	203109	accession_api
Penicillium_mononematosum	Fungi	268346	accession_api
Penicillium_nalgiovense	Fungi	60175	accession_api
Penicillium_nucicola	Fungi	1850975	accession_api
Penicillium_occitanis_(nom._inval.)	Fungi	290292	accession_api
Penicillium_odoratum	Fungi	1167516	accession_api
Penicillium_olsonii	Fungi	99116	accession_api
Penicillium_oxalicum	Fungi	69781	accession_api
Penicillium_pancosmium	Fungi	1131562	accession_api
Penicillium_paradoxum	Fungi	176176	accession_api
Penicillium_psychrofluorescens	Fungi	3158075	accession_api
Penicillium_psychrosexuale	Fungi	1002107	accession_api
Penicillium_pulvis	Fungi	1562058	accession_api
Penicillium_riverlandense	Fungi	1903569	accession_api
Penicillium_robsamsonii	Fungi	1792511	accession_api
Penicillium_rolfsii	Fungi	69785	accession_api
Penicillium_roqueforti	Fungi	5082	accession_api
Penicillium_rubens	Fungi	1108849	accession_api
Penicillium_salamii	Fungi	1612424	accession_api
Penicillium_samsonianum	Fungi	1882272	accession_api
Penicillium_solitum	Fungi	60172	accession_api
Penicillium_soppii	Fungi	69789	accession_api
Penicillium_subrubescens	Fungi	1316194	accession_api
Penicillium_tannophilum	Fungi	2972123	accession_api
Penicillium_taxi	Fungi	168475	accession_api
Penicillium_thymicola	Fungi	293382	accession_api
Penicillium_ucsense	Fungi	2839758	accession_api
Penicillium_verhagenii	Fungi	1562060	accession_api
Penicillium_verrucosum	Fungi	60171	accession_api
Penicillium_viridicatum	Fungi	60134	accession_api
Penicillium_vulpinum	Fungi	29845	accession_api
Penicillium_waksmanii	Fungi	69791	accession_api
Penstemon_davidsonii	angiosperms	160366	accession_api
Penstemon_smallii	angiosperms	265156	accession_api
Periconia_digitata	Fungi	1303443	accession_api
Periconia_macrospinosa	Fungi	97972	accession_api
Perinereis_aibuhitensis	Metazoa	126650	metazoa_metadata
Periophthalmus_magnuspinnatus	Metazoa	409849	accession_api
Peripatidae_sp._Panama_MCZ_IZ_141128_/_Epiperipatus_bernali	Metazoa	2806636	metazoa_metadata
Peripatopsis_bolandi	Metazoa	2448286	metazoa_metadata
Peripatus_(Epiperipatus)_solorzanoi	Metazoa	1633879	metazoa_metadata
Periplaneta_americana	Metazoa	6978	accession_api
Perkinsus_chesapeaki	Protists	330153	accession_api
Perkinsus_marinus_ATCC_50983	Protists	423536	accession_api
Perkinsus_olseni	Protists	32597	accession_api
Peronosclerospora_sorghi	Protists	230839	accession_api
Peronospora_belbahrii	Protists	622444	accession_api
Peronospora_effusa	Protists	542832	accession_api
Peronospora_farinosa	Protists	134698	accession_api
Persea_americana	angiosperms	3435	accession_api
Pestalotiopsis_fici_W106-1	Fungi	1229662	name_search_full_name
Pestalotiopsis_fici_W1061	Fungi	1229662	accession_api
Petrobunus_schwendingeri	Metazoa	1007617	metazoa_metadata
Petrolisthes_lamarckii	Metazoa	2545256	metazoa_metadata
Petromyzon_marinus	Metazoa	7757	accession_api
Petunia_x_hybrida	angiosperms	4102	accession_api
Peziza_echinospora	Fungi	61495	accession_api
Phaeoacremonium_minimum_UCRPA7	Fungi	1286976	accession_api
Phaeoceros_carolinianus	bryophytes	185665	name_search_full_name
Phaeodactylum_tricornutum_CCAP_1055/1	Protists	556484	name_search_full_name
Phaeomegaceros_chiloensis	bryophytes	249525	name_search_full_name
Phaeomoniella_chlamydospora	Fungi	158046	accession_api
Phaeothamnion_confervicola	Protists	77034	accession_api
Phagocata_gracilis	Metazoa	1354672	metazoa_metadata
Phagocata_morgani	Metazoa	1820202	metazoa_metadata
Phagocata_velata	Metazoa	1969971	metazoa_metadata
Phagodrilus_sp._DSW-2020	Metazoa	2705235	metazoa_metadata
Phalaenopsis_equestris	angiosperms	78828	accession_api
Phalangium_opilio	Metazoa	118624	accession_api
Phallomedusa_solida	Metazoa	929610	metazoa_metadata
Phanerochaete_carnosa_HHB-10118-sp	Fungi	650164	name_search_full_name
Phanerochaete_carnosa_HHB10118sp	Fungi	650164	accession_api
Phanerochaete_sordida	Fungi	48140	accession_api
Phascolomyces_articulosus	Fungi	60185	accession_api
Phascolopsis_gouldii	Metazoa	6442	metazoa_metadata
Phascolosoma_agassizii	Metazoa	360543	accession_api
Phascolosoma_granulatum	Metazoa	41797	metazoa_metadata
Phaseolus_coccineus	angiosperms	3886	accession_api
Phaseolus_vulgaris	angiosperms	3885	accession_api
Phasianella_ventricosa	Metazoa	335755	metazoa_metadata
Phellinidium_pouzarii	Fungi	167371	accession_api
Phellopilus_nigrolimitatus	Fungi	127956	accession_api
Phenoliferia_psychrophenolica	Fungi	418498	accession_api
Phialemonium_atrogriseum	Fungi	1093897	accession_api
Phialemonium_thermophilum	Fungi	223376	accession_api
Phialocephala_subalpina	Fungi	576137	accession_api
Phialophora_macrospora	Fungi	1851006	accession_api
Phlebia_brevispora	Fungi	194682	accession_api
Phlebiopsis_gigantea_11061_1_CR5-6	Fungi	745531	name_search_full_name
Phlebiopsis_gigantea_11061_1_CR56	Fungi	745531	accession_api
Phlegmacium_glaucopus	Fungi	171480	accession_api
Phlomoides_rotata	angiosperms	572115	accession_api
Phlyctema_vagabunda	Fungi	108571	accession_api
Phlyctochytrium_arcticum	Fungi	1117335	accession_api
Phlyctochytrium_bullatum	Fungi	1352834	accession_api
Phlyctochytrium_planicorne	Fungi	261098	accession_api
Phoenix_dactylifera	angiosperms	42345	accession_api
Pholcus_manueli	Metazoa	393849	metazoa_metadata
Pholiota_conissans	Fungi	109636	accession_api
Pholiota_molesta	Fungi	2066989	accession_api
Pholoe_baltica	Metazoa	318818	metazoa_metadata
Phorcus_turbinatus	Metazoa	43341	accession_api
Phoronis_australis	Metazoa	115415	accession_api
Phoronis_ijimai	Metazoa	672013	metazoa_metadata
Phoronis_psammophila	Metazoa	67897	metazoa_metadata
Phoronopsis_harmeri	Metazoa	490051	metazoa_metadata
Photeros_annecohenae	Metazoa	2696923	metazoa_metadata
Photinus_pyralis	Metazoa	7054	accession_api
Phoxichilidium_cf._femoratum_JB-2020	Metazoa	2792819	metazoa_metadata
Phragmites_australis	angiosperms	29695	accession_api
Phreodrilidae_sp._A_DSW-2020	Metazoa	2705236	metazoa_metadata
Phreodrilidae_sp._C_DSW-2020	Metazoa	2705238	metazoa_metadata
Phrynus_marginemaculatus	Metazoa	118542	metazoa_metadata
Phtheirospermum_japonicum	angiosperms	374723	accession_api
Phycomyces_blakesleeanus_NRRL_1555(-)	Fungi	763407	name_search_full_name
Phyllachora_maydis	Fungi	1825666	accession_api
Phylliroe_bucephala	Metazoa	1903125	metazoa_metadata
Phylliscum_demangeonii	Fungi	318774	accession_api
Phyllochaetopterus_sp._KMH-2014	Metazoa	1490214	metazoa_metadata
Phyllodoce_medipapillata	Metazoa	868040	accession_api
Phyllostachys_edulis	angiosperms	38705	accession_api
Phyllosticta_capitalensis	Fungi	121624	accession_api
Phyllosticta_citriasiana	Fungi	595635	accession_api
Phyllosticta_citribraziliensis	Fungi	989973	accession_api
Phyllosticta_citricarpa	Fungi	55181	accession_api
Phyllosticta_citrichinensis	Fungi	1130410	accession_api
Phyllosticta_paracitricarpa	Fungi	2016321	accession_api
Phymatoceros_phymatodes	bryophytes	405425	name_search_full_name
Physcia_stellaris	Fungi	116821	accession_api
Physcomitrium_patens	bryophytes	3218	accession_api
Physella_acuta	Metazoa	109671	accession_api
Physocladia_obscura	Fungi	109957	accession_api
Phytophthora_aleatoria	Protists	2496075	accession_api
Phytophthora_cinnamomi	Protists	4785	accession_api
Phytophthora_citrophthora	Protists	4793	accession_api
Phytophthora_fragariaefolia	Protists	1490495	accession_api
Phytophthora_idaei	Protists	53986	accession_api
Phytophthora_infestans_T30-4	Protists	403677	name_search_full_name
Phytophthora_infestans_T304	Fungi	403677	accession_api
Phytophthora_lilii	Protists	2077276	accession_api
Phytophthora_megakarya	Protists	4795	accession_api
Phytophthora_nicotianae_INRA-310	Protists	761204	name_search_full_name
Phytophthora_nicotianae_INRA310	Fungi	761204	accession_api
Phytophthora_oleae	Protists	2107226	accession_api
Phytophthora_pseudosyringae	Protists	221518	accession_api
Phytophthora_ramorum	Protists	164328	accession_api
Phytophthora_sojae	Protists	67593	accession_api
Piccolia_ochrophora	Fungi	2939412	accession_api
Pichia_inconspicua	Fungi	52247	accession_api
Pichia_kudriavzevii	Fungi	4909	accession_api
Pichia_membranifaciens_NRRL_Y-2026	Fungi	763406	name_search_full_name
Pichia_membranifaciens_NRRL_Y2026	Fungi	763406	accession_api
Picomonas_judraskeda	Protists	1315715	name_search_full_name
Picozoa_sp_Boothbay-MS584-11	Protists	2316534	name_search_binomial_fallback
Picozoa_sp_COSAG01	Protists	2316534	name_search_binomial_fallback
Picozoa_sp_COSAG02	Protists	2316534	name_search_binomial_fallback
Picozoa_sp_COSAG04	Protists	2316534	name_search_binomial_fallback
Picozoa_sp_COSAG05	Protists	2316534	name_search_binomial_fallback
Picozoa_sp_COSAG06	Protists	2316534	name_search_binomial_fallback
Picozoa_sp_SAG11	Protists	2316534	name_search_binomial_fallback
Picozoa_sp_SAG22	Protists	2316534	name_search_binomial_fallback
Picozoa_sp_SAG25	Protists	2316534	name_search_binomial_fallback
Picozoa_sp_SAG31	Protists	2316534	name_search_binomial_fallback
Piedraia_hortae_CBS_480.64	Fungi	1314780	accession_api
Pigoraptor_chileana	Protists	2006546	accession_api
Pigoraptor_vietnamica	Protists	2006545	name_search_full_name
Pilaira_anomala	Fungi	64641	accession_api
Pilargis_verrucosa	Metazoa	1818081	metazoa_metadata
Pilatotrama_ljubarskyi	Fungi	2735509	accession_api
Pilobolus_umbonatus	Fungi	101123	accession_api
Piloderma_croceum_F_1598	Fungi	765440	accession_api
Pinus_longaeva	gymnosperms	3344	accession_api
Pinus_taeda	gymnosperms	3352	name_search_full_name
Piper_nigrum	angiosperms	13216	name_search_full_name
Piptocephalis_cylindrospora	Fungi	1907219	accession_api
Piptocephalis_tieghemiana	Fungi	1286916	accession_api
Piromyces_finnis	Fungi	1754191	accession_api
Pirum_gemmata	Protists	749231	name_search_full_name
Pisolithus_albus	Fungi	178870	accession_api
Pisolithus_croceorrhizus	Fungi	2060934	accession_api
Pisolithus_marmoratus	Fungi	178871	accession_api
Pisolithus_microcarpus	Fungi	178872	accession_api
Pisolithus_orientalis	Fungi	936130	accession_api
Pisolithus_thermaeus	Fungi	2136032	accession_api
Pisolithus_tinctorius	Fungi	37468	accession_api
Pistacia_atlantica	angiosperms	434234	accession_api
Pistacia_integerrima	angiosperms	434235	accession_api
Pistacia_vera	angiosperms	55513	accession_api
Pisum_sativum	angiosperms	3888	accession_api
Placida_kingstoni	Metazoa	749936	metazoa_metadata
Plagusia_squamosa	Metazoa	157785	metazoa_metadata
Plakobranchus_ianthobapsus	Metazoa	2050001	metazoa_metadata
Planaria_torva	Metazoa	2066000	metazoa_metadata
Plasmodiophora_brassicae	Protists	37360	accession_api
Plasmodium_adleri_(nom._inval.)	Protists	880535	accession_api
Plasmodium_berghei_ANKA	Protists	5823	accession_api
Plasmodium_blacklocki_(nom._inval.)	Protists	880536	accession_api
Plasmodium_brasilianum	Protists	5824	accession_api
Plasmodium_chabaudi_chabaudi	Protists	31271	accession_api
Plasmodium_coatneyi	Protists	208452	accession_api
Plasmodium_cynomolgi_strain_B	Protists	1120755	accession_api
Plasmodium_falciparum_3D7	Protists	36329	accession_api
Plasmodium_fragile	Protists	5857	accession_api
Plasmodium_gaboni	Protists	647221	accession_api
Plasmodium_gallinaceum	Protists	5849	accession_api
Plasmodium_gonderi	Protists	77519	accession_api
Plasmodium_inui_San_Antonio_1	Protists	1237626	accession_api
Plasmodium_knowlesi_strain_H	Protists	5851	accession_api
Plasmodium_malariae	Protists	5858	accession_api
Plasmodium_reichenowi	Protists	5854	accession_api
Plasmodium_relictum	Protists	85471	accession_api
Plasmodium_vinckei_vinckei	Protists	54757	accession_api
Plasmodium_vivax	Protists	5855	accession_api
Plasmodium_yoelii	Protists	5861	accession_api
Plasmopara_halstedii	Protists	4781	accession_api
Platanthera_guangdongensis	angiosperms	2320717	accession_api
Platanthera_zijinensis	angiosperms	2320716	accession_api
Platorchestia_sp.	Metazoa	2950139	metazoa_metadata
Platynereis_dumerilii	Metazoa	6359	accession_api
Platynothrus_peltifer	Metazoa	128015	accession_api
Plectosphaerella_cucumerina	Fungi	40658	accession_api
Plectosphaerella_plurivora	Fungi	936078	accession_api
Plectotropis_quelpartensis	Metazoa	1399213	metazoa_metadata
Plectranthus_ornatus	angiosperms	2171726	accession_api
Plectus_sambesii	Metazoa	2011161	accession_api
Plenodomus_biglobosus	Fungi	220672	accession_api
Plenodomus_lindquistii	Fungi	301713	accession_api
Plenodomus_lingam	Fungi	5022	accession_api
Plenodomus_tracheiphilus_IPT5	Fungi	1408161	accession_api
Pleodorina_starrii	chlorophyta	330485	accession_api
Pleomassaria_siparia_CBS_279.74	Fungi	1314801	accession_api
Pleomothra_apletocheles	Metazoa	588424	metazoa_metadata
Pleopsidium_flavum	Fungi	318763	accession_api
Plethodon_cinereus	Metazoa	141976	metazoa_metadata
Pleurobranchaea_californica	Metazoa	404816	metazoa_metadata
Pleurostoma_richardsiae	Fungi	41990	accession_api
Pleurotus_cornucopiae	Fungi	5321	accession_api
Pleurotus_djamor	Fungi	34470	accession_api
Pleurotus_ostreatus	Fungi	5322	accession_api
Pleurotus_pulmonarius	Fungi	28995	accession_api
Plicaturopsis_crispa_FD-325_SS-3	Fungi	944288	name_search_full_name
Plicaturopsis_crispa_FD325_SS3	Fungi	944288	accession_api
Pluteus_cervinus	Fungi	181527	accession_api
Pneumocystis_canis	Fungi	2698477	accession_api
Pneumocystis_carinii_B80	Fungi	1408658	accession_api
Pneumocystis_jirovecii_RU7	Fungi	1408657	accession_api
Pneumocystis_murina_B123	Fungi	1069680	accession_api
Pneumocystis_oryctolagi	Fungi	42067	accession_api
Pneumocystis_wakefieldiae	Fungi	38082	accession_api
Pochonia_chlamydosporia_170	Fungi	1380566	accession_api
Podarcis_muralis	Metazoa	64176	accession_api
Podila_clonocystis	Fungi	979688	accession_api
Podila_epicladia	Fungi	979697	accession_api
Podila_epigama	Fungi	979699	accession_api
Podila_horticola	Fungi	311239	accession_api
Podila_humilis	Fungi	64523	accession_api
Podila_minutissima	Fungi	64525	accession_api
Podila_verticillata_NRRL_6337	Fungi	1069443	accession_api
Podosphaera_leucotricha	Fungi	79249	accession_api
Podospora_anserina_S_mat+	Fungi	515849	accession_api
Podospora_appendiculata	Fungi	314037	accession_api
Podospora_australis	Fungi	1536484	accession_api
Podospora_bellae-mahoneyi	Fungi	2093777	name_search_full_name
Podospora_bellaemahoneyi	Fungi	2093777	accession_api
Podospora_conica	Fungi	261694	accession_api
Podospora_didyma	Fungi	330526	accession_api
Podospora_fimiseda	Fungi	252190	accession_api
Podospora_pseudoanserina	Fungi	2609844	accession_api
Podospora_pseudocomata	Fungi	2093779	accession_api
Podospora_pseudopauciseta	Fungi	2093780	accession_api
Pogonognathellus_sp._AD-2013	Metazoa	1323567	metazoa_metadata
Polarella_glacialis	Protists	89957	accession_api
Pollicipes_pollicipes	Metazoa	41117	accession_api
Polycelis_felina	Metazoa	39785	metazoa_metadata
Polycelis_nigra	Metazoa	39786	metazoa_metadata
Polycelis_tenuis	Metazoa	66754	metazoa_metadata
Polychaeton_citri_CBS_116435	Fungi	1314669	accession_api
Polychytrium_aggregatum	Fungi	110093	accession_api
Polydesmus_complanatus	Metazoa	510027	accession_api
Polyodon_spathula	Metazoa	7913	accession_api
Polyplosphaeria_fusca	Fungi	682080	accession_api
Polypterus_senegalus	Metazoa	1819745	accession_api
Polyrhizophydium_stewartii	Fungi	2732419	accession_api
Polytolypa_hystricis_UAMH7299	Fungi	1447883	accession_api
Polytrichastrum_alpinum	bryophytes	129212	accession_api
Polyxenus_lagurus	Metazoa	52428	metazoa_metadata
Polyzonium_germanicum	Metazoa	118488	accession_api
Pomacea_canaliculata	Metazoa	400727	accession_api
Pomacea_maculata	Metazoa	1245466	accession_api
Pomatias_elegans	Metazoa	928741	accession_api
Pompholyxophrys_punicea	Protists	2510583	name_search_full_name
Pompholyxophrys_sp_LG126	Protists	2511779	name_search_binomial_fallback
Pontocypris_avena	Metazoa	509935	metazoa_metadata
Pontonema_vulgare	Metazoa	73929	metazoa_metadata
Populus_alba	angiosperms	444605	accession_api
Populus_alba_x_Populus_x_berolinensis	angiosperms	444605	accession_api
Populus_euphratica	angiosperms	75702	accession_api
Populus_nigra	angiosperms	3691	accession_api
Populus_tomentosa	angiosperms	118781	accession_api
Populus_trichocarpa	angiosperms	3694	accession_api
Populus_x_canadensis	angiosperms	3690	accession_api
Porcellionides_pruinosus	Metazoa	96870	metazoa_metadata
Poronia_punctata	Fungi	101475	accession_api
Porphyra_purpurea	Rhodophyta	2787	name_search_full_name
Porphyra_umbilicalis	Rhodophyta	2786	accession_api
Porphyridium_aerugineum	Rhodophyta	2792	name_search_full_name
Porphyridium_purpureum	Rhodophyta	35688	accession_api
Portunus_trituberculatus	Metazoa	210409	accession_api
Postia_placenta_MAD-698-R-SB12	Fungi	670580	name_search_full_name
Postia_placenta_MAD698RSB12	Fungi	670580	accession_api
Powellomyces_hirtus	Fungi	109895	accession_api
Prasinoderma_coloniale	chlorophyta	156133	name_search_full_name
Priapulus_caudatus	Metazoa	37621	accession_api
Priceomyces_carsonii	Fungi	28549	accession_api
Primulina_eburnea	angiosperms	1245227	accession_api
Primulina_huaijiensis	angiosperms	1492673	accession_api
Primulina_tabacum	angiosperms	48773	accession_api
Prionchulus_punctatus	Metazoa	293874	accession_api
Pristionchus_pacificus	Metazoa	54126	accession_api
Proasellus_jaloniacus	Metazoa	1281986	metazoa_metadata
Procambarus_clarkii	Metazoa	6728	accession_api
Progradungula_otwayensis	Metazoa	2080872	metazoa_metadata
Prokoenenia_wheeleri	Metazoa	681542	metazoa_metadata
Proneomenia_custodiens	Metazoa	1500391	metazoa_metadata
Propanagrolaimus_sp._JU765	Metazoa	591449	metazoa_metadata
Propappus_volki	Metazoa	251477	metazoa_metadata
Prorhinotermes_simplex	Metazoa	1312446	accession_api
Prorhynchus_stagnalis	Metazoa	1468201	metazoa_metadata
Prorocentrum_cordatum	Protists	2364126	accession_api
Prosopis_cineraria	angiosperms	364024	accession_api
Prostheceraeus_crozieri	Metazoa	2291463	accession_api
Prosthiostomum_siphunculus	Metazoa	983679	metazoa_metadata
Protea_cynaroides	angiosperms	273540	accession_api
Protimesius_longipalpis	Metazoa	1955539	metazoa_metadata
Protochelifer_sp._MCZ_49984	Metazoa	2590517	metazoa_metadata
Protodriloides_chaetifer	Metazoa	254032	metazoa_metadata
Protodriloides_symbioticus	Metazoa	205111	metazoa_metadata
Protolophus_singularis	Metazoa	409368	metazoa_metadata
Protomyces_lactucae-debilis	Fungi	2754530	name_search_full_name
Protomyces_lactucaedebilis	Fungi	2754530	accession_api
Protopterus_aethiopicus	Metazoa	7886	metazoa_metadata
Protopterus_annectens	Metazoa	7888	accession_api
Prunus_avium	angiosperms	42229	accession_api
Prunus_brigantina	angiosperms	151428	accession_api
Prunus_campanulata	angiosperms	136465	accession_api
Prunus_dulcis	angiosperms	3755	accession_api
Prunus_mume	angiosperms	102107	accession_api
Prunus_persica	angiosperms	3760	accession_api
Prunus_speciosa	angiosperms	378228	accession_api
Psammodrilus_balanoglossoides	Metazoa	1977847	metazoa_metadata
Psammomacrostomum_sp._2_JNB-2019	Metazoa	2614406	metazoa_metadata
Pseudevernia_consocians	Fungi	136281	accession_api
Pseudo-nitzschia_multistriata	Protists	183589	name_search_full_name
Pseudocercospora_eumusae	Fungi	321146	accession_api
Pseudocercospora_fijiensis_CIRAD86	Fungi	383855	accession_api
Pseudocercospora_fuligena	Fungi	685502	accession_api
Pseudocercospora_musae	Fungi	113226	accession_api
Pseudocohnilembus_persalinus	Protists	266149	accession_api
Pseudocyphellaria_aurata	Fungi	169141	accession_api
Pseudogymnoascus_australis	Fungi	3342545	accession_api
Pseudogymnoascus_destructans	Fungi	655981	accession_api
Pseudogymnoascus_verrucosus	Fungi	342668	accession_api
Pseudohyphozyma_bogoriensis	Fungi	106002	accession_api
Pseudoloma_neurophilia	Fungi	146866	accession_api
Pseudomassariella_vexata	Fungi	1141098	accession_api
Pseudoneurospora_amorphoporcata	Fungi	241081	accession_api
Pseudonitzschia_multistriata	Fungi	183589	accession_api
Pseudopolydesmus_sp._MB-2013	Metazoa	1348323	metazoa_metadata
Pseudosagitta_gazellae	Metazoa	1562710	metazoa_metadata
Pseudoscourfieldia_marina	chlorophyta	41886	accession_api
Pseudosphyrapus_quintolongus	Metazoa	992968	metazoa_metadata
Pseudosuccinea_columella	Metazoa	31228	metazoa_metadata
Pseudotyrannochthonius_sp._B_LB-2019	Metazoa	2590520	metazoa_metadata
Pseudovirgaria_hyperparasitica	Fungi	470096	accession_api
Pseudozyma_flocculosa_PF-1	Fungi	1277687	name_search_full_name
Pseudozyma_flocculosa_PF1	Fungi	1277687	accession_api
Pseudozyma_hubeiensis_SY62	Fungi	1305764	accession_api
Psilocybe_cubensis	Fungi	181762	accession_api
Psilocybe_cyanescens	Fungi	93625	accession_api
Psophocarpus_tetragonolobus	angiosperms	3891	accession_api
Psora_crenata	Fungi	258896	accession_api
Psora_testacea	Fungi	258898	accession_api
Pterosagitta_draco	Metazoa	366433	metazoa_metadata
Pterospermum_kingtungense	angiosperms	1686260	accession_api
Pterulicium_gracile	Fungi	1884261	accession_api
Pterygioteuthis_hoylei	Metazoa	559549	metazoa_metadata
Ptychodera_flava	Metazoa	63121	accession_api
Ptychographa_xylographoides	Fungi	223409	accession_api
Puccinellia_chinampoensis	angiosperms	428215	name_search_full_name
Puccinia_coronata_f._sp._avenae	Fungi	200324	accession_api
Puccinia_graminis_f._sp._tritici_CRL_75-36-700-3	Fungi	418459	name_search_full_name
Puccinia_graminis_f._sp._tritici_CRL_75367003	Fungi	418459	accession_api
Puccinia_sorghi	Fungi	27349	accession_api
Puccinia_striiformis_f._sp._tritici	Fungi	168172	accession_api
Puccinia_triticina	Fungi	208348	accession_api
Punctularia_strigosozonata_HHB-11173_SS5	Fungi	741275	name_search_full_name
Punctularia_strigosozonata_HHB11173_SS5	Fungi	741275	accession_api
Punica_granatum	angiosperms	22663	accession_api
Purpureocillium_lavendulum	Fungi	1247861	accession_api
Purpureocillium_lilacinum	Fungi	33203	accession_api
Purpureocillium_takamizusanense	Fungi	2060973	accession_api
Purpureofilum_apyrenoidigerum	Rhodophyta	282340	name_search_full_name
Puttea_exsequens	Fungi	2918520	accession_api
Pycnococcus_provasolii	chlorophyta	41880	accession_api
Pycnogonum_litorale	Metazoa	261975	accession_api
Pycnophyes_giganteus	Metazoa	2835550	metazoa_metadata
Pycnophyes_ilyocryptus	Metazoa	2835551	metazoa_metadata
Pycnora_praestabilis	Fungi	1453791	accession_api
Pylaiella_littoralis	Protists	2885	accession_api
Pyrenophora_seminiperda_CCB06	Fungi	1302712	accession_api
Pyrenophora_tritici-repentis	Fungi	45151	name_search_full_name
Pyrenophora_triticirepentis	Fungi	45151	accession_api
Pyrenula_ochraceoflavens	Fungi	2977754	accession_api
Pyricularia_grisea	Fungi	148305	accession_api
Pyricularia_oryzae_70-15	Fungi	242507	name_search_full_name
Pyricularia_oryzae_7015	Fungi	242507	accession_api
Pyricularia_pennisetigena	Fungi	1578925	accession_api
Pyronema_domesticum	Fungi	47205	accession_api
Pyronema_omphalodes	Fungi	337075	accession_api
Pyropia_vietnamensis	Rhodophyta	683352	accession_api
Pyropia_yezoensis	Rhodophyta	2788	name_search_full_name
Pyrrhoderma_noxium	Fungi	2282107	accession_api
Pyrus_communis	angiosperms	23211	accession_api
Pyrus_ussuriensis	angiosperms	2448454	accession_api
Pyrus_ussuriensis_x_Pyrus_communis	angiosperms	2448454	accession_api
Pyrus_x_bretschneideri	angiosperms	225117	accession_api
Pythia_pachyodon	Metazoa	157724	metazoa_metadata
Quaeritorhiza_haematococci	Fungi	2654861	accession_api
Quercus_lobata	angiosperms	97700	accession_api
Quercus_robur	angiosperms	38942	accession_api
Quercus_rubra	angiosperms	3512	accession_api
Quercus_suber	angiosperms	58331	accession_api
Quillaja_saponaria	angiosperms	32244	accession_api
Rachicladosporium_monterosium	Fungi	1507873	accession_api
Racocetra_fulgida	Fungi	60492	accession_api
Racocetra_persica	Fungi	160502	accession_api
Raddia_guianensis	angiosperms	1482630	accession_api
Radiomyces_spectabilis	Fungi	64574	accession_api
Rakaia_minutissima	Metazoa	526538	metazoa_metadata
Ramalina_farinacea	Fungi	258253	accession_api
Ramaria_rubella	Fungi	113071	accession_api
Ramazzottius_varieornatus	Metazoa	947166	accession_api
Ramicandelaber_brevisporus	Fungi	304332	accession_api
Ramularia_collo-cygni	Fungi	112498	name_search_full_name
Ramularia_collocygni	Fungi	112498	accession_api
Rana_temporaria	Metazoa	8407	accession_api
Randiella_sp._DSW-2020	Metazoa	2705241	metazoa_metadata
Ranunculus_cassubicifolius	angiosperms	286882	accession_api
Raphanus_sativus	angiosperms	3726	accession_api
Raphidocelis_subcapitata	chlorophyta	307507	accession_api
Rasamsonia_byssochlamydoides	Fungi	89139	accession_api
Rasamsonia_columbiensis	Fungi	1826649	accession_api
Rasamsonia_emersonii_CBS_393.64	Fungi	1408163	accession_api
Recurvomyces_mirabilis	Fungi	574656	accession_api
Reevesia_pubescens	angiosperms	2871442	accession_api
Rehmannia_glutinosa	angiosperms	99300	accession_api
Remersonia_thermophila	Fungi	72144	accession_api
Reticulomyxa_filosa	Protists	46433	accession_api
Rhabdopleura_annulata	Metazoa	1443232	metazoa_metadata
Rhamnella_rubrinervis	angiosperms	2594499	accession_api
Rhinatrema_bivittatum	Metazoa	194408	accession_api
Rhinocladiella_mackenziei_CBS_650.93	Fungi	1442369	accession_api
Rhipicephalus_sanguineus	Metazoa	34632	accession_api
Rhipidocladum_racemiflorum	angiosperms	464972	accession_api
Rhizina_undulata	Fungi	44645	accession_api
Rhizoclosmatium_globosum	Fungi	329046	accession_api
Rhizoclosmatium_hyalinum	Fungi	2724196	accession_api
Rhizoctonia_solani	Fungi	456999	accession_api
Rhizodiscina_lignyota	Fungi	1504668	accession_api
Rhizoglyphus_robini	Metazoa	223528	accession_api
Rhizomucor_pusillus	Fungi	4840	accession_api
Rhizophagus_clarus	Fungi	94130	accession_api
Rhizophagus_irregularis	Fungi	588596	accession_api
Rhizophlyctis_rosea	Fungi	64517	accession_api
Rhizopogon_salebrosus_TDB-379	Fungi	632084	name_search_full_name
Rhizopogon_salebrosus_TDB379	Fungi	632084	accession_api
Rhizopogon_vesiculosus	Fungi	180088	accession_api
Rhizopogon_vinicolor_AM-OR11-026	Fungi	1314800	name_search_full_name
Rhizopogon_vinicolor_AMOR11026	Fungi	1314800	accession_api
Rhizopus_azygosporus	Fungi	86630	accession_api
Rhizopus_delemar_RA_99-880	Fungi	246409	name_search_full_name
Rhizopus_delemar_RA_99880	Fungi	246409	accession_api
Rhizopus_microsporus_ATCC_52813	Fungi	1340429	accession_api
Rhodamnia_argentea	angiosperms	178133	accession_api
Rhodella_violacea	Rhodophyta	2801	name_search_full_name
Rhodelphis_limneticus	Protists	2583502	name_search_full_name
Rhodelphis_marinus	Protists	2584957	name_search_full_name
Rhodiola_kirilowii	angiosperms	203008	accession_api
Rhodnius_prolixus	Metazoa	13249	accession_api
Rhodochaete_pulchella	Rhodophyta	867925	name_search_full_name
Rhodocollybia_butyracea	Fungi	206335	accession_api
Rhododendron_griersonianum	angiosperms	479676	accession_api
Rhododendron_molle	angiosperms	49168	accession_api
Rhododendron_vialii	angiosperms	182163	accession_api
Rhododendron_williamsianum	angiosperms	262921	accession_api
Rhodofomes_roseus	Fungi	34475	accession_api
Rhodosorus_marinus	Rhodophyta	101924	accession_api
Rhodosporidiobolus_azoricus	Fungi	145577	accession_api
Rhodosporidiobolus_lusitaniae	Fungi	33191	accession_api
Rhodosporidiobolus_microsporus	Fungi	86835	accession_api
Rhodosporidiobolus_nylandii	Fungi	100910	accession_api
Rhodosporidiobolus_poonsookiae	Fungi	100911	accession_api
Rhodosporidiobolus_ruineniae	Fungi	5004	accession_api
Rhodotorula_araucariae	Fungi	86829	accession_api
Rhodotorula_dairenensis	Fungi	86832	accession_api
Rhodotorula_graminis_WP1	Fungi	578459	accession_api
Rhodotorula_pacifica	Fungi	1495444	accession_api
Rhodotorula_paludigena	Fungi	86838	accession_api
Rhodotorula_sphaerocarpa	Fungi	86839	accession_api
Rhodotorula_taiwanensis	Fungi	741276	accession_api
Rhodotorula_toruloides_NP11	Fungi	1130832	accession_api
Rhopilema_esculentum	Metazoa	499914	accession_api
Rhyacodrilus_pigueti	Metazoa	1348610	metazoa_metadata
Rhynchodemus_sylvaticus	Metazoa	1520503	metazoa_metadata
Rhynchomesostoma_rostratum	Metazoa	1311950	metazoa_metadata
Rhynchomesostoma_sp._ER-2019	Metazoa	2527674	metazoa_metadata
Rhynchospora_breviuscula	angiosperms	2022672	accession_api
Rhynchospora_pubera	angiosperms	906938	accession_api
Rhynchospora_tenuis	angiosperms	198213	accession_api
Rhynchosporium_agropyri	Fungi	914238	accession_api
Rhynchosporium_graminicola	Fungi	2792576	accession_api
Rhynchosporium_secalis	Fungi	38038	accession_api
Rhypophila_decipiens	Fungi	261697	accession_api
Rhysida_immarginata	Metazoa	984703	accession_api
Rhysida_longipes	Metazoa	984702	metazoa_metadata
Riccia_fluitans	bryophytes	41844	accession_api
Richtersius_coronifer	Metazoa	245088	metazoa_metadata
Ricinoides_atewa	Metazoa	1046921	metazoa_metadata
Ricinus_communis	angiosperms	3988	accession_api
Rickenella_mellea	Fungi	50990	accession_api
Riftia_pachyptila	Metazoa	6426	metazoa_metadata
Riseriellus_occultus	Metazoa	88934	metazoa_metadata
Rissoella_caribaea	Metazoa	57639	metazoa_metadata
Roridomyces_roridus	Fungi	1738132	accession_api
Rosa_chinensis	angiosperms	74649	accession_api
Rosa_luciae_x_Rosa_x_odorata	angiosperms	3421125	accession_api
Rosa_rugosa	angiosperms	74645	accession_api
Rosa_sericea	angiosperms	74631	accession_api
Rostrohypoxylon_terebratum	Fungi	392036	accession_api
Rotaria_socialis	Metazoa	392032	accession_api
Rozella_allomycis_CSF55	Fungi	988480	accession_api
Rubroshorea_leprosula	angiosperms	152421	accession_api
Rubus_argutus	angiosperms	59490	accession_api
Rumex_salicifolius	angiosperms	1234504	accession_api
Russula_brevipes	Fungi	98861	accession_api
Russula_compacta	Fungi	40490	accession_api
Russula_decolorans	Fungi	152956	accession_api
Russula_dissimulans	Fungi	258981	accession_api
Russula_earlei	Fungi	71964	accession_api
Russula_emetica	Fungi	152958	accession_api
Russula_ochroleuca	Fungi	152965	accession_api
Russula_vinacea	Fungi	517384	accession_api
Rutidosis_leptorrhynchoides	angiosperms	125765	accession_api
Saccharata_proteae_CBS_121410	Fungi	1314787	accession_api
Saccharomyces_cerevisiae_S288C	Fungi	559292	accession_api
Saccharomyces_eubayanus	Fungi	1080349	accession_api
Saccharomyces_kudriavzevii_IFO_1802	Fungi	226230	accession_api
Saccharomyces_mikatae_IFO_1815	Fungi	226126	accession_api
Saccharomyces_paradoxus	Fungi	27291	accession_api
Saccharomyces_pastorianus	Fungi	27292	accession_api
Saccharomyces_uvarum	Fungi	230603	accession_api
Saccharomycodes_ludwigii	Fungi	36035	accession_api
Saccharomycopsis_crataegensis	Fungi	43959	accession_api
Saccoglossus_kowalevskii	Metazoa	10224	accession_api
Saccostrea_glomerata	Metazoa	157728	accession_api
Sacoproteus_smaragdinus	Metazoa	2282303	metazoa_metadata
Saitoella_coloradoensis	Fungi	1099800	accession_api
Saitoella_complicata_NRRL_Y-17804	Fungi	698492	name_search_full_name
Saitoella_complicata_NRRL_Y17804	Fungi	698492	accession_api
Saitozyma_podzolica	Fungi	1890683	accession_api
Salamandra_salamandra	Metazoa	57571	metazoa_metadata
Salinomyces_thailandicus	Fungi	706561	accession_api
Salix_koriyanagi	angiosperms	2511006	accession_api
Salix_suchowensis	angiosperms	1278906	accession_api
Salix_udensis	angiosperms	889485	accession_api
Salpingoeca_dolichothecata	Protists	1742605	name_search_full_name
Salpingoeca_helianthica	Protists	1928494	name_search_full_name
Salpingoeca_infusionum	Protists	86018	name_search_full_name
Salpingoeca_kvevrii	Protists	1924737	name_search_full_name
Salpingoeca_macrocollata	Protists	1924736	name_search_full_name
Salpingoeca_punica	Protists	1924735	name_search_full_name
Salpingoeca_rosetta	Protists	946362	accession_api
Salpingoeca_urceolata	Protists	473813	name_search_full_name
Salvia_divinorum	angiosperms	28513	accession_api
Salvia_hispanica	angiosperms	49212	accession_api
Salvia_miltiorrhiza	angiosperms	226208	accession_api
Salvia_splendens	angiosperms	180675	accession_api
Sanghuangporus_baumii	Fungi	108892	accession_api
Sanghuangporus_sanghuang	Fungi	1659845	accession_api
Sanguina_aurantia	chlorophyta	2578422	accession_api
Saponaria_officinalis	angiosperms	3572	accession_api
Saprolegnia_diclina_VS20	Protists	1156394	accession_api
Saprolegnia_parasitica_CBS_223.65	Protists	695850	accession_api
Saramacia_lucasae	Metazoa	1955541	metazoa_metadata
Sarcoptes_scabiei	Metazoa	52283	accession_api
Sarcosagium_campestre	Fungi	286406	accession_api
Sarea_resinae	Fungi	273283	accession_api
Sarocladium_implicatum	Fungi	1610689	accession_api
Sarocladium_strictum	Fungi	5046	accession_api
Sarracenia_purpurea	angiosperms	336876	accession_api
Savillea_parva	Protists	1909275	name_search_full_name
Savitreella_phatthalungensis	Fungi	3025216	accession_api
Saxophila_tyrrhenica	Fungi	1690608	accession_api
Scalibregma_inflatum	Metazoa	195275	metazoa_metadata
Scapharca_(Anadara)_broughtonii	Metazoa	148819	metazoa_metadata
Scapholeberis_cf._mucronata	Metazoa	202097	accession_api
Scatella_stagnalis	Metazoa	1690357	metazoa_metadata
Scedosporium_apiospermum	Fungi	563466	accession_api
Scedosporium_boydii	Fungi	5597	accession_api
Scheffersomyces_amazonensis	Fungi	1078765	accession_api
Scheffersomyces_coipomensis	Fungi	1788519	accession_api
Scheffersomyces_spartinae	Fungi	45513	accession_api
Scheffersomyces_stipitis_CBS_6054	Fungi	322104	accession_api
Scheffersomyces_xylosifermentans	Fungi	1304137	accession_api
Schendyla_carniolensis	Metazoa	1820143	metazoa_metadata
Schisandra_chinensis	angiosperms	50507	name_search_full_name
Schizocosa_rovneri	Metazoa	128042	metazoa_metadata
Schizophyllum_amplum	Fungi	97359	accession_api
Schizophyllum_commune_H4-8	Fungi	578458	name_search_full_name
Schizophyllum_commune_H48	Fungi	578458	accession_api
Schizophyllum_fasciatum	Fungi	160053	accession_api
Schizopora_paradoxa	Fungi	27342	accession_api
Schizosaccharomyces_cryophilus_OY26	Fungi	653667	accession_api
Schizosaccharomyces_japonicus_yFS275	Fungi	402676	accession_api
Schizosaccharomyces_octosporus_yFS286	Fungi	483514	accession_api
Schizosaccharomyces_osmophilus	Fungi	2545709	accession_api
Schizosaccharomyces_pombe	Fungi	4896	accession_api
Schizothecium_vesticola	Fungi	314040	accession_api
Schmidtea_mediterranea	Metazoa	79327	accession_api
Schmidtea_polychroa	Metazoa	50054	accession_api
Scleroderma_yunnanense	Fungi	1163567	accession_api
Scleropages_formosus	Metazoa	113540	accession_api
Sclerophora_amabilis	Fungi	2939403	accession_api
Sclerotinia_borealis_F-4128	Fungi	1432307	name_search_full_name
Sclerotinia_borealis_F4128	Fungi	1432307	accession_api
Sclerotinia_nivalis	Fungi	352851	accession_api
Sclerotinia_sclerotiorum_1980_UF-70	Fungi	665079	name_search_full_name
Sclerotinia_sclerotiorum_1980_UF70	Fungi	665079	accession_api
Sclerotinia_trifoliorum	Fungi	28548	accession_api
Scolopendra_cingulata	Metazoa	41365	accession_api
Scolopendropsis_bahiensis	Metazoa	1816098	metazoa_metadata
Scolopocryptops_rubiginosus	Metazoa	987050	metazoa_metadata
Scolopocryptops_sexspinosus	Metazoa	118499	metazoa_metadata
Scophthalmus_maximus	Metazoa	52904	accession_api
Scorpiops_sp._PPS-2014	Metazoa	1588039	metazoa_metadata
Scutellospora_calospora	Fungi	85575	accession_api
Scutigera_coleoptrata	Metazoa	29022	accession_api
Scutigerina_weberi	Metazoa	241666	metazoa_metadata
Scutopus_ventrolineatus	Metazoa	52922	metazoa_metadata
Scytalidium_lignicola	Fungi	5539	accession_api
Scytosiphon_promiscuus	Protists	1403536	accession_api
Sebastes_umbrosus	Metazoa	72105	accession_api
Segestria_sp._NG-2016	Metazoa	1794826	metazoa_metadata
Seiridium_cardinale	Fungi	138064	accession_api
Seiridium_cupressi	Fungi	138065	accession_api
Seiridium_unicorne	Fungi	138068	accession_api
Seirophora_lacunosa	Fungi	1145348	accession_api
Seirophora_scorigena	Fungi	520600	accession_api
Seirophora_villosa	Fungi	671929	accession_api
Selaginella_kraussiana	lycophytes	81964	name_search_full_name
Selaginella_moellendorffii	lycophytes	88036	accession_api
Seminavis_robusta	Protists	568900	accession_api
Semisulcospira_coreana	Metazoa	364284	metazoa_metadata
Semnoderes_armiger	Metazoa	1415233	metazoa_metadata
Senna_tora	angiosperms	362788	accession_api
Septoria_linicola	Fungi	215465	accession_api
Sequoia_sempervirens	gymnosperms	28980	accession_api
Serendipita_indica_DSM_11827	Fungi	1109443	accession_api
Serendipita_vermifera_MAFF_305830	Fungi	933852	accession_api
Sergiolus_capulatus	Metazoa	1506255	metazoa_metadata
Serpula_lacrymans_var._lacrymans_S7.9	Fungi	578457	accession_api
Serratosagitta_serratodentata	Metazoa	1562712	metazoa_metadata
Sesamum_alatum	angiosperms	300844	accession_api
Sesamum_angolense	angiosperms	2727404	accession_api
Sesamum_angustifolium	angiosperms	2727405	accession_api
Sesamum_calycinum	angiosperms	2727403	accession_api
Sesamum_indicum	angiosperms	4182	accession_api
Sesamum_latifolium	angiosperms	2727402	accession_api
Sesamum_radiatum	angiosperms	300843	accession_api
Sesbania_bispinosa	angiosperms	485725	accession_api
Setaria_italica	angiosperms	4555	accession_api
Setaria_viridis	angiosperms	4556	accession_api
Setomelanomma_holmii	Fungi	210430	accession_api
Shorea_laevis	angiosperms	152420	accession_api
Sida_crystallina	Metazoa	77656	metazoa_metadata
Silene_latifolia	angiosperms	37657	accession_api
Simocephalus_vetulus	Metazoa	77651	accession_api
Simrothiella_margaritacea	Metazoa	669227	metazoa_metadata
Sinapis_alba	angiosperms	3728	accession_api
Sinonovacula_constricta	Metazoa	98310	accession_api
Siphonaria_normalis	Metazoa	981058	metazoa_metadata
Siphonaria_pectinata	Metazoa	57642	accession_api
Siphonaria_sp.2	Metazoa	2916551	metazoa_metadata
Sipunculus_nudus	Metazoa	6446	accession_api
Siro_boyerae	Metazoa	385973	metazoa_metadata
Sistotremastrum_niveocremeum_HHB9708	Fungi	1314777	accession_api
Sistotremastrum_suecicum_HHB10207_ss-3	Fungi	1314776	name_search_full_name
Sistotremastrum_suecicum_HHB10207_ss3	Fungi	1314776	accession_api
Sitalcina_lobata	Metazoa	1454760	metazoa_metadata
Skeletonema_menzelii	Protists	216823	accession_api
Skeletonema_potamos	Protists	1429247	accession_api
Smallanthus_sonchifolius	angiosperms	185202	accession_api
Smittium_angustum	Fungi	133377	accession_api
Smittium_culicis	Fungi	133412	accession_api
Smittium_megazygosporum	Fungi	133381	accession_api
Smittium_mucronatum	Fungi	133383	accession_api
Smittium_simulii	Fungi	133385	accession_api
Sodiomyces_alcalophilus_JCM_7366	Fungi	591952	accession_api
Sodiomyces_alkalinus_F11	Fungi	1314773	accession_api
Solanum_bulbocastanum	angiosperms	147425	accession_api
Solanum_commersonii	angiosperms	4109	accession_api
Solanum_demissum	angiosperms	50514	accession_api
Solanum_dulcamara	angiosperms	45834	accession_api
Solanum_lycopersicum	angiosperms	4081	accession_api
Solanum_melongena	angiosperms	4111	name_search_full_name
Solanum_pennellii	angiosperms	28526	accession_api
Solanum_pinnatisectum	angiosperms	50273	accession_api
Solanum_stenotomum	angiosperms	172797	accession_api
Solanum_stoloniferum	angiosperms	62892	accession_api
Solanum_tuberosum	angiosperms	4113	accession_api
Solanum_verrucosum	angiosperms	315347	accession_api
Solpugema_sp._MCZ_49525	Metazoa	2590529	metazoa_metadata
Somion_occarium	Fungi	3059160	accession_api
Sordaria_brevicollis	Fungi	83679	accession_api
Sordaria_macrospora	Fungi	5147	accession_api
Sorghum_bicolor	angiosperms	4558	accession_api
Sorochytrium_milnesiophthora	Fungi	3075319	accession_api
Spadella_cephaloptera	Metazoa	52888	metazoa_metadata
Sparassis_crispa	Fungi	139825	accession_api
Spathaspora_passalidarum_NRRL_Y-27907	Fungi	619300	name_search_full_name
Spathaspora_passalidarum_NRRL_Y27907	Fungi	619300	accession_api
Spatholobus_suberectus	angiosperms	455371	accession_api
Sphacelaria_rigidula	Protists	117516	accession_api
Sphaceloma_murrayae	Fungi	2082308	accession_api
Sphaeramia_orbicularis	Metazoa	375764	accession_api
Sphaerobolus_stellatus_SS14	Fungi	990650	accession_api
Sphaerodorum_gracilis	Metazoa	2576333	metazoa_metadata
Sphaeroforma_arctica	Protists	72019	name_search_full_name
Sphaerolaimus_sp._T62	Metazoa	2881408	metazoa_metadata
Sphaeroma_terebrans	Metazoa	180402	metazoa_metadata
Sphaerosporella_brunnea	Fungi	1250544	accession_api
Sphaerothecum_destruens	Protists	42893	metazoa_metadata
Sphaerulina_musiva_SO2202	Fungi	692275	accession_api
Sphagnum_balticum	bryophytes	128184	accession_api
Sphagnum_compactum	bryophytes	128190	accession_api
Sphagnum_fallax	bryophytes	53036	accession_api
Sphagnum_jensenii	bryophytes	128206	accession_api
Sphagnum_magellanicum	bryophytes	128215	accession_api
Sphagnum_tenellum	bryophytes	128247	accession_api
Sphagnum_troendelagicum	bryophytes	128251	accession_api
Sphagnurus_paluster	Fungi	117069	accession_api
Sphenodon_punctatus	Metazoa	8508	accession_api
Sphenostylis_stenocarpa	angiosperms	92480	accession_api
Sphodros_rufipes	Metazoa	1203468	metazoa_metadata
Spinacia_oleracea	angiosperms	3562	accession_api
Spinellus_fusiger	Fungi	101115	accession_api
Spinther_sp._SA-2015	Metazoa	1649661	metazoa_metadata
Spirodela_intermedia	angiosperms	51605	accession_api
Spiromyces_aspiralis	Fungi	68401	accession_api
Spizellomyces_punctatus_DAOM_BR117	Fungi	645134	accession_api
Spodoptera_frugiperda	Metazoa	7108	accession_api
Sporisorium_graminicola	Fungi	280036	accession_api
Sporisorium_reilianum_f._sp._reilianum	Fungi	72559	accession_api
Sporobolomyces_blumeae	Fungi	100912	accession_api
Sporobolomyces_johnsonii	Fungi	5002	accession_api
Sporobolomyces_koalae	Fungi	500713	accession_api
Sporobolomyces_ruberrimus	Fungi	86828	accession_api
Sporobolomyces_salmoneus	Fungi	183962	accession_api
Sporobolomyces_salmonicolor	Fungi	5005	accession_api
Sporodiniella_umbellata	Fungi	101117	accession_api
Sporormia_fimetaria_CBS_119925	Fungi	1340428	accession_api
Sporothrix_bragantina	Fungi	671064	accession_api
Sporothrix_brasiliensis_5110	Fungi	1398154	accession_api
Sporothrix_curviconia	Fungi	1260050	accession_api
Sporothrix_epigloea	Fungi	1892477	accession_api
Sporothrix_eucalyptigena	Fungi	1812306	accession_api
Sporothrix_schenckii_1099-18	Fungi	1397361	name_search_full_name
Sporothrix_schenckii_109918	Fungi	1397361	accession_api
Sporothrix_thermara	Fungi	1805982	accession_api
Squamulea_squamosa	Fungi	1301575	accession_api
Stachybotrys_chlorohalonatus_IBT_40285	Fungi	1283841	accession_api
Stachybotrys_elegans	Fungi	80388	accession_api
Stagonosporopsis_vannaccii	Fungi	2606854	accession_api
Staphylotrichum_longicolle	Fungi	669026	accession_api
Staphylotrichum_tortipilum	Fungi	2831512	accession_api
Steccherinum_ochraceum	Fungi	92696	accession_api
Steganacarus_magnus	Metazoa	52000	accession_api
Stegodyphus_dumicola	Metazoa	202533	accession_api
Stemona_tuberosa	angiosperms	167572	accession_api
Stemphylium_lycopersici	Fungi	183478	accession_api
Stenochrus_portoricensis	Metazoa	2080935	metazoa_metadata
Stenostomum_leucops	Metazoa	52061	metazoa_metadata
Stenostomum_sthenum	Metazoa	1611831	metazoa_metadata
Stenotaenia_linearis	Metazoa	1569481	accession_api
Stentor_coeruleus	Protists	5963	accession_api
Stephania_cephalantha	angiosperms	152367	accession_api
Stephania_japonica	angiosperms	461633	accession_api
Stephania_yunnanensis	angiosperms	152371	accession_api
Stephanocyclus_meneghinianus	Protists	29205	accession_api
Stephanodiscus_triporus	Protists	2934178	accession_api
Stephanoeca_diplocostata	Protists	81535	name_search_full_name
Stereocaulon_virgatum	Fungi	373712	accession_api
Stereum_hirsutum_FP-91666_SS1	Fungi	721885	name_search_full_name
Stereum_hirsutum_FP91666_SS1	Fungi	721885	accession_api
Sternaspis_scutata	Metazoa	36133	metazoa_metadata
Sternophoridae_sp._MCZ_133496	Metazoa	2590522	metazoa_metadata
Sticta_canariensis	Fungi	243211	accession_api
Stictis_urceolata	Fungi	2704026	accession_api
Stipagrostis_hirtigluma	angiosperms	1137549	accession_api
Straminergon_stramineum	bryophytes	249548	accession_api
Striga_asiatica	angiosperms	4170	accession_api
Striga_hermonthica	angiosperms	68872	accession_api
Strigamia_acuminata	Metazoa	1255758	accession_api
Strigramia_maritima	Metazoa	126957	accession_api
Stromatinia_cepivora	Fungi	38492	accession_api
Struwela_camposi	Metazoa	2859449	metazoa_metadata
Stygiomarasmius_scandens	Fungi	2682957	accession_api
Stylodrilus_heringianus	Metazoa	77571	metazoa_metadata
Stylomenia_sulcodoryata	Metazoa	2137292	metazoa_metadata
Stylonectria_norvegica	Fungi	1736662	accession_api
Stylonychia_lemnae	Protists	5949	accession_api
Stylopallene_cheilorhynchus	Metazoa	1216044	metazoa_metadata
Stylosanthes_scabra	angiosperms	79078	accession_api
Sugiyamaella_lignohabitans	Fungi	796027	accession_api
Suhomyces_tanzawaensis_NRRL_Y-17324	Fungi	984487	name_search_full_name
Suhomyces_tanzawaensis_NRRL_Y17324	Fungi	984487	accession_api
Suillus_americanus	Fungi	48561	accession_api
Suillus_ampliporus	Fungi	1912932	accession_api
Suillus_bovinus	Fungi	48563	accession_api
Suillus_brevipes_Sb2	Fungi	1400700	accession_api
Suillus_clintonianus	Fungi	1904413	accession_api
Suillus_cothurnatus	Fungi	48568	accession_api
Suillus_decipiens	Fungi	48569	accession_api
Suillus_discolor	Fungi	1912936	accession_api
Suillus_fuscotomentosus	Fungi	1912939	accession_api
Suillus_hirtellus	Fungi	279518	accession_api
Suillus_lakei	Fungi	48574	accession_api
Suillus_luteus_UH-Slu-Lm8-n1	Fungi	930992	name_search_full_name
Suillus_luteus_UHSluLm8n1	Fungi	930992	accession_api
Suillus_occidentalis	Fungi	756607	accession_api
Suillus_paluster	Fungi	48578	accession_api
Suillus_placidus	Fungi	48579	accession_api
Suillus_plorans	Fungi	116603	accession_api
Suillus_spraguei	Fungi	5383	accession_api
Suillus_subalutaceus	Fungi	48586	accession_api
Suillus_subaureus	Fungi	48587	accession_api
Suillus_subluteus	Fungi	48588	accession_api
Suillus_tomentosus	Fungi	48589	accession_api
Suillus_variegatus	Fungi	48592	accession_api
Suillus_weaverae	Fungi	48593	accession_api
Sungouiella_intermedia	Fungi	45354	accession_api
Superstitionia_donensis	Metazoa	311983	metazoa_metadata
Sycon_ciliatum	Metazoa	27933	accession_api
Syllis_gracilis	Metazoa	418370	metazoa_metadata
Symbiochloris_irregularis	chlorophyta	706552	accession_api
Symbiodinium_natans	Protists	878477	accession_api
Symbiodinium_necroappetens	Protists	1628268	accession_api
Symbion_pandora	Metazoa	69817	metazoa_metadata
Symphylella_sp._AD-2014	Metazoa	1519114	metazoa_metadata
Sympodiomycopsis_kandeliae	Fungi	574677	accession_api
Symsagittifera_roscoffensis	Metazoa	84072	accession_api
Synaphobranchus_kaupii	Metazoa	118154	accession_api
Syncephalastrum_racemosum	Fungi	13706	accession_api
Syncephalis_fuscata	Fungi	1851187	accession_api
Syncephalis_plumigaleata	Fungi	1851185	accession_api
Syncephalis_pseudoplumigaleata	Fungi	1712513	accession_api
Synchytrium_endobioticum	Fungi	286115	accession_api
Synchytrium_microbalum	Fungi	1806994	accession_api
Synsphyronus_apimelus	Metazoa	534689	metazoa_metadata
Syssomonas_multiformis	Protists	2006709	name_search_full_name
Syzygium_grande	angiosperms	1042139	accession_api
Syzygium_oleosum	angiosperms	219896	accession_api
Tachyglossus_aculeatus	Metazoa	9261	accession_api
Tachypleus_gigas	Metazoa	6852	metazoa_metadata
Tachypleus_tridentatus	Metazoa	6853	accession_api
Tagetes_erecta	angiosperms	13708	accession_api
Takakia_lepidozioides	bryophytes	37425	accession_api
Talaromyces_amestolkiae	Fungi	1196081	accession_api
Talaromyces_atroroseus	Fungi	1441469	accession_api
Talaromyces_islandicus	Fungi	28573	accession_api
Talaromyces_marneffei	Fungi	37727	accession_api
Talaromyces_proteolyticus	Fungi	1131652	accession_api
Talaromyces_rugulosus	Fungi	121627	accession_api
Talaromyces_stipitatus_ATCC_10500	Fungi	441959	accession_api
Talitrus_saltator	Metazoa	191375	metazoa_metadata
Tanacetum_coccineum	angiosperms	301880	accession_api
Tanaella_kommritzia	Metazoa	2823073	metazoa_metadata
Tanystylum_orbiculare	Metazoa	88027	metazoa_metadata
Taraxacum_koksaghyz	angiosperms	333970	accession_api
Tarenaya_hassleriana	angiosperms	28532	accession_api
Tasmannia_lanceolata	angiosperms	3420	accession_api
Taxus_chinensis	gymnosperms	29808	accession_api
Taxus_wallichiana	gymnosperms	2778344	accession_api
Telopea_speciosissima	angiosperms	54955	accession_api
Teloschistes_chrysophthalmus	Fungi	1445009	accession_api
Teloschistes_exilis	Fungi	271840	accession_api
Teloschistes_flavicans	Fungi	442469	accession_api
Teloschistes_hypoglaucus	Fungi	1300024	accession_api
Teloschistes_peruensis	Fungi	2903223	accession_api
Tengella_radiata	Metazoa	389058	metazoa_metadata
Tephrocybe_rancida	Fungi	117070	accession_api
Teratosphaeria_nubilosa	Fungi	161662	accession_api
Terebellides_stroemi	Metazoa	1037239	metazoa_metadata
Terebratalia_transversa	Metazoa	34513	metazoa_metadata
Terfezia_boudieri_ATCC_MYA-4762	Fungi	1051890	name_search_full_name
Terfezia_boudieri_ATCC_MYA4762	Fungi	1051890	accession_api
Terfezia_claveryi	Fungi	139407	accession_api
Terminoflustra_membranaceotruncata	Metazoa	2718619	metazoa_metadata
Testicularia_cyperi	Fungi	1882483	accession_api
Tetrabaena_socialis	chlorophyta	47790	accession_api
Tetracentron_sinense	angiosperms	13715	accession_api
Tetraclita_japonica	Metazoa	240496	metazoa_metadata
Tetradesmus_obliquus	chlorophyta	3088	accession_api
Tetrahymena_malaccensis	Protists	5901	accession_api
Tetrahymena_thermophila_SB210	Protists	312017	accession_api
Tetranychus_cinnabarinus	Metazoa	93129	accession_api
Tetranychus_urticae	Metazoa	32264	accession_api
Tetraparma_gracilis	Protists	2962635	accession_api
Tetrapisispora_phaffii_CBS_4417	Fungi	1071381	accession_api
Tetrapyrgos_nigripes	Fungi	182062	accession_api
Tetrastemma_longissimum	Metazoa	307676	metazoa_metadata
Tetrastemma_melanocephalum	Metazoa	307678	accession_api
Tetrastigma_harmandii	angiosperms	1932026	accession_api
Tetrastigma_loheri	angiosperms	1006131	accession_api
Tetrastigma_magnum	angiosperms	1932020	accession_api
Tetrastigma_scariosum	angiosperms	1932022	accession_api
Tetrastigma_voinierianum	angiosperms	345143	accession_api
Tetrix_subulata	Metazoa	288127	metazoa_metadata
Thalassiosira_exigua	Protists	2934189	accession_api
Thalassiosira_profunda	Protists	376140	accession_api
Thalassiosira_pseudonana_CCMP1335	Protists	296543	accession_api
Thalictrum_thalictroides	angiosperms	46969	accession_api
Thamnidium_elegans	Fungi	101142	accession_api
Thamnocephalis_sphaerospora	Fungi	78915	accession_api
Theatops_spinicaudus	Metazoa	1816096	metazoa_metadata
Theba_pisana	Metazoa	145622	metazoa_metadata
Thecaphora_frezii	Fungi	1269715	accession_api
Theileria_annulata	Protists	5874	accession_api
Theileria_equi_strain_WA	Protists	1537102	accession_api
Theileria_orientalis_strain_Shintoku	Protists	869250	accession_api
Theileria_parva_strain_Muguga	Protists	333668	accession_api
Thelephora_ganbajun	Fungi	370292	accession_api
Thelephora_terrestris	Fungi	56493	accession_api
Thelocarpon_impressellum	Fungi	1116844	accession_api
Thelocarpon_superellum	Fungi	2939404	accession_api
Thelonectria_olida	Fungi	1576542	accession_api
Thelotrema_lepadinum	Fungi	209281	accession_api
Theobroma_cacao	angiosperms	3641	accession_api
Thereuonema_tuberculata	Metazoa	353554	accession_api
Theridiosoma_savannum	Metazoa	2080868	metazoa_metadata
Thermoascus_aurantiacus_ATCC_26904	Fungi	1133049	accession_api
Thermoascus_crustaceus	Fungi	5088	accession_api
Thermoascus_thermophilus	Fungi	1131473	accession_api
Thermobia_domestica	Metazoa	89055	accession_api
Thermocarpiscus_australiensis	Fungi	113626	accession_api
Thermochaetoides_thermophila_DSM_1495	Fungi	759272	accession_api
Thermomyces_dupontii	Fungi	28565	accession_api
Thermomyces_lanuginosus	Fungi	5541	accession_api
Thermomyces_stellatus	Fungi	2075419	accession_api
Thermothelomyces_fergusii	Fungi	2588716	accession_api
Thermothelomyces_heterothallicus_CBS_202.75	Fungi	1149848	accession_api
Thermothelomyces_hinnuleus	Fungi	225406	accession_api
Thermothelomyces_myriococcoides	Fungi	2588717	accession_api
Thermothelomyces_thermophilus_ATCC_42464	Fungi	573729	accession_api
Thermothielavioides_terrestris_NRRL_8126	Fungi	578455	accession_api
Theromaster_sp._RF-2017	Metazoa	1955777	metazoa_metadata
Thlaspi_arvense	angiosperms	13288	accession_api
Thoracophelia_mucronata	Metazoa	1280055	metazoa_metadata
Thoreauomyces_humboldtii	Fungi	1396496	accession_api
Thrasychirus_gulosus	Metazoa	1160271	metazoa_metadata
Thraustotheca_clavata	Protists	74557	accession_api
Thrips_palmi	Metazoa	161013	accession_api
Thuidium_tamariscinum	bryophytes	67428	accession_api
Thuja_plicata	gymnosperms	3316	name_search_full_name
Thuridilla_gracilis	Metazoa	483958	metazoa_metadata
Thyridium_curvatum	Fungi	1093900	accession_api
Thysanoessa_inermis	Metazoa	210626	metazoa_metadata
Tieghemiomyces_parasiticus	Fungi	78921	accession_api
Tigriopus_californicus	Metazoa	6832	accession_api
Tigriopus_japonicus	Metazoa	158387	accession_api
Tillandsia_fasciculata	angiosperms	220113	accession_api
Tillandsia_leiboldiana	angiosperms	1842917	accession_api
Tilletia_controversa	Fungi	13291	accession_api
Tilletia_laevis	Fungi	157183	accession_api
Tilletia_maclaganii	Fungi	1031713	accession_api
Tilletia_walkeri	Fungi	117179	accession_api
Tilletiaria_anomala_UBC_951	Fungi	1037660	accession_api
Tilletiopsis_washingtonensis	Fungi	58919	accession_api
Timema_californicum	Metazoa	61474	accession_api
Timspurckia_oligopyrenoides	Rhodophyta	708627	name_search_full_name
Tirmania_nivea	Fungi	160517	accession_api
Titiscania_limacina	Metazoa	200181	metazoa_metadata
Tobrilus_sp.	Metazoa	2490278	metazoa_metadata
Toensbergia_leucococca	Fungi	1453789	accession_api
Tolypocladium_capitatum	Fungi	45235	accession_api
Tolypocladium_ophioglossoides_CBS_100239	Fungi	1163406	accession_api
Tolypocladium_paradoxum	Fungi	94208	accession_api
Tomocerus_qinae	Metazoa	1765738	accession_api
Tomopteris_sp._ET-2021	Metazoa	2863090	metazoa_metadata
Tonicella_lineata	Metazoa	256058	accession_api
Torreya_grandis	gymnosperms	58047	name_search_full_name
Tortispora_caseinolytica_NRRL_Y-17796	Fungi	767744	name_search_full_name
Tortispora_caseinolytica_NRRL_Y17796	Fungi	767744	accession_api
Torulaspora_delbrueckii	Fungi	4950	accession_api
Torulaspora_globosa	Fungi	48254	accession_api
Tothia_fuscella	Fungi	1048955	accession_api
Toxoplasma_gondii_ME49	Protists	508771	accession_api
Trachipleistophora_hominis	Fungi	72359	accession_api
Trametes_cingulata	Fungi	575983	accession_api
Trametes_cinnabarina	Fungi	5643	accession_api
Trametes_coccinea_BRFM310	Fungi	1353009	accession_api
Trametes_cubensis	Fungi	1111947	accession_api
Trametes_elegans	Fungi	526244	accession_api
Trametes_maxima	Fungi	259368	accession_api
Trametes_meyenii	Fungi	526243	accession_api
Trametes_polyzona	Fungi	239206	accession_api
Trametes_pubescens	Fungi	154538	accession_api
Trametes_punicea	Fungi	571087	accession_api
Trametes_sanguinea	Fungi	158606	accession_api
Trametes_versicolor_FP-101664_SS1	Fungi	717944	name_search_full_name
Trametes_versicolor_FP101664_SS1	Fungi	717944	accession_api
Trametopsis_cervina	Fungi	1111950	accession_api
Trapa_natans	angiosperms	22666	accession_api
Trapelia_coarctata	Fungi	129515	accession_api
Travisiopsis_sp._ET-2021	Metazoa	2863091	metazoa_metadata
Trema_orientale	angiosperms	63057	accession_api
Trematosphaeria_pertusa	Fungi	390896	accession_api
Tremella_mesenterica_DSM_1558	Fungi	578456	accession_api
Triangularia_setosa	Fungi	2587417	accession_api
Triangularia_verruculosa	Fungi	2587418	accession_api
Tribolium_castaneum	Metazoa	7070	accession_api
Tribonema_minus	Protists	303371	accession_api
Tricharina_praecox	Fungi	43433	accession_api
Trichobranchus_roseus	Metazoa	2248427	metazoa_metadata
Trichocladium_antarcticum	Fungi	1450529	accession_api
Trichocorixa_calva	Metazoa	1585305	metazoa_metadata
Trichodelitschia_bisporula	Fungi	703511	accession_api
Trichoderma_aethiopicum	Fungi	1195187	accession_api
Trichoderma_afarasin	Fungi	1571655	accession_api
Trichoderma_afroharzianum	Fungi	1567482	accession_api
Trichoderma_aggressivum_f._europaeum	Fungi	173218	accession_api
Trichoderma_asperelloides	Fungi	702382	accession_api
Trichoderma_asperellum	Fungi	101201	accession_api
Trichoderma_atroviride	Fungi	63577	accession_api
Trichoderma_austrokoningii	Fungi	362043	accession_api
Trichoderma_barbatum	Fungi	911154	accession_api
Trichoderma_breve	Fungi	2034170	accession_api
Trichoderma_camerunense	Fungi	1738374	accession_api
Trichoderma_ceciliae	Fungi	1491460	accession_api
Trichoderma_chlorosporum	Fungi	257799	accession_api
Trichoderma_citrinoviride	Fungi	58853	accession_api
Trichoderma_compactum	Fungi	1490983	accession_api
Trichoderma_cornu-damae	Fungi	654480	name_search_full_name
Trichoderma_cornudamae	Fungi	654480	accession_api
Trichoderma_evansii	Fungi	549676	accession_api
Trichoderma_gamsii	Fungi	398673	accession_api
Trichoderma_ghanense	Fungi	65468	accession_api
Trichoderma_gracile	Fungi	1195189	accession_api
Trichoderma_guizhouense	Fungi	1491466	accession_api
Trichoderma_harzianum_CBS_226.95	Fungi	983964	accession_api
Trichoderma_lentiforme	Fungi	1567552	accession_api
Trichoderma_novae-zelandiae	Fungi	173947	name_search_full_name
Trichoderma_novaezelandiae	Fungi	173947	accession_api
Trichoderma_parareesei	Fungi	858221	accession_api
Trichoderma_pleuroticola	Fungi	504485	accession_api
Trichoderma_reesei_QM6a	Fungi	431241	accession_api
Trichoderma_semiorbis	Fungi	1491008	accession_api
Trichoderma_simmonsii	Fungi	1491479	accession_api
Trichoderma_velutinum	Fungi	202918	accession_api
Trichoderma_virens_Gv29-8	Fungi	413071	name_search_full_name
Trichoderma_virens_Gv298	Fungi	413071	accession_api
Trichodrilus_strandi	Metazoa	1736119	metazoa_metadata
Trichoglossum_hirsutum	Fungi	265104	accession_api
Tricholepidion_gertschi	Metazoa	89825	metazoa_metadata
Tricholoma_furcatifolium	Fungi	2724999	accession_api
Tricholomella_constricta	Fungi	117010	accession_api
Trichomonascus_vanleenenianus	Fungi	2268995	accession_api
Trichophaea_hybrida	Fungi	47213	accession_api
Trichophyton_benhamiae_CBS_112371	Fungi	663331	accession_api
Trichophyton_equinum_CBS_127.97	Fungi	559882	accession_api
Trichophyton_rubrum_CBS_118892	Fungi	559305	accession_api
Trichophyton_verrucosum_HKI_0517	Fungi	663202	accession_api
Trichoplax_sp._H2	Metazoa	287889	metazoa_metadata
Trichosporon_asahii_var._asahii_CBS_2479	Fungi	1186058	accession_api
Trichothecium_roseum	Fungi	47278	accession_api
Tricladium_varicosporioides	Fungi	2075069	accession_api
Trifolium_medium	angiosperms	97028	accession_api
Trifolium_pratense	angiosperms	57577	accession_api
Trifolium_repens	angiosperms	3899	accession_api
Trigoniulus_corallinus	Metazoa	1366115	accession_api
Trilobodrilus_axi	Metazoa	188474	metazoa_metadata
Trinorchestia_longiramus	Metazoa	1923959	accession_api
Triops_cancriformis	Metazoa	194544	accession_api
Triops_granarius	Metazoa	109777	accession_api
Triops_longicaudatus	Metazoa	58777	accession_api
Triops_newberryi	Metazoa	1048741	metazoa_metadata
Triparma_columacea	Protists	722753	accession_api
Triparma_laevis_f._inornata	Protists	1714386	accession_api
Triparma_retinervis	Protists	2557542	accession_api
Triparma_strigata	Protists	1606541	accession_api
Triparma_verrucosa	Protists	1606542	accession_api
Tripterygium_wilfordii	angiosperms	458696	accession_api
Triticum_aestivum	angiosperms	4565	accession_api
Triticum_dicoccoides	angiosperms	85692	accession_api
Triticum_urartu	angiosperms	4572	accession_api
Trochus_nigropunctatus	Metazoa	2950569	metazoa_metadata
Troglodrilus_jugeti	Metazoa	2507403	metazoa_metadata
Troglokhammouanus_steineri	Metazoa	1577154	metazoa_metadata
Trogulus_martensi	Metazoa	591623	metazoa_metadata
Tropilaelaps_mercedesae	Metazoa	418985	accession_api
Truncatella_angustata	Fungi	152316	accession_api
Trypethelium_subeluteriae	Fungi	364730	accession_api
Tuber_aestivum	Fungi	59557	accession_api
Tuber_borchii	Fungi	42251	accession_api
Tuber_brumale	Fungi	60458	accession_api
Tuber_magnatum	Fungi	42249	accession_api
Tuber_melanosporum	Fungi	39416	accession_api
Tubulanus_polymorphus	Metazoa	672921	accession_api
Tubulideres_seminoli	Metazoa	1564091	metazoa_metadata
Tubulinosema_ratisbonensis	Fungi	291195	accession_api
Tulasnella_calospora_MUT_4182	Fungi	1051891	accession_api
Turbatrix_aceti	Metazoa	114909	accession_api
Turnera_subulata	angiosperms	218843	accession_api
Tygarrup_javanicus	Metazoa	863634	metazoa_metadata
Tylopilus_felleus	Fungi	98230	accession_api
Typha_angustifolia	angiosperms	59011	accession_api
Typha_latifolia	angiosperms	4733	accession_api
Ulmus_minor	angiosperms	262084	accession_api
Ulota_crispa	bryophytes	140636	accession_api
Ulva_prolifera	chlorophyta	3117	accession_api
Umbelopsis_isabellina	Fungi	91625	accession_api
Umbelopsis_nana	Fungi	64526	accession_api
Umbelopsis_ramanniana_AG	Fungi	1314678	accession_api
Umbelopsis_vinacea	Fungi	44442	accession_api
Umbilicaria_vellea	Fungi	87287	accession_api
Uncinocarpus_reesii_1704	Fungi	336963	accession_api
Undaria_pinnatifida	Fungi	74381	name_search_full_name
Uperoleia_mahonyi	Metazoa	1855665	metazoa_metadata
Upogebia_africana	Metazoa	1792266	metazoa_metadata
Urochloa_decumbens	angiosperms	240449	accession_api
Urochloa_humidicola	angiosperms	240451	accession_api
Uroctonites_huachuca	Metazoa	2511127	metazoa_metadata
Uroctonus_mordax	Metazoa	507508	metazoa_metadata
Urodacus_elongatus	Metazoa	2341116	metazoa_metadata
Usnea_florida	Fungi	111620	accession_api
Usnochroma_carphineum	Fungi	1301586	accession_api
Ustilaginoidea_virens	Fungi	1159556	accession_api
Ustilago_bromivora	Fungi	307758	accession_api
Ustilago_hordei	Fungi	120017	accession_api
Ustilago_loliicola	Fungi	2031085	accession_api
Ustilago_nuda	Fungi	86802	accession_api
Ustilago_trichophora	Fungi	86804	accession_api
Ustilago_tritici	Fungi	117174	accession_api
Ustulina_deusta	Fungi	110526	accession_api
Utricularia_aurea	angiosperms	192275	accession_api
Vaccinium_darrowii	angiosperms	229202	accession_api
Vaejovis_mexicanus	Metazoa	993612	metazoa_metadata
Vairimorpha_apis_BRL_01	Fungi	1037528	accession_api
Vairimorpha_bombi	Fungi	40135	accession_api
Vairimorpha_ceranae	Fungi	40302	accession_api
Vairimorpha_necatrix	Fungi	6039	accession_api
Vampyroteuthis_infernalis	Metazoa	55288	accession_api
Vanderwaltozyma_polyspora_DSM_70294	Fungi	436907	accession_api
Vanrija_albida	Fungi	181172	accession_api
Vanrija_humicola	Fungi	5417	accession_api
Vanrija_pseudolonga	Fungi	143232	accession_api
Vararia_minispora_EC-137	Fungi	1314806	name_search_full_name
Vararia_minispora_EC137	Fungi	1314806	accession_api
Vargula_hilgendorfii	Metazoa	6674	metazoa_metadata
Varicellaria_rhodocarpa	Fungi	160984	accession_api
Variospora_aurantia	Fungi	1301589	accession_api
Variospora_fuerteventurae	Fungi	3058865	accession_api
Variospora_velana	Fungi	1301595	accession_api
Varroa_destructor	Metazoa	109461	accession_api
Varroa_jacobsoni	Metazoa	62625	accession_api
Vavraia_culicis_subsp._floridensis	Fungi	948595	accession_api
Venturia_effusa	Fungi	50376	accession_api
Venturia_nashicola	Fungi	86259	accession_api
Venustampulla_echinocandica	Fungi	2656787	accession_api
Vermiconidia_calcicola	Fungi	1690605	accession_api
Verruconis_gallopava	Fungi	253628	accession_api
Verticillium_alfalfae_VaMs.102	Fungi	526221	accession_api
Verticillium_dahliae_VdLs.17	Fungi	498257	accession_api
Verticillium_nonalfalfae	Fungi	1051616	accession_api
Vezdaea_acicularis	Fungi	2939408	accession_api
Vezdaea_aestivalis	Fungi	2939405	accession_api
Vicia_faba	angiosperms	3906	accession_api
Vicia_villosa	angiosperms	3911	accession_api
Victoria_cruziana	angiosperms	4421	accession_api
Vigna_angularis	angiosperms	3914	accession_api
Vigna_mungo	angiosperms	3915	accession_api
Vigna_radiata	angiosperms	3916	accession_api
Vigna_umbellata	angiosperms	87088	accession_api
Vigna_unguiculata	angiosperms	3917	accession_api
Villophora_microphyllina	Fungi	2797858	accession_api
Violaceomyces_palustris	Fungi	1673888	accession_api
Viridothelium_virens	Fungi	1048519	accession_api
Vitis_riparia	angiosperms	96939	accession_api
Vitis_vinifera	angiosperms	29760	accession_api
Vitrella_brassicaformis	Protists	1169539	accession_api
Vittaforma_corneae_ATCC_50505	Fungi	993615	accession_api
Volvox_africanus	chlorophyta	51714	accession_api
Volvox_carteri	chlorophyta	3068	accession_api
Volvox_reticuliferus	chlorophyta	1737510	accession_api
Wallemia_canadensis	Fungi	1708542	accession_api
Wallemia_hederae	Fungi	1540922	accession_api
Wallemia_ichthyophaga_EXF-994	Fungi	1299270	name_search_full_name
Wallemia_ichthyophaga_EXF994	Fungi	1299270	accession_api
Wallemia_mellicola_CBS_633.66	Fungi	671144	accession_api
Warburgia_ugandensis	angiosperms	549619	accession_api
Watersipora_subtorquata	Metazoa	193294	metazoa_metadata
Watsoniomyces_obsoletus	Fungi	2796175	accession_api
Welwitschia_mirabilis	gymnosperms	3377	name_search_full_name
Westerdykella_ornata	Fungi	318751	accession_api
Wetmoreana_brouardii	Fungi	1696787	accession_api
Whalleya_microplaca	Fungi	110547	accession_api
Whitmania_pigra	Metazoa	486152	accession_api
Wickerhamiella_sorbophila	Fungi	45607	accession_api
Wickerhamomyces_anomalus_NRRL_Y-366-8	Fungi	4927	name_search_full_name
Wickerhamomyces_anomalus_NRRL_Y3668	Fungi	4927	accession_api
Wickerhamomyces_ciferrii	Fungi	1041607	accession_api
Wilcoxina_mikolae_CBS_423.85	Fungi	1314677	accession_api
Williamia_peltoides	Metazoa	1522360	metazoa_metadata
Withania_somnifera	angiosperms	126910	accession_api
Wolffia_australiana	angiosperms	161112	accession_api
Xanthocarpia_lactea	Fungi	3020609	accession_api
Xanthocarpia_ochracea	Fungi	479100	accession_api
Xanthoceras_sorbifolium	angiosperms	99658	accession_api
Xanthoria_aureola	Fungi	262315	accession_api
Xanthoria_calcicola	Fungi	116982	accession_api
Xanthoria_mediterranea	Fungi	408593	accession_api
Xanthoria_steineri	Fungi	2905939	accession_api
Xenopus_laevis	Metazoa	8355	accession_api
Xenopus_tropicalis	Metazoa	8364	accession_api
Xenos_vesparum	Metazoa	31928	metazoa_metadata
Xenoturbella_bocki	Metazoa	242395	metazoa_metadata
Xenoturbella_profunda	Metazoa	1736633	metazoa_metadata
Xibalbanus_tulumensis	Metazoa	1519145	metazoa_metadata
Xiphophorus_couchianus	Metazoa	32473	accession_api
Xylaria_acuta	Fungi	114808	accession_api
Xylaria_arbuscula	Fungi	114810	accession_api
Xylaria_bambusicola	Fungi	326684	accession_api
Xylaria_castorea	Fungi	114812	accession_api
Xylaria_cubensis	Fungi	114814	accession_api
Xylaria_curta	Fungi	42375	accession_api
Xylaria_digitata	Fungi	323540	accession_api
Xylaria_flabelliformis	Fungi	2512241	accession_api
Xylaria_intraflava	Fungi	492091	accession_api
Xylaria_longipes	Fungi	114818	accession_api
Xylaria_multiplex	Fungi	323545	accession_api
Xylaria_nigripes	Fungi	490159	accession_api
Xylaria_palmicola	Fungi	665665	accession_api
Xylaria_polymorpha	Fungi	77046	accession_api
Xylaria_scruposa	Fungi	743287	accession_api
Xylaria_telfairii	Fungi	477509	accession_api
Xylaria_venustula	Fungi	743302	accession_api
Xylographa_bjoerkii	Fungi	1590129	accession_api
Xylographa_carneopallida	Fungi	1590122	accession_api
Xylographa_opegraphella	Fungi	1453797	accession_api
Xylographa_pallens	Fungi	1590118	accession_api
Xylographa_parallela	Fungi	1453798	accession_api
Xylographa_soralifera	Fungi	1590126	accession_api
Xylographa_trunciseda	Fungi	1453799	accession_api
Xylographa_vitiligo	Fungi	223429	accession_api
Xylona_heveae_TC161	Fungi	1328760	accession_api
Yamadazyma_tenuis	Fungi	2315449	accession_api
Yarrowia_lipolytica	Fungi	4952	accession_api
Zalaria_obscura	Fungi	2024903	accession_api
Zalerion_maritima	Fungi	339359	accession_api
Zasmidium_cellare_ATCC_36951	Fungi	1080233	accession_api
Zea_mays	angiosperms	4577	accession_api
Zelinkaderes_brightae	Metazoa	1564080	metazoa_metadata
Zelinkaderes_yong	Metazoa	2835552	metazoa_metadata
Zerene_cesonia	Metazoa	33412	accession_api
Zingiber_officinale	angiosperms	94328	accession_api
Zizania_palustris	angiosperms	103762	accession_api
Ziziphus_jujuba	angiosperms	326968	accession_api
Zootermopsis_nevadensis	Metazoa	136037	accession_api
Zopfia_rhizophila_CBS_207.26	Fungi	1314779	accession_api
Zopfochytrium_polystomum	Fungi	2211651	accession_api
Zostera_marina	angiosperms	29655	accession_api
Zoysia_sinica	angiosperms	1043351	accession_api
Zychaea_mexicana	Fungi	64656	accession_api
Zygosaccharomyces_bisporus	Fungi	4957	accession_api
Zygosaccharomyces_parabailii	Fungi	1365886	accession_api
Zygosaccharomyces_rouxii	Fungi	4956	accession_api
Zygotorulaspora_mrakii	Fungi	42260	accession_api
Zymoseptoria_tritici_IPO323	Fungi	336722	accession_api
[Ashbya]_aceris_(nom._inval.)	Fungi	566037	accession_api
[Candida]_anglica	Fungi	148631	accession_api
[Candida]_arabinofermentans_NRRL_YB-2248	Fungi		unresolved
[Candida]_jaroonii	Fungi	467808	accession_api
[Candida]_railenensis	Fungi	45579	accession_api
[Candida]_subhashii	Fungi	561895	accession_api
[Emmonsia]_crescens	Fungi	73230	accession_api
[Neocosmospora]_mangrovei	Fungi	2954835	accession_api
[Pythium]_brassicae_(nom._inval.)	Protists	1485010	accession_api
[Torrubiella]_hemipterigena	Fungi	1531966	accession_api
